This is XeTeX, Version 3.141592653-2.6-0.999994 (TeX Live 2022) (preloaded format=xelatex 2022.6.28)  26 NOV 2025 19:28
entering extended mode
 restricted \write18 enabled.
 %&-line parsing enabled.
**Chapter_051.tex
(./Chapter_051.tex
LaTeX2e <2021-11-15> patch level 1
L3 programming layer <2022-02-24>
! Undefined control sequence.
l.1 \chapter
            {基于监督学习的智能协议与参数联合选择方法}
The control sequence at the end of the top line
of your error message was never \def'ed. If you have
misspelled it (e.g., `\hobx'), type `I' and the correct
spelling (e.g., `I\hbox'). Otherwise just continue,
and I'll forget about whatever was undefined.


! LaTeX Error: Missing \begin{document}.

See the LaTeX manual or LaTeX Companion for explanation.
Type  H <return>  for immediate help.
 ...                                              
                                                  
l.1 \chapter{基
              于监督学习的智能协议与参数联合选择方法}
You're in trouble here.  Try typing  <return>  to proceed.
If that doesn't work, type  X <return>  to quit.

Missing character: There is no 基 ("57FA) in font nullfont!
Missing character: There is no 于 ("4E8E) in font nullfont!
Missing character: There is no 监 ("76D1) in font nullfont!
Missing character: There is no 督 ("7763) in font nullfont!
Missing character: There is no 学 ("5B66) in font nullfont!
Missing character: There is no 习 ("4E60) in font nullfont!
Missing character: There is no 的 ("7684) in font nullfont!
Missing character: There is no 智 ("667A) in font nullfont!
Missing character: There is no 能 ("80FD) in font nullfont!
Missing character: There is no 协 ("534F) in font nullfont!
Missing character: There is no 议 ("8BAE) in font nullfont!
Missing character: There is no 与 ("4E0E) in font nullfont!
Missing character: There is no 参 ("53C2) in font nullfont!
Missing character: There is no 数 ("6570) in font nullfont!
Missing character: There is no 联 ("8054) in font nullfont!
Missing character: There is no 合 ("5408) in font nullfont!
Missing character: There is no 选 ("9009) in font nullfont!
Missing character: There is no 择 ("62E9) in font nullfont!
Missing character: There is no 方 ("65B9) in font nullfont!
Missing character: There is no 法 ("6CD5) in font nullfont!

Overfull \hbox (20.0pt too wide) in paragraph at lines 1--3
[]
 []


! LaTeX Error: Missing \begin{document}.

See the LaTeX manual or LaTeX Companion for explanation.
Type  H <return>  for immediate help.
 ...                                              
                                                  
l.4 现
     代无线网络，特别是物联网（IoT）场景，面临着日益复杂多变的业务需求。不同业务在接入密度、数据包长度、延迟敏感度等方面存在显著差异，加之网络负...

You're in trouble here.  Try typing  <return>  to proceed.
If that doesn't work, type  X <return>  to quit.

Missing character: There is no 现 ("73B0) in font nullfont!
Missing character: There is no 代 ("4EE3) in font nullfont!
Missing character: There is no 无 ("65E0) in font nullfont!
Missing character: There is no 线 ("7EBF) in font nullfont!
Missing character: There is no 网 ("7F51) in font nullfont!
Missing character: There is no 络 ("7EDC) in font nullfont!
Missing character: There is no ， ("FF0C) in font nullfont!
Missing character: There is no 特 ("7279) in font nullfont!
Missing character: There is no 别 ("522B) in font nullfont!
Missing character: There is no 是 ("662F) in font nullfont!
Missing character: There is no 物 ("7269) in font nullfont!
Missing character: There is no 联 ("8054) in font nullfont!
Missing character: There is no 网 ("7F51) in font nullfont!
Missing character: There is no （ ("FF08) in font nullfont!
Missing character: There is no I ("49) in font nullfont!
Missing character: There is no o ("6F) in font nullfont!
Missing character: There is no T ("54) in font nullfont!
Missing character: There is no ） ("FF09) in font nullfont!
Missing character: There is no 场 ("573A) in font nullfont!
Missing character: There is no 景 ("666F) in font nullfont!
Missing character: There is no ， ("FF0C) in font nullfont!
Missing character: There is no 面 ("9762) in font nullfont!
Missing character: There is no 临 ("4E34) in font nullfont!
Missing character: There is no 着 ("7740) in font nullfont!
Missing character: There is no 日 ("65E5) in font nullfont!
Missing character: There is no 益 ("76CA) in font nullfont!
Missing character: There is no 复 ("590D) in font nullfont!
Missing character: There is no 杂 ("6742) in font nullfont!
Missing character: There is no 多 ("591A) in font nullfont!
Missing character: There is no 变 ("53D8) in font nullfont!
Missing character: There is no 的 ("7684) in font nullfont!
Missing character: There is no 业 ("4E1A) in font nullfont!
Missing character: There is no 务 ("52A1) in font nullfont!
Missing character: There is no 需 ("9700) in font nullfont!
Missing character: There is no 求 ("6C42) in font nullfont!
Missing character: There is no 。 ("3002) in font nullfont!
Missing character: There is no 不 ("4E0D) in font nullfont!
Missing character: There is no 同 ("540C) in font nullfont!
Missing character: There is no 业 ("4E1A) in font nullfont!
Missing character: There is no 务 ("52A1) in font nullfont!
Missing character: There is no 在 ("5728) in font nullfont!
Missing character: There is no 接 ("63A5) in font nullfont!
Missing character: There is no 入 ("5165) in font nullfont!
Missing character: There is no 密 ("5BC6) in font nullfont!
Missing character: There is no 度 ("5EA6) in font nullfont!
Missing character: There is no 、 ("3001) in font nullfont!
Missing character: There is no 数 ("6570) in font nullfont!
Missing character: There is no 据 ("636E) in font nullfont!
Missing character: There is no 包 ("5305) in font nullfont!
Missing character: There is no 长 ("957F) in font nullfont!
Missing character: There is no 度 ("5EA6) in font nullfont!
Missing character: There is no 、 ("3001) in font nullfont!
Missing character: There is no 延 ("5EF6) in font nullfont!
Missing character: There is no 迟 ("8FDF) in font nullfont!
Missing character: There is no 敏 ("654F) in font nullfont!
Missing character: There is no 感 ("611F) in font nullfont!
Missing character: There is no 度 ("5EA6) in font nullfont!
Missing character: There is no 等 ("7B49) in font nullfont!
Missing character: There is no 方 ("65B9) in font nullfont!
Missing character: There is no 面 ("9762) in font nullfont!
Missing character: There is no 存 ("5B58) in font nullfont!
Missing character: There is no 在 ("5728) in font nullfont!
Missing character: There is no 显 ("663E) in font nullfont!
Missing character: There is no 著 ("8457) in font nullfont!
Missing character: There is no 差 ("5DEE) in font nullfont!
Missing character: There is no 异 ("5F02) in font nullfont!
Missing character: There is no ， ("FF0C) in font nullfont!
Missing character: There is no 加 ("52A0) in font nullfont!
Missing character: There is no 之 ("4E4B) in font nullfont!
Missing character: There is no 网 ("7F51) in font nullfont!
Missing character: There is no 络 ("7EDC) in font nullfont!
Missing character: There is no 负 ("8D1F) in font nullfont!
Missing character: There is no 载 ("8F7D) in font nullfont!
Missing character: There is no 的 ("7684) in font nullfont!
Missing character: There is no 动 ("52A8) in font nullfont!
Missing character: There is no 态 ("6001) in font nullfont!
Missing character: There is no 变 ("53D8) in font nullfont!
Missing character: There is no 化 ("5316) in font nullfont!
Missing character: There is no ， ("FF0C) in font nullfont!
Missing character: There is no 使 ("4F7F) in font nullfont!
Missing character: There is no 得 ("5F97) in font nullfont!
Missing character: There is no 任 ("4EFB) in font nullfont!
Missing character: There is no 何 ("4F55) in font nullfont!
Missing character: There is no 单 ("5355) in font nullfont!
Missing character: There is no 一 ("4E00) in font nullfont!
Missing character: There is no 的 ("7684) in font nullfont!
Missing character: There is no 随 ("968F) in font nullfont!
Missing character: There is no 机 ("673A) in font nullfont!
Missing character: There is no 接 ("63A5) in font nullfont!
Missing character: There is no 入 ("5165) in font nullfont!
Missing character: There is no 协 ("534F) in font nullfont!
Missing character: There is no 议 ("8BAE) in font nullfont!
Missing character: There is no （ ("FF08) in font nullfont!
Missing character: There is no 如 ("5982) in font nullfont!
Missing character: There is no A ("41) in font nullfont!
Missing character: There is no L ("4C) in font nullfont!
Missing character: There is no O ("4F) in font nullfont!
Missing character: There is no H ("48) in font nullfont!
Missing character: There is no A ("41) in font nullfont!
Missing character: There is no 或 ("6216) in font nullfont!
Missing character: There is no C ("43) in font nullfont!
Missing character: There is no S ("53) in font nullfont!
Missing character: There is no M ("4D) in font nullfont!
Missing character: There is no A ("41) in font nullfont!
Missing character: There is no 类 ("7C7B) in font nullfont!
Missing character: There is no 协 ("534F) in font nullfont!
Missing character: There is no 议 ("8BAE) in font nullfont!
Missing character: There is no ） ("FF09) in font nullfont!
Missing character: There is no 都 ("90FD) in font nullfont!
Missing character: There is no 难 ("96BE) in font nullfont!
Missing character: There is no 以 ("4EE5) in font nullfont!
Missing character: There is no 在 ("5728) in font nullfont!
Missing character: There is no 所 ("6240) in font nullfont!
Missing character: There is no 有 ("6709) in font nullfont!
Missing character: There is no 条 ("6761) in font nullfont!
Missing character: There is no 件 ("4EF6) in font nullfont!
Missing character: There is no 下 ("4E0B) in font nullfont!
Missing character: There is no 持 ("6301) in font nullfont!
Missing character: There is no 续 ("7EED) in font nullfont!
Missing character: There is no 保 ("4FDD) in font nullfont!
Missing character: There is no 持 ("6301) in font nullfont!
Missing character: There is no 最 ("6700) in font nullfont!
Missing character: There is no 优 ("4F18) in font nullfont!
Missing character: There is no 性 ("6027) in font nullfont!
Missing character: There is no 能 ("80FD) in font nullfont!
Missing character: There is no 。 ("3002) in font nullfont!
Missing character: There is no 依 ("4F9D) in font nullfont!
Missing character: There is no 赖 ("8D56) in font nullfont!
Missing character: There is no 固 ("56FA) in font nullfont!
Missing character: There is no 定 ("5B9A) in font nullfont!
Missing character: There is no 协 ("534F) in font nullfont!
Missing character: There is no 议 ("8BAE) in font nullfont!
Missing character: There is no 与 ("4E0E) in font nullfont!
Missing character: There is no 静 ("9759) in font nullfont!
Missing character: There is no 态 ("6001) in font nullfont!
Missing character: There is no 参 ("53C2) in font nullfont!
Missing character: There is no 数 ("6570) in font nullfont!
Missing character: There is no 配 ("914D) in font nullfont!
Missing character: There is no 置 ("7F6E) in font nullfont!
Missing character: There is no 的 ("7684) in font nullfont!
Missing character: There is no 传 ("4F20) in font nullfont!
Missing character: There is no 统 ("7EDF) in font nullfont!
Missing character: There is no 设 ("8BBE) in font nullfont!
Missing character: There is no 计 ("8BA1) in font nullfont!
Missing character: There is no ， ("FF0C) in font nullfont!
Missing character: There is no 无 ("65E0) in font nullfont!
Missing character: There is no 法 ("6CD5) in font nullfont!
Missing character: There is no 同 ("540C) in font nullfont!
Missing character: There is no 时 ("65F6) in font nullfont!
Missing character: There is no 兼 ("517C) in font nullfont!
Missing character: There is no 顾 ("987E) in font nullfont!
Missing character: There is no 吞 ("541E) in font nullfont!
Missing character: There is no 吐 ("5410) in font nullfont!
Missing character: There is no 量 ("91CF) in font nullfont!
Missing character: There is no 、 ("3001) in font nullfont!
Missing character: There is no 时 ("65F6) in font nullfont!
Missing character: There is no 延 ("5EF6) in font nullfont!
Missing character: There is no 与 ("4E0E) in font nullfont!
Missing character: There is no 公 ("516C) in font nullfont!
Missing character: There is no 平 ("5E73) in font nullfont!
Missing character: There is no 性 ("6027) in font nullfont!
Missing character: There is no 等 ("7B49) in font nullfont!
Missing character: There is no 多 ("591A) in font nullfont!
Missing character: There is no 维 ("7EF4) in font nullfont!
Missing character: There is no 性 ("6027) in font nullfont!
Missing character: There is no 能 ("80FD) in font nullfont!
Missing character: There is no 指 ("6307) in font nullfont!
Missing character: There is no 标 ("6807) in font nullfont!
Missing character: There is no ， ("FF0C) in font nullfont!
Missing character: There is no 在 ("5728) in font nullfont!
Missing character: There is no 特 ("7279) in font nullfont!
Missing character: There is no 定 ("5B9A) in font nullfont!
Missing character: There is no 场 ("573A) in font nullfont!
Missing character: There is no 景 ("666F) in font nullfont!
Missing character: There is no 下 ("4E0B) in font nullfont!
Missing character: There is no 往 ("5F80) in font nullfont!
Missing character: There is no 往 ("5F80) in font nullfont!
Missing character: There is no 表 ("8868) in font nullfont!
Missing character: There is no 现 ("73B0) in font nullfont!
Missing character: There is no 出 ("51FA) in font nullfont!
Missing character: There is no 局 ("5C40) in font nullfont!
Missing character: There is no 限 ("9650) in font nullfont!
Missing character: There is no 性 ("6027) in font nullfont!
Missing character: There is no 。 ("3002) in font nullfont!
Missing character: There is no 例 ("4F8B) in font nullfont!
Missing character: There is no 如 ("5982) in font nullfont!
Missing character: There is no ， ("FF0C) in font nullfont!

Overfull \hbox (20.0pt too wide) in paragraph at lines 4--5
[] 
 []


! LaTeX Error: Missing \begin{document}.

See the LaTeX manual or LaTeX Companion for explanation.
Type  H <return>  for immediate help.
 ...                                              
                                                  
l.6 \textbf{未完成： 插入不同协议类型的定性性能分析表。}
                                   
You're in trouble here.  Try typing  <return>  to proceed.
If that doesn't work, type  X <return>  to quit.

Missing character: There is no 未 (U+672A) in font [lmroman10-bold]:mapping=tex-
text;!
Missing character: There is no 完 (U+5B8C) in font [lmroman10-bold]:mapping=tex-
text;!
Missing character: There is no 成 (U+6210) in font [lmroman10-bold]:mapping=tex-
text;!
Missing character: There is no ： (U+FF1A) in font [lmroman10-bold]:mapping=tex-
text;!
Missing character: There is no 插 (U+63D2) in font [lmroman10-bold]:mapping=tex-
text;!
Missing character: There is no 入 (U+5165) in font [lmroman10-bold]:mapping=tex-
text;!
Missing character: There is no 不 (U+4E0D) in font [lmroman10-bold]:mapping=tex-
text;!
Missing character: There is no 同 (U+540C) in font [lmroman10-bold]:mapping=tex-
text;!
Missing character: There is no 协 (U+534F) in font [lmroman10-bold]:mapping=tex-
text;!
Missing character: There is no 议 (U+8BAE) in font [lmroman10-bold]:mapping=tex-
text;!
Missing character: There is no 类 (U+7C7B) in font [lmroman10-bold]:mapping=tex-
text;!
Missing character: There is no 型 (U+578B) in font [lmroman10-bold]:mapping=tex-
text;!
Missing character: There is no 的 (U+7684) in font [lmroman10-bold]:mapping=tex-
text;!
Missing character: There is no 定 (U+5B9A) in font [lmroman10-bold]:mapping=tex-
text;!
Missing character: There is no 性 (U+6027) in font [lmroman10-bold]:mapping=tex-
text;!
Missing character: There is no 性 (U+6027) in font [lmroman10-bold]:mapping=tex-
text;!
Missing character: There is no 能 (U+80FD) in font [lmroman10-bold]:mapping=tex-
text;!
Missing character: There is no 分 (U+5206) in font [lmroman10-bold]:mapping=tex-
text;!
Missing character: There is no 析 (U+6790) in font [lmroman10-bold]:mapping=tex-
text;!
Missing character: There is no 表 (U+8868) in font [lmroman10-bold]:mapping=tex-
text;!
Missing character: There is no 。 (U+3002) in font [lmroman10-bold]:mapping=tex-
text;!

Overfull \hbox (31.2pt too wide) in paragraph at lines 6--7
[]\TU/lmr/bx/n/10 未完成：
 []


Overfull \hbox (47.6pt too wide) in paragraph at lines 6--7
\TU/lmr/bx/n/10 插入不同协议类型的定性性能分析表。 
 []


! LaTeX Error: Missing \begin{document}.

See the LaTeX manual or LaTeX Companion for explanation.
Type  H <return>  for immediate help.
 ...                                              
                                                  
l.8 为
     了应对这一挑战，一个自然的思路是根据当前场景的实时特征，动态地切换至最合适的接入协议，并同步优化其关键控制参数。然而，要实现这一点，必须首先建...

You're in trouble here.  Try typing  <return>  to proceed.
If that doesn't work, type  X <return>  to quit.

Missing character: There is no 为 ("4E3A) in font nullfont!
Missing character: There is no 了 ("4E86) in font nullfont!
Missing character: There is no 应 ("5E94) in font nullfont!
Missing character: There is no 对 ("5BF9) in font nullfont!
Missing character: There is no 这 ("8FD9) in font nullfont!
Missing character: There is no 一 ("4E00) in font nullfont!
Missing character: There is no 挑 ("6311) in font nullfont!
Missing character: There is no 战 ("6218) in font nullfont!
Missing character: There is no ， ("FF0C) in font nullfont!
Missing character: There is no 一 ("4E00) in font nullfont!
Missing character: There is no 个 ("4E2A) in font nullfont!
Missing character: There is no 自 ("81EA) in font nullfont!
Missing character: There is no 然 ("7136) in font nullfont!
Missing character: There is no 的 ("7684) in font nullfont!
Missing character: There is no 思 ("601D) in font nullfont!
Missing character: There is no 路 ("8DEF) in font nullfont!
Missing character: There is no 是 ("662F) in font nullfont!
Missing character: There is no 根 ("6839) in font nullfont!
Missing character: There is no 据 ("636E) in font nullfont!
Missing character: There is no 当 ("5F53) in font nullfont!
Missing character: There is no 前 ("524D) in font nullfont!
Missing character: There is no 场 ("573A) in font nullfont!
Missing character: There is no 景 ("666F) in font nullfont!
Missing character: There is no 的 ("7684) in font nullfont!
Missing character: There is no 实 ("5B9E) in font nullfont!
Missing character: There is no 时 ("65F6) in font nullfont!
Missing character: There is no 特 ("7279) in font nullfont!
Missing character: There is no 征 ("5F81) in font nullfont!
Missing character: There is no ， ("FF0C) in font nullfont!
Missing character: There is no 动 ("52A8) in font nullfont!
Missing character: There is no 态 ("6001) in font nullfont!
Missing character: There is no 地 ("5730) in font nullfont!
Missing character: There is no 切 ("5207) in font nullfont!
Missing character: There is no 换 ("6362) in font nullfont!
Missing character: There is no 至 ("81F3) in font nullfont!
Missing character: There is no 最 ("6700) in font nullfont!
Missing character: There is no 合 ("5408) in font nullfont!
Missing character: There is no 适 ("9002) in font nullfont!
Missing character: There is no 的 ("7684) in font nullfont!
Missing character: There is no 接 ("63A5) in font nullfont!
Missing character: There is no 入 ("5165) in font nullfont!
Missing character: There is no 协 ("534F) in font nullfont!
Missing character: There is no 议 ("8BAE) in font nullfont!
Missing character: There is no ， ("FF0C) in font nullfont!
Missing character: There is no 并 ("5E76) in font nullfont!
Missing character: There is no 同 ("540C) in font nullfont!
Missing character: There is no 步 ("6B65) in font nullfont!
Missing character: There is no 优 ("4F18) in font nullfont!
Missing character: There is no 化 ("5316) in font nullfont!
Missing character: There is no 其 ("5176) in font nullfont!
Missing character: There is no 关 ("5173) in font nullfont!
Missing character: There is no 键 ("952E) in font nullfont!
Missing character: There is no 控 ("63A7) in font nullfont!
Missing character: There is no 制 ("5236) in font nullfont!
Missing character: There is no 参 ("53C2) in font nullfont!
Missing character: There is no 数 ("6570) in font nullfont!
Missing character: There is no 。 ("3002) in font nullfont!
Missing character: There is no 然 ("7136) in font nullfont!
Missing character: There is no 而 ("800C) in font nullfont!
Missing character: There is no ， ("FF0C) in font nullfont!
Missing character: There is no 要 ("8981) in font nullfont!
Missing character: There is no 实 ("5B9E) in font nullfont!
Missing character: There is no 现 ("73B0) in font nullfont!
Missing character: There is no 这 ("8FD9) in font nullfont!
Missing character: There is no 一 ("4E00) in font nullfont!
Missing character: There is no 点 ("70B9) in font nullfont!
Missing character: There is no ， ("FF0C) in font nullfont!
Missing character: There is no 必 ("5FC5) in font nullfont!
Missing character: There is no 须 ("987B) in font nullfont!
Missing character: There is no 首 ("9996) in font nullfont!
Missing character: There is no 先 ("5148) in font nullfont!
Missing character: There is no 建 ("5EFA) in font nullfont!
Missing character: There is no 立 ("7ACB) in font nullfont!
Missing character: There is no 一 ("4E00) in font nullfont!
Missing character: There is no 个 ("4E2A) in font nullfont!
Missing character: There is no 能 ("80FD) in font nullfont!
Missing character: There is no 够 ("591F) in font nullfont!
Missing character: There is no 容 ("5BB9) in font nullfont!
Missing character: There is no 纳 ("7EB3) in font nullfont!
Missing character: There is no 并 ("5E76) in font nullfont!
Missing character: There is no 支 ("652F) in font nullfont!
Missing character: There is no 持 ("6301) in font nullfont!
Missing character: There is no 多 ("591A) in font nullfont!
Missing character: There is no 类 ("7C7B) in font nullfont!
Missing character: There is no 接 ("63A5) in font nullfont!
Missing character: There is no 入 ("5165) in font nullfont!
Missing character: There is no 协 ("534F) in font nullfont!
Missing character: There is no 议 ("8BAE) in font nullfont!
Missing character: There is no 灵 ("7075) in font nullfont!
Missing character: There is no 活 ("6D3B) in font nullfont!
Missing character: There is no 切 ("5207) in font nullfont!
Missing character: There is no 换 ("6362) in font nullfont!
Missing character: There is no 的 ("7684) in font nullfont!
Missing character: There is no 统 ("7EDF) in font nullfont!
Missing character: There is no 一 ("4E00) in font nullfont!
Missing character: There is no 框 ("6846) in font nullfont!
Missing character: There is no 架 ("67B6) in font nullfont!
Missing character: There is no 。 ("3002) in font nullfont!
Missing character: There is no 在 ("5728) in font nullfont!
Missing character: There is no 此 ("6B64) in font nullfont!
Missing character: There is no 基 ("57FA) in font nullfont!
Missing character: There is no 础 ("7840) in font nullfont!
Missing character: There is no 上 ("4E0A) in font nullfont!
Missing character: There is no ， ("FF0C) in font nullfont!
Missing character: There is no 核 ("6838) in font nullfont!
Missing character: There is no 心 ("5FC3) in font nullfont!
Missing character: There is no 问 ("95EE) in font nullfont!
Missing character: There is no 题 ("9898) in font nullfont!
Missing character: There is no 便 ("4FBF) in font nullfont!
Missing character: There is no 转 ("8F6C) in font nullfont!
Missing character: There is no 化 ("5316) in font nullfont!
Missing character: There is no 为 ("4E3A) in font nullfont!
Missing character: There is no ： ("FF1A) in font nullfont!
Missing character: There is no 如 ("5982) in font nullfont!
Missing character: There is no 何 ("4F55) in font nullfont!
Missing character: There is no 依 ("4F9D) in font nullfont!
Missing character: There is no 据 ("636E) in font nullfont!
Missing character: There is no 实 ("5B9E) in font nullfont!
Missing character: There is no 时 ("65F6) in font nullfont!
Missing character: There is no 网 ("7F51) in font nullfont!
Missing character: There is no 络 ("7EDC) in font nullfont!
Missing character: There is no 状 ("72B6) in font nullfont!
Missing character: There is no 态 ("6001) in font nullfont!
Missing character: There is no ， ("FF0C) in font nullfont!
Missing character: There is no 智 ("667A) in font nullfont!
Missing character: There is no 能 ("80FD) in font nullfont!
Missing character: There is no 地 ("5730) in font nullfont!
Missing character: There is no 选 ("9009) in font nullfont!
Missing character: There is no 择 ("62E9) in font nullfont!
Missing character: There is no 最 ("6700) in font nullfont!
Missing character: There is no 适 ("9002) in font nullfont!
Missing character: There is no 配 ("914D) in font nullfont!
Missing character: There is no 的 ("7684) in font nullfont!
Missing character: There is no 接 ("63A5) in font nullfont!
Missing character: There is no 入 ("5165) in font nullfont!
Missing character: There is no 协 ("534F) in font nullfont!
Missing character: There is no 议 ("8BAE) in font nullfont!
Missing character: There is no ， ("FF0C) in font nullfont!
Missing character: There is no 并 ("5E76) in font nullfont!
Missing character: There is no 自 ("81EA) in font nullfont!
Missing character: There is no 适 ("9002) in font nullfont!
Missing character: There is no 应 ("5E94) in font nullfont!
Missing character: There is no 地 ("5730) in font nullfont!
Missing character: There is no 优 ("4F18) in font nullfont!
Missing character: There is no 化 ("5316) in font nullfont!
Missing character: There is no 其 ("5176) in font nullfont!
Missing character: There is no 参 ("53C2) in font nullfont!
Missing character: There is no 数 ("6570) in font nullfont!
Missing character: There is no ？ ("FF1F) in font nullfont!

Overfull \hbox (20.0pt too wide) in paragraph at lines 8--9
[] 
 []


! LaTeX Error: Missing \begin{document}.

See the LaTeX manual or LaTeX Companion for explanation.
Type  H <return>  for immediate help.
 ...                                              
                                                  
l.10 针
      对此问题，本章提出一种面向复杂业务场景的、基于监督学习的智能协议与参数联合选择方法。该方法旨在将网络接入策略从传统的“人工预设”模式，跃迁至...

You're in trouble here.  Try typing  <return>  to proceed.
If that doesn't work, type  X <return>  to quit.

Missing character: There is no 针 ("9488) in font nullfont!
Missing character: There is no 对 ("5BF9) in font nullfont!
Missing character: There is no 此 ("6B64) in font nullfont!
Missing character: There is no 问 ("95EE) in font nullfont!
Missing character: There is no 题 ("9898) in font nullfont!
Missing character: There is no ， ("FF0C) in font nullfont!
Missing character: There is no 本 ("672C) in font nullfont!
Missing character: There is no 章 ("7AE0) in font nullfont!
Missing character: There is no 提 ("63D0) in font nullfont!
Missing character: There is no 出 ("51FA) in font nullfont!
Missing character: There is no 一 ("4E00) in font nullfont!
Missing character: There is no 种 ("79CD) in font nullfont!
Missing character: There is no 面 ("9762) in font nullfont!
Missing character: There is no 向 ("5411) in font nullfont!
Missing character: There is no 复 ("590D) in font nullfont!
Missing character: There is no 杂 ("6742) in font nullfont!
Missing character: There is no 业 ("4E1A) in font nullfont!
Missing character: There is no 务 ("52A1) in font nullfont!
Missing character: There is no 场 ("573A) in font nullfont!
Missing character: There is no 景 ("666F) in font nullfont!
Missing character: There is no 的 ("7684) in font nullfont!
Missing character: There is no 、 ("3001) in font nullfont!
Missing character: There is no 基 ("57FA) in font nullfont!
Missing character: There is no 于 ("4E8E) in font nullfont!
Missing character: There is no 监 ("76D1) in font nullfont!
Missing character: There is no 督 ("7763) in font nullfont!
Missing character: There is no 学 ("5B66) in font nullfont!
Missing character: There is no 习 ("4E60) in font nullfont!
Missing character: There is no 的 ("7684) in font nullfont!
Missing character: There is no 智 ("667A) in font nullfont!
Missing character: There is no 能 ("80FD) in font nullfont!
Missing character: There is no 协 ("534F) in font nullfont!
Missing character: There is no 议 ("8BAE) in font nullfont!
Missing character: There is no 与 ("4E0E) in font nullfont!
Missing character: There is no 参 ("53C2) in font nullfont!
Missing character: There is no 数 ("6570) in font nullfont!
Missing character: There is no 联 ("8054) in font nullfont!
Missing character: There is no 合 ("5408) in font nullfont!
Missing character: There is no 选 ("9009) in font nullfont!
Missing character: There is no 择 ("62E9) in font nullfont!
Missing character: There is no 方 ("65B9) in font nullfont!
Missing character: There is no 法 ("6CD5) in font nullfont!
Missing character: There is no 。 ("3002) in font nullfont!
Missing character: There is no 该 ("8BE5) in font nullfont!
Missing character: There is no 方 ("65B9) in font nullfont!
Missing character: There is no 法 ("6CD5) in font nullfont!
Missing character: There is no 旨 ("65E8) in font nullfont!
Missing character: There is no 在 ("5728) in font nullfont!
Missing character: There is no 将 ("5C06) in font nullfont!
Missing character: There is no 网 ("7F51) in font nullfont!
Missing character: There is no 络 ("7EDC) in font nullfont!
Missing character: There is no 接 ("63A5) in font nullfont!
Missing character: There is no 入 ("5165) in font nullfont!
Missing character: There is no 策 ("7B56) in font nullfont!
Missing character: There is no 略 ("7565) in font nullfont!
Missing character: There is no 从 ("4ECE) in font nullfont!
Missing character: There is no 传 ("4F20) in font nullfont!
Missing character: There is no 统 ("7EDF) in font nullfont!
Missing character: There is no 的 ("7684) in font nullfont!
Missing character: There is no “ ("201C) in font nullfont!
Missing character: There is no 人 ("4EBA) in font nullfont!
Missing character: There is no 工 ("5DE5) in font nullfont!
Missing character: There is no 预 ("9884) in font nullfont!
Missing character: There is no 设 ("8BBE) in font nullfont!
Missing character: There is no ” ("201D) in font nullfont!
Missing character: There is no 模 ("6A21) in font nullfont!
Missing character: There is no 式 ("5F0F) in font nullfont!
Missing character: There is no ， ("FF0C) in font nullfont!
Missing character: There is no 跃 ("8DC3) in font nullfont!
Missing character: There is no 迁 ("8FC1) in font nullfont!
Missing character: There is no 至 ("81F3) in font nullfont!
Missing character: There is no “ ("201C) in font nullfont!
Missing character: There is no 环 ("73AF) in font nullfont!
Missing character: There is no 境 ("5883) in font nullfont!
Missing character: There is no 驱 ("9A71) in font nullfont!
Missing character: There is no 动 ("52A8) in font nullfont!
Missing character: There is no 的 ("7684) in font nullfont!
Missing character: There is no 智 ("667A) in font nullfont!
Missing character: There is no 能 ("80FD) in font nullfont!
Missing character: There is no 决 ("51B3) in font nullfont!
Missing character: There is no 策 ("7B56) in font nullfont!
Missing character: There is no ” ("201D) in font nullfont!
Missing character: There is no 新 ("65B0) in font nullfont!
Missing character: There is no 模 ("6A21) in font nullfont!
Missing character: There is no 式 ("5F0F) in font nullfont!
Missing character: There is no ， ("FF0C) in font nullfont!
Missing character: There is no 从 ("4ECE) in font nullfont!
Missing character: There is no 而 ("800C) in font nullfont!
Missing character: There is no 在 ("5728) in font nullfont!
Missing character: There is no 吞 ("541E) in font nullfont!
Missing character: There is no 吐 ("5410) in font nullfont!
Missing character: There is no 量 ("91CF) in font nullfont!
Missing character: There is no 、 ("3001) in font nullfont!
Missing character: There is no 时 ("65F6) in font nullfont!
Missing character: There is no 延 ("5EF6) in font nullfont!
Missing character: There is no 、 ("3001) in font nullfont!
Missing character: There is no 公 ("516C) in font nullfont!
Missing character: There is no 平 ("5E73) in font nullfont!
Missing character: There is no 性 ("6027) in font nullfont!
Missing character: There is no 等 ("7B49) in font nullfont!
Missing character: There is no 多 ("591A) in font nullfont!
Missing character: There is no 维 ("7EF4) in font nullfont!
Missing character: There is no 度 ("5EA6) in font nullfont!
Missing character: There is no 性 ("6027) in font nullfont!
Missing character: There is no 能 ("80FD) in font nullfont!
Missing character: There is no 之 ("4E4B) in font nullfont!
Missing character: There is no 间 ("95F4) in font nullfont!
Missing character: There is no 实 ("5B9E) in font nullfont!
Missing character: There is no 现 ("73B0) in font nullfont!
Missing character: There is no 更 ("66F4) in font nullfont!
Missing character: There is no 优 ("4F18) in font nullfont!
Missing character: There is no 的 ("7684) in font nullfont!
Missing character: There is no 平 ("5E73) in font nullfont!
Missing character: There is no 衡 ("8861) in font nullfont!
Missing character: There is no 。 ("3002) in font nullfont!

Overfull \hbox (20.0pt too wide) in paragraph at lines 10--11
[] 
 []

! Undefined control sequence.
l.12 \section
             {统一接入框架设计}
The control sequence at the end of the top line
of your error message was never \def'ed. If you have
misspelled it (e.g., `\hobx'), type `I' and the correct
spelling (e.g., `I\hbox'). Otherwise just continue,
and I'll forget about whatever was undefined.


! LaTeX Error: Missing \begin{document}.

See the LaTeX manual or LaTeX Companion for explanation.
Type  H <return>  for immediate help.
 ...                                              
                                                  
l.12 \section{统
               一接入框架设计}
You're in trouble here.  Try typing  <return>  to proceed.
If that doesn't work, type  X <return>  to quit.

Missing character: There is no 统 ("7EDF) in font nullfont!
Missing character: There is no 一 ("4E00) in font nullfont!
Missing character: There is no 接 ("63A5) in font nullfont!
Missing character: There is no 入 ("5165) in font nullfont!
Missing character: There is no 框 ("6846) in font nullfont!
Missing character: There is no 架 ("67B6) in font nullfont!
Missing character: There is no 设 ("8BBE) in font nullfont!
Missing character: There is no 计 ("8BA1) in font nullfont!

Overfull \hbox (20.0pt too wide) in paragraph at lines 12--13
[] 
 []


! LaTeX Error: Missing \begin{document}.

See the LaTeX manual or LaTeX Companion for explanation.
Type  H <return>  for immediate help.
 ...                                              
                                                  
l.14 构
      建统一接入框架的核心目标，是将不同类型的随机接入协议视为若干可调度、可组合的“统计接入模式”（Statistical Access Mode...

You're in trouble here.  Try typing  <return>  to proceed.
If that doesn't work, type  X <return>  to quit.

Missing character: There is no 构 ("6784) in font nullfont!
Missing character: There is no 建 ("5EFA) in font nullfont!
Missing character: There is no 统 ("7EDF) in font nullfont!
Missing character: There is no 一 ("4E00) in font nullfont!
Missing character: There is no 接 ("63A5) in font nullfont!
Missing character: There is no 入 ("5165) in font nullfont!
Missing character: There is no 框 ("6846) in font nullfont!
Missing character: There is no 架 ("67B6) in font nullfont!
Missing character: There is no 的 ("7684) in font nullfont!
Missing character: There is no 核 ("6838) in font nullfont!
Missing character: There is no 心 ("5FC3) in font nullfont!
Missing character: There is no 目 ("76EE) in font nullfont!
Missing character: There is no 标 ("6807) in font nullfont!
Missing character: There is no ， ("FF0C) in font nullfont!
Missing character: There is no 是 ("662F) in font nullfont!
Missing character: There is no 将 ("5C06) in font nullfont!
Missing character: There is no 不 ("4E0D) in font nullfont!
Missing character: There is no 同 ("540C) in font nullfont!
Missing character: There is no 类 ("7C7B) in font nullfont!
Missing character: There is no 型 ("578B) in font nullfont!
Missing character: There is no 的 ("7684) in font nullfont!
Missing character: There is no 随 ("968F) in font nullfont!
Missing character: There is no 机 ("673A) in font nullfont!
Missing character: There is no 接 ("63A5) in font nullfont!
Missing character: There is no 入 ("5165) in font nullfont!
Missing character: There is no 协 ("534F) in font nullfont!
Missing character: There is no 议 ("8BAE) in font nullfont!
Missing character: There is no 视 ("89C6) in font nullfont!
Missing character: There is no 为 ("4E3A) in font nullfont!
Missing character: There is no 若 ("82E5) in font nullfont!
Missing character: There is no 干 ("5E72) in font nullfont!
Missing character: There is no 可 ("53EF) in font nullfont!
Missing character: There is no 调 ("8C03) in font nullfont!
Missing character: There is no 度 ("5EA6) in font nullfont!
Missing character: There is no 、 ("3001) in font nullfont!
Missing character: There is no 可 ("53EF) in font nullfont!
Missing character: There is no 组 ("7EC4) in font nullfont!
Missing character: There is no 合 ("5408) in font nullfont!
Missing character: There is no 的 ("7684) in font nullfont!
Missing character: There is no “ ("201C) in font nullfont!
Missing character: There is no 统 ("7EDF) in font nullfont!
Missing character: There is no 计 ("8BA1) in font nullfont!
Missing character: There is no 接 ("63A5) in font nullfont!
Missing character: There is no 入 ("5165) in font nullfont!
Missing character: There is no 模 ("6A21) in font nullfont!
Missing character: There is no 式 ("5F0F) in font nullfont!
Missing character: There is no ” ("201D) in font nullfont!
Missing character: There is no （ ("FF08) in font nullfont!
Missing character: There is no S ("53) in font nullfont!
Missing character: There is no t ("74) in font nullfont!
Missing character: There is no a ("61) in font nullfont!
Missing character: There is no t ("74) in font nullfont!
Missing character: There is no i ("69) in font nullfont!
Missing character: There is no s ("73) in font nullfont!
Missing character: There is no t ("74) in font nullfont!
Missing character: There is no i ("69) in font nullfont!
Missing character: There is no c ("63) in font nullfont!
Missing character: There is no a ("61) in font nullfont!
Missing character: There is no l ("6C) in font nullfont!
Missing character: There is no A ("41) in font nullfont!
Missing character: There is no c ("63) in font nullfont!
Missing character: There is no c ("63) in font nullfont!
Missing character: There is no e ("65) in font nullfont!
Missing character: There is no s ("73) in font nullfont!
Missing character: There is no s ("73) in font nullfont!
Missing character: There is no M ("4D) in font nullfont!
Missing character: There is no o ("6F) in font nullfont!
Missing character: There is no d ("64) in font nullfont!
Missing character: There is no e ("65) in font nullfont!
Missing character: There is no s ("73) in font nullfont!
Missing character: There is no ） ("FF09) in font nullfont!
Missing character: There is no 。 ("3002) in font nullfont!
Missing character: There is no 通 ("901A) in font nullfont!
Missing character: There is no 过 ("8FC7) in font nullfont!
Missing character: There is no 对 ("5BF9) in font nullfont!
Missing character: There is no 网 ("7F51) in font nullfont!
Missing character: There is no 络 ("7EDC) in font nullfont!
Missing character: There is no 状 ("72B6) in font nullfont!
Missing character: There is no 态 ("6001) in font nullfont!
Missing character: There is no ， ("FF0C) in font nullfont!
Missing character: There is no 特 ("7279) in font nullfont!
Missing character: There is no 别 ("522B) in font nullfont!
Missing character: There is no 是 ("662F) in font nullfont!
Missing character: There is no 流 ("6D41) in font nullfont!
Missing character: There is no 量 ("91CF) in font nullfont!
Missing character: There is no 统 ("7EDF) in font nullfont!
Missing character: There is no 计 ("8BA1) in font nullfont!
Missing character: There is no 特 ("7279) in font nullfont!
Missing character: There is no 征 ("5F81) in font nullfont!
Missing character: There is no 的 ("7684) in font nullfont!
Missing character: There is no 精 ("7CBE) in font nullfont!
Missing character: There is no 确 ("786E) in font nullfont!
Missing character: There is no 刻 ("523B) in font nullfont!
Missing character: There is no 画 ("753B) in font nullfont!
Missing character: There is no ， ("FF0C) in font nullfont!
Missing character: There is no 来 ("6765) in font nullfont!
Missing character: There is no 驱 ("9A71) in font nullfont!
Missing character: There is no 动 ("52A8) in font nullfont!
Missing character: There is no 协 ("534F) in font nullfont!
Missing character: There is no 议 ("8BAE) in font nullfont!
Missing character: There is no 类 ("7C7B) in font nullfont!
Missing character: There is no 型 ("578B) in font nullfont!
Missing character: There is no 与 ("4E0E) in font nullfont!
Missing character: There is no 相 ("76F8) in font nullfont!
Missing character: There is no 关 ("5173) in font nullfont!
Missing character: There is no 参 ("53C2) in font nullfont!
Missing character: There is no 数 ("6570) in font nullfont!
Missing character: There is no 的 ("7684) in font nullfont!
Missing character: There is no 智 ("667A) in font nullfont!
Missing character: There is no 能 ("80FD) in font nullfont!
Missing character: There is no 选 ("9009) in font nullfont!
Missing character: There is no 择 ("62E9) in font nullfont!
Missing character: There is no 。 ("3002) in font nullfont!
Missing character: There is no 这 ("8FD9) in font nullfont!
Missing character: There is no 种 ("79CD) in font nullfont!
Missing character: There is no 设 ("8BBE) in font nullfont!
Missing character: There is no 计 ("8BA1) in font nullfont!
Missing character: There is no 将 ("5C06) in font nullfont!
Missing character: There is no 接 ("63A5) in font nullfont!
Missing character: There is no 入 ("5165) in font nullfont!
Missing character: There is no 机 ("673A) in font nullfont!
Missing character: There is no 制 ("5236) in font nullfont!
Missing character: There is no 的 ("7684) in font nullfont!
Missing character: There is no 选 ("9009) in font nullfont!
Missing character: There is no 择 ("62E9) in font nullfont!
Missing character: There is no 从 ("4ECE) in font nullfont!
Missing character: There is no 协 ("534F) in font nullfont!
Missing character: There is no 议 ("8BAE) in font nullfont!
Missing character: There is no 的 ("7684) in font nullfont!
Missing character: There is no 逻 ("903B) in font nullfont!
Missing character: There is no 辑 ("8F91) in font nullfont!
Missing character: There is no 层 ("5C42) in font nullfont!
Missing character: There is no 面 ("9762) in font nullfont!
Missing character: There is no ， ("FF0C) in font nullfont!
Missing character: There is no 提 ("63D0) in font nullfont!
Missing character: There is no 升 ("5347) in font nullfont!
Missing character: There is no 到 ("5230) in font nullfont!
Missing character: There is no 了 ("4E86) in font nullfont!
Missing character: There is no 统 ("7EDF) in font nullfont!
Missing character: There is no 计 ("8BA1) in font nullfont!
Missing character: There is no 建 ("5EFA) in font nullfont!
Missing character: There is no 模 ("6A21) in font nullfont!
Missing character: There is no 层 ("5C42) in font nullfont!
Missing character: There is no 面 ("9762) in font nullfont!
Missing character: There is no ， ("FF0C) in font nullfont!
Missing character: There is no 为 ("4E3A) in font nullfont!
Missing character: There is no 后 ("540E) in font nullfont!
Missing character: There is no 续 ("7EED) in font nullfont!
Missing character: There is no 引 ("5F15) in font nullfont!
Missing character: There is no 入 ("5165) in font nullfont!
Missing character: There is no 人 ("4EBA) in font nullfont!
Missing character: There is no 工 ("5DE5) in font nullfont!
Missing character: There is no 智 ("667A) in font nullfont!
Missing character: There is no 能 ("80FD) in font nullfont!
Missing character: There is no 方 ("65B9) in font nullfont!
Missing character: There is no 法 ("6CD5) in font nullfont!
Missing character: There is no 奠 ("5960) in font nullfont!
Missing character: There is no 定 ("5B9A) in font nullfont!
Missing character: There is no 了 ("4E86) in font nullfont!
Missing character: There is no 坚 ("575A) in font nullfont!
Missing character: There is no 实 ("5B9E) in font nullfont!
Missing character: There is no 基 ("57FA) in font nullfont!
Missing character: There is no 础 ("7840) in font nullfont!
Missing character: There is no 。 ("3002) in font nullfont!

Overfull \hbox (20.0pt too wide) in paragraph at lines 14--15
[]
 []

! Undefined control sequence.
l.16 \subsection
                {标准化输入特征向量}
The control sequence at the end of the top line
of your error message was never \def'ed. If you have
misspelled it (e.g., `\hobx'), type `I' and the correct
spelling (e.g., `I\hbox'). Otherwise just continue,
and I'll forget about whatever was undefined.


! LaTeX Error: Missing \begin{document}.

See the LaTeX manual or LaTeX Companion for explanation.
Type  H <return>  for immediate help.
 ...                                              
                                                  
l.16 \subsection{标
                  准化输入特征向量}
You're in trouble here.  Try typing  <return>  to proceed.
If that doesn't work, type  X <return>  to quit.

Missing character: There is no 标 ("6807) in font nullfont!
Missing character: There is no 准 ("51C6) in font nullfont!
Missing character: There is no 化 ("5316) in font nullfont!
Missing character: There is no 输 ("8F93) in font nullfont!
Missing character: There is no 入 ("5165) in font nullfont!
Missing character: There is no 特 ("7279) in font nullfont!
Missing character: There is no 征 ("5F81) in font nullfont!
Missing character: There is no 向 ("5411) in font nullfont!
Missing character: There is no 量 ("91CF) in font nullfont!
Missing character: There is no 为 ("4E3A) in font nullfont!
Missing character: There is no 了 ("4E86) in font nullfont!
Missing character: There is no 让 ("8BA9) in font nullfont!
Missing character: There is no 模 ("6A21) in font nullfont!
Missing character: There is no 型 ("578B) in font nullfont!
Missing character: There is no 能 ("80FD) in font nullfont!
Missing character: There is no 够 ("591F) in font nullfont!
Missing character: There is no 统 ("7EDF) in font nullfont!
Missing character: There is no 一 ("4E00) in font nullfont!
Missing character: There is no 处 ("5904) in font nullfont!
Missing character: There is no 理 ("7406) in font nullfont!
Missing character: There is no 不 ("4E0D) in font nullfont!
Missing character: There is no 同 ("540C) in font nullfont!
Missing character: There is no 协 ("534F) in font nullfont!
Missing character: There is no 议 ("8BAE) in font nullfont!
Missing character: There is no 和 ("548C) in font nullfont!
Missing character: There is no 场 ("573A) in font nullfont!
Missing character: There is no 景 ("666F) in font nullfont!
Missing character: There is no ， ("FF0C) in font nullfont!
Missing character: There is no 我 ("6211) in font nullfont!
Missing character: There is no 们 ("4EEC) in font nullfont!
Missing character: There is no 首 ("9996) in font nullfont!
Missing character: There is no 先 ("5148) in font nullfont!
Missing character: There is no 定 ("5B9A) in font nullfont!
Missing character: There is no 义 ("4E49) in font nullfont!
Missing character: There is no 一 ("4E00) in font nullfont!
Missing character: There is no 个 ("4E2A) in font nullfont!
Missing character: There is no 标 ("6807) in font nullfont!
Missing character: There is no 准 ("51C6) in font nullfont!
Missing character: There is no 化 ("5316) in font nullfont!
Missing character: There is no 的 ("7684) in font nullfont!
Missing character: There is no 输 ("8F93) in font nullfont!
Missing character: There is no 入 ("5165) in font nullfont!
Missing character: There is no 特 ("7279) in font nullfont!
Missing character: There is no 征 ("5F81) in font nullfont!
Missing character: There is no 向 ("5411) in font nullfont!
Missing character: There is no 量 ("91CF) in font nullfont!
LaTeX Font Info:    External font `cmex10' loaded for size
(Font)              <7> on input line 17.
LaTeX Font Info:    External font `cmex10' loaded for size
(Font)              <5> on input line 17.
! Undefined control sequence.
<recently read> \Xinput 
                        
l.17 ...型能够统一处理不同协议和场景，我们首先定义一个标准化的输入特征向量 $\Xinput
                                                  $。该向量旨在全面地描述一个特定的接入场景，其输入特...
The control sequence at the end of the top line
of your error message was never \def'ed. If you have
misspelled it (e.g., `\hobx'), type `I' and the correct
spelling (e.g., `I\hbox'). Otherwise just continue,
and I'll forget about whatever was undefined.

Missing character: There is no 。 ("3002) in font nullfont!
Missing character: There is no 该 ("8BE5) in font nullfont!
Missing character: There is no 向 ("5411) in font nullfont!
Missing character: There is no 量 ("91CF) in font nullfont!
Missing character: There is no 旨 ("65E8) in font nullfont!
Missing character: There is no 在 ("5728) in font nullfont!
Missing character: There is no 全 ("5168) in font nullfont!
Missing character: There is no 面 ("9762) in font nullfont!
Missing character: There is no 地 ("5730) in font nullfont!
Missing character: There is no 描 ("63CF) in font nullfont!
Missing character: There is no 述 ("8FF0) in font nullfont!
Missing character: There is no 一 ("4E00) in font nullfont!
Missing character: There is no 个 ("4E2A) in font nullfont!
Missing character: There is no 特 ("7279) in font nullfont!
Missing character: There is no 定 ("5B9A) in font nullfont!
Missing character: There is no 的 ("7684) in font nullfont!
Missing character: There is no 接 ("63A5) in font nullfont!
Missing character: There is no 入 ("5165) in font nullfont!
Missing character: There is no 场 ("573A) in font nullfont!
Missing character: There is no 景 ("666F) in font nullfont!
Missing character: There is no ， ("FF0C) in font nullfont!
Missing character: There is no 其 ("5176) in font nullfont!
Missing character: There is no 输 ("8F93) in font nullfont!
Missing character: There is no 入 ("5165) in font nullfont!
Missing character: There is no 特 ("7279) in font nullfont!
Missing character: There is no 征 ("5F81) in font nullfont!
Missing character: There is no 可 ("53EF) in font nullfont!
Missing character: There is no 分 ("5206) in font nullfont!
Missing character: There is no 为 ("4E3A) in font nullfont!
Missing character: There is no 以 ("4EE5) in font nullfont!
Missing character: There is no 下 ("4E0B) in font nullfont!
Missing character: There is no 三 ("4E09) in font nullfont!
Missing character: There is no 大 ("5927) in font nullfont!
Missing character: There is no 类 ("7C7B) in font nullfont!
Missing character: There is no ： ("FF1A) in font nullfont!

Overfull \hbox (20.0pt too wide) in paragraph at lines 16--18
[]
 []


! LaTeX Error: Missing \begin{document}.

See the LaTeX manual or LaTeX Companion for explanation.
Type  H <return>  for immediate help.
 ...                                              
                                                  
l.19 \begin{itemize}
                    [leftmargin=*]
You're in trouble here.  Try typing  <return>  to proceed.
If that doesn't work, type  X <return>  to quit.


Overfull \hbox (20.0pt too wide) in paragraph at lines 19--19
[] 
 []


! LaTeX Error: Missing \begin{document}.

See the LaTeX manual or LaTeX Companion for explanation.
Type  H <return>  for immediate help.
 ...                                              
                                                  
l.19 \begin{itemize}[
                     leftmargin=*]
You're in trouble here.  Try typing  <return>  to proceed.
If that doesn't work, type  X <return>  to quit.

Missing character: There is no [ ("5B) in font nullfont!
Missing character: There is no l ("6C) in font nullfont!
Missing character: There is no e ("65) in font nullfont!
Missing character: There is no f ("66) in font nullfont!
Missing character: There is no t ("74) in font nullfont!
Missing character: There is no m ("6D) in font nullfont!
Missing character: There is no a ("61) in font nullfont!
Missing character: There is no r ("72) in font nullfont!
Missing character: There is no g ("67) in font nullfont!
Missing character: There is no i ("69) in font nullfont!
Missing character: There is no n ("6E) in font nullfont!
Missing character: There is no = ("3D) in font nullfont!
Missing character: There is no * ("2A) in font nullfont!
Missing character: There is no ] ("5D) in font nullfont!

! LaTeX Error: Something's wrong--perhaps a missing \item.

See the LaTeX manual or LaTeX Companion for explanation.
Type  H <return>  for immediate help.
 ...                                              
                                                  
l.20 ^^I\item \textbf
                     {业务流量特征 ($\bm{x}_\text{traffic}$)}：用于刻画具体流量场景的紧凑向量，例如数据...

Try typing  <return>  to proceed.
If that doesn't work, type  X <return>  to quit.


! LaTeX Error: Something's wrong--perhaps a missing \item.

See the LaTeX manual or LaTeX Companion for explanation.
Type  H <return>  for immediate help.
 ...                                              
                                                  
l.20 ^^I\item \textbf
                     {业务流量特征 ($\bm{x}_\text{traffic}$)}：用于刻画具体流量场景的紧凑向量，例如数据...

Try typing  <return>  to proceed.
If that doesn't work, type  X <return>  to quit.


! LaTeX Error: Something's wrong--perhaps a missing \item.

See the LaTeX manual or LaTeX Companion for explanation.
Type  H <return>  for immediate help.
 ...                                              
                                                  
l.20 ^^I\item \textbf
                     {业务流量特征 ($\bm{x}_\text{traffic}$)}：用于刻画具体流量场景的紧凑向量，例如数据...

Try typing  <return>  to proceed.
If that doesn't work, type  X <return>  to quit.

Missing character: There is no 业 (U+4E1A) in font [lmroman10-bold]:mapping=tex-
text;!
Missing character: There is no 务 (U+52A1) in font [lmroman10-bold]:mapping=tex-
text;!
Missing character: There is no 流 (U+6D41) in font [lmroman10-bold]:mapping=tex-
text;!
Missing character: There is no 量 (U+91CF) in font [lmroman10-bold]:mapping=tex-
text;!
Missing character: There is no 特 (U+7279) in font [lmroman10-bold]:mapping=tex-
text;!
Missing character: There is no 征 (U+5F81) in font [lmroman10-bold]:mapping=tex-
text;!
! Undefined control sequence.
<recently read> \bm 
                    
l.20 ... \textbf{业务流量特征 ($\bm{x}_\text{traffic}$)}
                                                  ：用于刻画具体流量场景的紧凑向量，例如数据包的平均到...
The control sequence at the end of the top line
of your error message was never \def'ed. If you have
misspelled it (e.g., `\hobx'), type `I' and the correct
spelling (e.g., `I\hbox'). Otherwise just continue,
and I'll forget about whatever was undefined.

! Undefined control sequence.
<argument> 业务流量特征 ($\bm {x}_\text 
                                  {traffic}$)
l.20 ... \textbf{业务流量特征 ($\bm{x}_\text{traffic}$)}
                                                  ：用于刻画具体流量场景的紧凑向量，例如数据包的平均到...
The control sequence at the end of the top line
of your error message was never \def'ed. If you have
misspelled it (e.g., `\hobx'), type `I' and the correct
spelling (e.g., `I\hbox'). Otherwise just continue,
and I'll forget about whatever was undefined.

Missing character: There is no ： ("FF1A) in font nullfont!
Missing character: There is no 用 ("7528) in font nullfont!
Missing character: There is no 于 ("4E8E) in font nullfont!
Missing character: There is no 刻 ("523B) in font nullfont!
Missing character: There is no 画 ("753B) in font nullfont!
Missing character: There is no 具 ("5177) in font nullfont!
Missing character: There is no 体 ("4F53) in font nullfont!
Missing character: There is no 流 ("6D41) in font nullfont!
Missing character: There is no 量 ("91CF) in font nullfont!
Missing character: There is no 场 ("573A) in font nullfont!
Missing character: There is no 景 ("666F) in font nullfont!
Missing character: There is no 的 ("7684) in font nullfont!
Missing character: There is no 紧 ("7D27) in font nullfont!
Missing character: There is no 凑 ("51D1) in font nullfont!
Missing character: There is no 向 ("5411) in font nullfont!
Missing character: There is no 量 ("91CF) in font nullfont!
Missing character: There is no ， ("FF0C) in font nullfont!
Missing character: There is no 例 ("4F8B) in font nullfont!
Missing character: There is no 如 ("5982) in font nullfont!
Missing character: There is no 数 ("6570) in font nullfont!
Missing character: There is no 据 ("636E) in font nullfont!
Missing character: There is no 包 ("5305) in font nullfont!
Missing character: There is no 的 ("7684) in font nullfont!
Missing character: There is no 平 ("5E73) in font nullfont!
Missing character: There is no 均 ("5747) in font nullfont!
Missing character: There is no 到 ("5230) in font nullfont!
Missing character: There is no 达 ("8FBE) in font nullfont!
Missing character: There is no 率 ("7387) in font nullfont!
Missing character: There is no 、 ("3001) in font nullfont!
Missing character: There is no 突 ("7A81) in font nullfont!
Missing character: There is no 发 ("53D1) in font nullfont!
Missing character: There is no 程 ("7A0B) in font nullfont!
Missing character: There is no 度 ("5EA6) in font nullfont!
Missing character: There is no 和 ("548C) in font nullfont!
Missing character: There is no 周 ("5468) in font nullfont!
Missing character: There is no 期 ("671F) in font nullfont!
Missing character: There is no 性 ("6027) in font nullfont!
Missing character: There is no 等 ("7B49) in font nullfont!
Missing character: There is no 。 ("3002) in font nullfont!
Missing character: There is no 其 ("5176) in font nullfont!
Missing character: There is no 具 ("5177) in font nullfont!
Missing character: There is no 体 ("4F53) in font nullfont!
Missing character: There is no 的 ("7684) in font nullfont!
Missing character: There is no 量 ("91CF) in font nullfont!
Missing character: There is no 化 ("5316) in font nullfont!
Missing character: There is no 方 ("65B9) in font nullfont!
Missing character: There is no 式 ("5F0F) in font nullfont!
Missing character: There is no 将 ("5C06) in font nullfont!
Missing character: There is no 在 ("5728) in font nullfont!
Missing character: There is no 下 ("4E0B) in font nullfont!
Missing character: There is no 一 ("4E00) in font nullfont!
Missing character: There is no 小 ("5C0F) in font nullfont!
Missing character: There is no 节 ("8282) in font nullfont!
Missing character: There is no 详 ("8BE6) in font nullfont!
Missing character: There is no 述 ("8FF0) in font nullfont!
Missing character: There is no 。 ("3002) in font nullfont!

! LaTeX Error: Something's wrong--perhaps a missing \item.

See the LaTeX manual or LaTeX Companion for explanation.
Type  H <return>  for immediate help.
 ...                                              
                                                  
l.22 ^^I\item \textbf
                     {通用网络参数 ($\bm{x}_\text{common}$)}：包含所有协议都通用的基本网络规模参数，是描...

Try typing  <return>  to proceed.
If that doesn't work, type  X <return>  to quit.


! LaTeX Error: Something's wrong--perhaps a missing \item.

See the LaTeX manual or LaTeX Companion for explanation.
Type  H <return>  for immediate help.
 ...                                              
                                                  
l.22 ^^I\item \textbf
                     {通用网络参数 ($\bm{x}_\text{common}$)}：包含所有协议都通用的基本网络规模参数，是描...

Try typing  <return>  to proceed.
If that doesn't work, type  X <return>  to quit.


! LaTeX Error: Something's wrong--perhaps a missing \item.

See the LaTeX manual or LaTeX Companion for explanation.
Type  H <return>  for immediate help.
 ...                                              
                                                  
l.22 ^^I\item \textbf
                     {通用网络参数 ($\bm{x}_\text{common}$)}：包含所有协议都通用的基本网络规模参数，是描...

Try typing  <return>  to proceed.
If that doesn't work, type  X <return>  to quit.

Missing character: There is no 通 (U+901A) in font [lmroman10-bold]:mapping=tex-
text;!
Missing character: There is no 用 (U+7528) in font [lmroman10-bold]:mapping=tex-
text;!
Missing character: There is no 网 (U+7F51) in font [lmroman10-bold]:mapping=tex-
text;!
Missing character: There is no 络 (U+7EDC) in font [lmroman10-bold]:mapping=tex-
text;!
Missing character: There is no 参 (U+53C2) in font [lmroman10-bold]:mapping=tex-
text;!
Missing character: There is no 数 (U+6570) in font [lmroman10-bold]:mapping=tex-
text;!
! Undefined control sequence.
<recently read> \bm 
                    
l.22 ...m \textbf{通用网络参数 ($\bm{x}_\text{common}$)}
                                                  ：包含所有协议都通用的基本网络规模参数，是描述网络环...
The control sequence at the end of the top line
of your error message was never \def'ed. If you have
misspelled it (e.g., `\hobx'), type `I' and the correct
spelling (e.g., `I\hbox'). Otherwise just continue,
and I'll forget about whatever was undefined.

! Undefined control sequence.
<argument> 通用网络参数 ($\bm {x}_\text 
                                  {common}$)
l.22 ...m \textbf{通用网络参数 ($\bm{x}_\text{common}$)}
                                                  ：包含所有协议都通用的基本网络规模参数，是描述网络环...
The control sequence at the end of the top line
of your error message was never \def'ed. If you have
misspelled it (e.g., `\hobx'), type `I' and the correct
spelling (e.g., `I\hbox'). Otherwise just continue,
and I'll forget about whatever was undefined.

Missing character: There is no ： ("FF1A) in font nullfont!
Missing character: There is no 包 ("5305) in font nullfont!
Missing character: There is no 含 ("542B) in font nullfont!
Missing character: There is no 所 ("6240) in font nullfont!
Missing character: There is no 有 ("6709) in font nullfont!
Missing character: There is no 协 ("534F) in font nullfont!
Missing character: There is no 议 ("8BAE) in font nullfont!
Missing character: There is no 都 ("90FD) in font nullfont!
Missing character: There is no 通 ("901A) in font nullfont!
Missing character: There is no 用 ("7528) in font nullfont!
Missing character: There is no 的 ("7684) in font nullfont!
Missing character: There is no 基 ("57FA) in font nullfont!
Missing character: There is no 本 ("672C) in font nullfont!
Missing character: There is no 网 ("7F51) in font nullfont!
Missing character: There is no 络 ("7EDC) in font nullfont!
Missing character: There is no 规 ("89C4) in font nullfont!
Missing character: There is no 模 ("6A21) in font nullfont!
Missing character: There is no 参 ("53C2) in font nullfont!
Missing character: There is no 数 ("6570) in font nullfont!
Missing character: There is no ， ("FF0C) in font nullfont!
Missing character: There is no 是 ("662F) in font nullfont!
Missing character: There is no 描 ("63CF) in font nullfont!
Missing character: There is no 述 ("8FF0) in font nullfont!
Missing character: There is no 网 ("7F51) in font nullfont!
Missing character: There is no 络 ("7EDC) in font nullfont!
Missing character: There is no 环 ("73AF) in font nullfont!
Missing character: There is no 境 ("5883) in font nullfont!
Missing character: There is no 的 ("7684) in font nullfont!
Missing character: There is no 基 ("57FA) in font nullfont!
Missing character: There is no 础 ("7840) in font nullfont!
Missing character: There is no 。 ("3002) in font nullfont!
Missing character: There is no 例 ("4F8B) in font nullfont!
Missing character: There is no 如 ("5982) in font nullfont!
Missing character: There is no ： ("FF1A) in font nullfont!

! LaTeX Error: Something's wrong--perhaps a missing \item.

See the LaTeX manual or LaTeX Companion for explanation.
Type  H <return>  for immediate help.
 ...                                              
                                                  
l.24 ^^I^^I\item $
                  N$：网络中的终端节点总数。
Try typing  <return>  to proceed.
If that doesn't work, type  X <return>  to quit.


Overfull \hbox (16.8pt too wide) in paragraph at lines 19--24
[]\TU/lmr/bx/n/10 业务流量特征
 []


Overfull \hbox (42.21321pt too wide) in paragraph at lines 19--24
\TU/lmr/bx/n/10 ($\OML/cmm/m/it/10 x[]$\TU/lmr/bx/n/10 )
 []


Overfull \hbox (16.8pt too wide) in paragraph at lines 19--24
[]\TU/lmr/bx/n/10 通用网络参数
 []


Overfull \hbox (45.75902pt too wide) in paragraph at lines 19--24
\TU/lmr/bx/n/10 ($\OML/cmm/m/it/10 x[]$\TU/lmr/bx/n/10 ) 
 []

Missing character: There is no ： ("FF1A) in font nullfont!
Missing character: There is no 网 ("7F51) in font nullfont!
Missing character: There is no 络 ("7EDC) in font nullfont!
Missing character: There is no 中 ("4E2D) in font nullfont!
Missing character: There is no 的 ("7684) in font nullfont!
Missing character: There is no 终 ("7EC8) in font nullfont!
Missing character: There is no 端 ("7AEF) in font nullfont!
Missing character: There is no 节 ("8282) in font nullfont!
Missing character: There is no 点 ("70B9) in font nullfont!
Missing character: There is no 总 ("603B) in font nullfont!
Missing character: There is no 数 ("6570) in font nullfont!
Missing character: There is no 。 ("3002) in font nullfont!

Overfull \hbox (9.12497pt too wide) in paragraph at lines 24--25
\OML/cmm/m/it/10 N$ 
 []

Missing character: There is no 协 (U+534F) in font [lmroman10-bold]:mapping=tex-
text;!
Missing character: There is no 议 (U+8BAE) in font [lmroman10-bold]:mapping=tex-
text;!
Missing character: There is no 专 (U+4E13) in font [lmroman10-bold]:mapping=tex-
text;!
Missing character: There is no 属 (U+5C5E) in font [lmroman10-bold]:mapping=tex-
text;!
Missing character: There is no 参 (U+53C2) in font [lmroman10-bold]:mapping=tex-
text;!
Missing character: There is no 数 (U+6570) in font [lmroman10-bold]:mapping=tex-
text;!
! Undefined control sequence.
<recently read> \bm 
                    
l.27 ...em \textbf{协议专属参数 ($\bm{x}_\text{proto}$)}
                                                  ：一个包含了各类协议专属可调参数的超集。对于某个特定...
The control sequence at the end of the top line
of your error message was never \def'ed. If you have
misspelled it (e.g., `\hobx'), type `I' and the correct
spelling (e.g., `I\hbox'). Otherwise just continue,
and I'll forget about whatever was undefined.

! Undefined control sequence.
<argument> 协议专属参数 ($\bm {x}_\text 
                                  {proto}$)
l.27 ...em \textbf{协议专属参数 ($\bm{x}_\text{proto}$)}
                                                  ：一个包含了各类协议专属可调参数的超集。对于某个特定...
The control sequence at the end of the top line
of your error message was never \def'ed. If you have
misspelled it (e.g., `\hobx'), type `I' and the correct
spelling (e.g., `I\hbox'). Otherwise just continue,
and I'll forget about whatever was undefined.

Missing character: There is no ： ("FF1A) in font nullfont!
Missing character: There is no 一 ("4E00) in font nullfont!
Missing character: There is no 个 ("4E2A) in font nullfont!
Missing character: There is no 包 ("5305) in font nullfont!
Missing character: There is no 含 ("542B) in font nullfont!
Missing character: There is no 了 ("4E86) in font nullfont!
Missing character: There is no 各 ("5404) in font nullfont!
Missing character: There is no 类 ("7C7B) in font nullfont!
Missing character: There is no 协 ("534F) in font nullfont!
Missing character: There is no 议 ("8BAE) in font nullfont!
Missing character: There is no 专 ("4E13) in font nullfont!
Missing character: There is no 属 ("5C5E) in font nullfont!
Missing character: There is no 可 ("53EF) in font nullfont!
Missing character: There is no 调 ("8C03) in font nullfont!
Missing character: There is no 参 ("53C2) in font nullfont!
Missing character: There is no 数 ("6570) in font nullfont!
Missing character: There is no 的 ("7684) in font nullfont!
Missing character: There is no 超 ("8D85) in font nullfont!
Missing character: There is no 集 ("96C6) in font nullfont!
Missing character: There is no 。 ("3002) in font nullfont!
Missing character: There is no 对 ("5BF9) in font nullfont!
Missing character: There is no 于 ("4E8E) in font nullfont!
Missing character: There is no 某 ("67D0) in font nullfont!
Missing character: There is no 个 ("4E2A) in font nullfont!
Missing character: There is no 特 ("7279) in font nullfont!
Missing character: There is no 定 ("5B9A) in font nullfont!
Missing character: There is no 的 ("7684) in font nullfont!
Missing character: There is no 协 ("534F) in font nullfont!
Missing character: There is no 议 ("8BAE) in font nullfont!
Missing character: There is no ， ("FF0C) in font nullfont!
Missing character: There is no 只 ("53EA) in font nullfont!
Missing character: There is no 有 ("6709) in font nullfont!
Missing character: There is no 其 ("5176) in font nullfont!
Missing character: There is no 中 ("4E2D) in font nullfont!
Missing character: There is no 一 ("4E00) in font nullfont!
Missing character: There is no 部 ("90E8) in font nullfont!
Missing character: There is no 分 ("5206) in font nullfont!
Missing character: There is no 参 ("53C2) in font nullfont!
Missing character: There is no 数 ("6570) in font nullfont!
Missing character: There is no 是 ("662F) in font nullfont!
Missing character: There is no 有 ("6709) in font nullfont!
Missing character: There is no 效 ("6548) in font nullfont!
Missing character: There is no 的 ("7684) in font nullfont!
Missing character: There is no 。 ("3002) in font nullfont!
Missing character: There is no 例 ("4F8B) in font nullfont!
Missing character: There is no 如 ("5982) in font nullfont!
Missing character: There is no ： ("FF1A) in font nullfont!

Overfull \hbox (16.8pt too wide) in paragraph at lines 27--28
\TU/lmr/bx/n/10 协议专属参数
 []


Overfull \hbox (34.12115pt too wide) in paragraph at lines 27--28
\TU/lmr/bx/n/10 ($\OML/cmm/m/it/10 x[]$\TU/lmr/bx/n/10 ) 
 []

Missing character: There is no ： ("FF1A) in font nullfont!
Missing character: There is no 协 ("534F) in font nullfont!
Missing character: There is no 议 ("8BAE) in font nullfont!
Missing character: There is no 类 ("7C7B) in font nullfont!
Missing character: There is no 型 ("578B) in font nullfont!
Missing character: There is no ， ("FF0C) in font nullfont!
Missing character: There is no 其 ("5176) in font nullfont!
Missing character: There is no 中 ("4E2D) in font nullfont!
Missing character: There is no 。 ("3002) in font nullfont!

Overfull \hbox (5.03125pt too wide) in paragraph at lines 29--30
\OML/cmm/m/it/10 p$
 []


Overfull \hbox (14.47565pt too wide) in paragraph at lines 29--30
\OML/cmm/m/it/10 p \OMS/cmsy/m/n/10 2
 []


Overfull \hbox (18.33331pt too wide) in paragraph at lines 29--30
\OMS/cmsy/m/n/10 P \OT1/cmr/m/n/10 =
 []


Overfull \hbox (54.48048pt too wide) in paragraph at lines 29--30
\OMS/cmsy/m/n/10 f\OML/cmm/m/it/10 p[]; [] ; p[]\OMS/cmsy/m/n/10 g$ 
 []

Missing character: There is no ： ("FF1A) in font nullfont!
Missing character: There is no 接 ("63A5) in font nullfont!
Missing character: There is no 入 ("5165) in font nullfont!
Missing character: There is no 概 ("6982) in font nullfont!
Missing character: There is no 率 ("7387) in font nullfont!
Missing character: There is no （ ("FF08) in font nullfont!
Missing character: There is no 适 ("9002) in font nullfont!
Missing character: There is no 用 ("7528) in font nullfont!
Missing character: There is no 于 ("4E8E) in font nullfont!
Missing character: There is no A ("41) in font nullfont!
Missing character: There is no L ("4C) in font nullfont!
Missing character: There is no O ("4F) in font nullfont!
Missing character: There is no H ("48) in font nullfont!
Missing character: There is no A ("41) in font nullfont!
Missing character: There is no 类 ("7C7B) in font nullfont!
Missing character: There is no 协 ("534F) in font nullfont!
Missing character: There is no 议 ("8BAE) in font nullfont!
Missing character: There is no ） ("FF09) in font nullfont!
Missing character: There is no 。 ("3002) in font nullfont!

Overfull \hbox (4.8229pt too wide) in paragraph at lines 30--31
\OML/cmm/m/it/10 q$ 
 []

Missing character: There is no ： ("FF1A) in font nullfont!
Missing character: There is no 连 ("8FDE) in font nullfont!
Missing character: There is no 续 ("7EED) in font nullfont!
Missing character: There is no 传 ("4F20) in font nullfont!
Missing character: There is no 输 ("8F93) in font nullfont!
Missing character: There is no 长 ("957F) in font nullfont!
Missing character: There is no 度 ("5EA6) in font nullfont!
Missing character: There is no （ ("FF08) in font nullfont!
Missing character: There is no 适 ("9002) in font nullfont!
Missing character: There is no 用 ("7528) in font nullfont!
Missing character: There is no 于 ("4E8E) in font nullfont!
Missing character: There is no C ("43) in font nullfont!
Missing character: There is no B ("42) in font nullfont!
Missing character: There is no A ("41) in font nullfont!
Missing character: There is no 协 ("534F) in font nullfont!
Missing character: There is no 议 ("8BAE) in font nullfont!
Missing character: There is no ） ("FF09) in font nullfont!
Missing character: There is no 。 ("3002) in font nullfont!

Overfull \hbox (10.79166pt too wide) in paragraph at lines 31--32
\OML/cmm/m/it/10 M$ 
 []

Missing character: There is no ： ("FF1A) in font nullfont!
Missing character: There is no 副 ("526F) in font nullfont!
Missing character: There is no 本 ("672C) in font nullfont!
Missing character: There is no 数 ("6570) in font nullfont!
Missing character: There is no 量 ("91CF) in font nullfont!
Missing character: There is no （ ("FF08) in font nullfont!
Missing character: There is no 适 ("9002) in font nullfont!
Missing character: There is no 用 ("7528) in font nullfont!
Missing character: There is no 于 ("4E8E) in font nullfont!
Missing character: There is no I ("49) in font nullfont!
Missing character: There is no R ("52) in font nullfont!
Missing character: There is no S ("53) in font nullfont!
Missing character: There is no A ("41) in font nullfont!
Missing character: There is no 、 ("3001) in font nullfont!
Missing character: There is no C ("43) in font nullfont!
Missing character: There is no R ("52) in font nullfont!
Missing character: There is no D ("44) in font nullfont!
Missing character: There is no S ("53) in font nullfont!
Missing character: There is no A ("41) in font nullfont!
Missing character: There is no 等 ("7B49) in font nullfont!
Missing character: There is no 协 ("534F) in font nullfont!
Missing character: There is no 议 ("8BAE) in font nullfont!
Missing character: There is no ） ("FF09) in font nullfont!
Missing character: There is no 。 ("3002) in font nullfont!

Overfull \hbox (6.80557pt too wide) in paragraph at lines 32--33
\OML/cmm/m/it/10 L$ 
 []

Missing character: There is no ： ("FF1A) in font nullfont!
Missing character: There is no 帧 ("5E27) in font nullfont!
Missing character: There is no 长 ("957F) in font nullfont!
Missing character: There is no 度 ("5EA6) in font nullfont!
Missing character: There is no （ ("FF08) in font nullfont!
Missing character: There is no 适 ("9002) in font nullfont!
Missing character: There is no 用 ("7528) in font nullfont!
Missing character: There is no 于 ("4E8E) in font nullfont!
Missing character: There is no C ("43) in font nullfont!
Missing character: There is no R ("52) in font nullfont!
Missing character: There is no D ("44) in font nullfont!
Missing character: There is no S ("53) in font nullfont!
Missing character: There is no A ("41) in font nullfont!
Missing character: There is no 等 ("7B49) in font nullfont!
Missing character: There is no 成 ("6210) in font nullfont!
Missing character: There is no 帧 ("5E27) in font nullfont!
Missing character: There is no 协 ("534F) in font nullfont!
Missing character: There is no 议 ("8BAE) in font nullfont!
Missing character: There is no ） ("FF09) in font nullfont!
Missing character: There is no 。 ("3002) in font nullfont!

Overfull \hbox (7.81946pt too wide) in paragraph at lines 33--34
\OML/cmm/m/it/10 F$ 
 []

Missing character: There is no 为 ("4E3A) in font nullfont!
Missing character: There is no 保 ("4FDD) in font nullfont!
Missing character: There is no 证 ("8BC1) in font nullfont!
Missing character: There is no 输 ("8F93) in font nullfont!
Missing character: There is no 入 ("5165) in font nullfont!
Missing character: There is no 向 ("5411) in font nullfont!
Missing character: There is no 量 ("91CF) in font nullfont!
Missing character: There is no 具 ("5177) in font nullfont!
Missing character: There is no 有 ("6709) in font nullfont!
Missing character: There is no 统 ("7EDF) in font nullfont!
Missing character: There is no 一 ("4E00) in font nullfont!
Missing character: There is no 的 ("7684) in font nullfont!
Missing character: There is no 维 ("7EF4) in font nullfont!
Missing character: There is no 度 ("5EA6) in font nullfont!
Missing character: There is no ， ("FF0C) in font nullfont!
Missing character: There is no 我 ("6211) in font nullfont!
Missing character: There is no 们 ("4EEC) in font nullfont!
Missing character: There is no 将 ("5C06) in font nullfont!
Missing character: There is no 通 ("901A) in font nullfont!
Missing character: There is no 用 ("7528) in font nullfont!
Missing character: There is no 参 ("53C2) in font nullfont!
Missing character: There is no 数 ("6570) in font nullfont!
Missing character: There is no 与 ("4E0E) in font nullfont!
Missing character: There is no 协 ("534F) in font nullfont!
Missing character: There is no 议 ("8BAE) in font nullfont!
Missing character: There is no 专 ("4E13) in font nullfont!
Missing character: There is no 属 ("5C5E) in font nullfont!
Missing character: There is no 参 ("53C2) in font nullfont!
Missing character: There is no 数 ("6570) in font nullfont!
Missing character: There is no 拼 ("62FC) in font nullfont!
Missing character: There is no 接 ("63A5) in font nullfont!
Missing character: There is no 成 ("6210) in font nullfont!
Missing character: There is no 一 ("4E00) in font nullfont!
Missing character: There is no 个 ("4E2A) in font nullfont!
Missing character: There is no 统 ("7EDF) in font nullfont!
Missing character: There is no 一 ("4E00) in font nullfont!
Missing character: There is no 的 ("7684) in font nullfont!
Missing character: There is no 参 ("53C2) in font nullfont!
Missing character: There is no 数 ("6570) in font nullfont!
Missing character: There is no 向 ("5411) in font nullfont!
Missing character: There is no 量 ("91CF) in font nullfont!
! Undefined control sequence.
<recently read> \xvec 
                      
l.37 ...量具有统一的维度，我们将通用参数与协议专属参数拼接成一个统一的参数向量 $\xvec
                                                  _{\text{param}} = [\bm{x}_...
The control sequence at the end of the top line
of your error message was never \def'ed. If you have
misspelled it (e.g., `\hobx'), type `I' and the correct
spelling (e.g., `I\hbox'). Otherwise just continue,
and I'll forget about whatever was undefined.

! Undefined control sequence.
l.37 ...度，我们将通用参数与协议专属参数拼接成一个统一的参数向量 $\xvec_{\text
                                                  {param}} = [\bm{x}_\text{c...
The control sequence at the end of the top line
of your error message was never \def'ed. If you have
misspelled it (e.g., `\hobx'), type `I' and the correct
spelling (e.g., `I\hbox'). Otherwise just continue,
and I'll forget about whatever was undefined.

! Undefined control sequence.
l.37 ...数拼接成一个统一的参数向量 $\xvec_{\text{param}} = [\bm
                                                  {x}_\text{common}, \bm{x}_...
The control sequence at the end of the top line
of your error message was never \def'ed. If you have
misspelled it (e.g., `\hobx'), type `I' and the correct
spelling (e.g., `I\hbox'). Otherwise just continue,
and I'll forget about whatever was undefined.

! Undefined control sequence.
l.37 ...参数向量 $\xvec_{\text{param}} = [\bm{x}_\text
                                                  {common}, \bm{x}_\text{pro...
The control sequence at the end of the top line
of your error message was never \def'ed. If you have
misspelled it (e.g., `\hobx'), type `I' and the correct
spelling (e.g., `I\hbox'). Otherwise just continue,
and I'll forget about whatever was undefined.

! Undefined control sequence.
l.37 ...\text{param}} = [\bm{x}_\text{common}, \bm
                                                  {x}_\text{proto}]$。对于在特定协议...
The control sequence at the end of the top line
of your error message was never \def'ed. If you have
misspelled it (e.g., `\hobx'), type `I' and the correct
spelling (e.g., `I\hbox'). Otherwise just continue,
and I'll forget about whatever was undefined.

! Undefined control sequence.
l.37 ...am}} = [\bm{x}_\text{common}, \bm{x}_\text
                                                  {proto}]$。对于在特定协议下不适用的参数，我...
The control sequence at the end of the top line
of your error message was never \def'ed. If you have
misspelled it (e.g., `\hobx'), type `I' and the correct
spelling (e.g., `I\hbox'). Otherwise just continue,
and I'll forget about whatever was undefined.

Missing character: There is no 。 ("3002) in font nullfont!
Missing character: There is no 对 ("5BF9) in font nullfont!
Missing character: There is no 于 ("4E8E) in font nullfont!
Missing character: There is no 在 ("5728) in font nullfont!
Missing character: There is no 特 ("7279) in font nullfont!
Missing character: There is no 定 ("5B9A) in font nullfont!
Missing character: There is no 协 ("534F) in font nullfont!
Missing character: There is no 议 ("8BAE) in font nullfont!
Missing character: There is no 下 ("4E0B) in font nullfont!
Missing character: There is no 不 ("4E0D) in font nullfont!
Missing character: There is no 适 ("9002) in font nullfont!
Missing character: There is no 用 ("7528) in font nullfont!
Missing character: There is no 的 ("7684) in font nullfont!
Missing character: There is no 参 ("53C2) in font nullfont!
Missing character: There is no 数 ("6570) in font nullfont!
Missing character: There is no ， ("FF0C) in font nullfont!
Missing character: There is no 我 ("6211) in font nullfont!
Missing character: There is no 们 ("4EEC) in font nullfont!
Missing character: There is no 采 ("91C7) in font nullfont!
Missing character: There is no 用 ("7528) in font nullfont!
Missing character: There is no 占 ("5360) in font nullfont!
Missing character: There is no 位 ("4F4D) in font nullfont!
Missing character: There is no 符 ("7B26) in font nullfont!
Missing character: There is no 填 ("586B) in font nullfont!
Missing character: There is no 充 ("5145) in font nullfont!
Missing character: There is no ， ("FF0C) in font nullfont!
Missing character: There is no 并 ("5E76) in font nullfont!
Missing character: There is no 引 ("5F15) in font nullfont!
Missing character: There is no 入 ("5165) in font nullfont!
Missing character: There is no 一 ("4E00) in font nullfont!
Missing character: There is no 个 ("4E2A) in font nullfont!
Missing character: There is no 有 ("6709) in font nullfont!
Missing character: There is no 效 ("6548) in font nullfont!
Missing character: There is no 性 ("6027) in font nullfont!
Missing character: There is no 掩 ("63A9) in font nullfont!
Missing character: There is no 码 ("7801) in font nullfont!
Missing character: There is no （ ("FF08) in font nullfont!
Missing character: There is no v ("76) in font nullfont!
Missing character: There is no a ("61) in font nullfont!
Missing character: There is no l ("6C) in font nullfont!
Missing character: There is no i ("69) in font nullfont!
Missing character: There is no d ("64) in font nullfont!
Missing character: There is no i ("69) in font nullfont!
Missing character: There is no t ("74) in font nullfont!
Missing character: There is no y ("79) in font nullfont!
Missing character: There is no m ("6D) in font nullfont!
Missing character: There is no a ("61) in font nullfont!
Missing character: There is no s ("73) in font nullfont!
Missing character: There is no k ("6B) in font nullfont!
Missing character: There is no ） ("FF09) in font nullfont!
! Undefined control sequence.
<recently read> \xvec 
                      
l.37 ...，我们采用占位符填充，并引入一个有效性掩码（validity mask）$\xvec
                                                  ^{(\text{mask})}$ 来标示每个参数的...
The control sequence at the end of the top line
of your error message was never \def'ed. If you have
misspelled it (e.g., `\hobx'), type `I' and the correct
spelling (e.g., `I\hbox'). Otherwise just continue,
and I'll forget about whatever was undefined.

! Undefined control sequence.
l.37 ...填充，并引入一个有效性掩码（validity mask）$\xvec^{(\text
                                                  {mask})}$ 来标示每个参数的有效性：
The control sequence at the end of the top line
of your error message was never \def'ed. If you have
misspelled it (e.g., `\hobx'), type `I' and the correct
spelling (e.g., `I\hbox'). Otherwise just continue,
and I'll forget about whatever was undefined.

Missing character: There is no 来 ("6765) in font nullfont!
Missing character: There is no 标 ("6807) in font nullfont!
Missing character: There is no 示 ("793A) in font nullfont!
Missing character: There is no 每 ("6BCF) in font nullfont!
Missing character: There is no 个 ("4E2A) in font nullfont!
Missing character: There is no 参 ("53C2) in font nullfont!
Missing character: There is no 数 ("6570) in font nullfont!
Missing character: There is no 的 ("7684) in font nullfont!
Missing character: There is no 有 ("6709) in font nullfont!
Missing character: There is no 效 ("6548) in font nullfont!
Missing character: There is no 性 ("6027) in font nullfont!
Missing character: There is no ： ("FF1A) in font nullfont!

Overfull \hbox (20.0pt too wide) in paragraph at lines 37--38
[]
 []


Overfull \hbox (34.87752pt too wide) in paragraph at lines 37--38
[] \OT1/cmr/m/n/10 =
 []


Overfull \hbox (72.00015pt too wide) in paragraph at lines 37--38
\OT1/cmr/m/n/10 [\OML/cmm/m/it/10 x[]; x[]\OT1/cmr/m/n/10 ]$
 []


Overfull \hbox (26.37828pt too wide) in paragraph at lines 37--38
[]$
 []

! Undefined control sequence.
l.39 ^^Ix^{(\text
                 {mask})}_k =
The control sequence at the end of the top line
of your error message was never \def'ed. If you have
misspelled it (e.g., `\hobx'), type `I' and the correct
spelling (e.g., `I\hbox'). Otherwise just continue,
and I'll forget about whatever was undefined.

! Misplaced alignment tab character &.
l.41 ^^I^^I1, &
                \text{若第 } k \text{ 个参数在当前样本中有效} \\
I can't figure out why you would want to use a tab mark
here. If you just want an ampersand, the remedy is
simple: Just type `I\&' now. But if some right brace
up above has ended a previous alignment prematurely,
you're probably due for more error messages, and you
might try typing `S' now just to see what is salvageable.

! Undefined control sequence.
l.41 ^^I^^I1, & \text
                     {若第 } k \text{ 个参数在当前样本中有效} \\
The control sequence at the end of the top line
of your error message was never \def'ed. If you have
misspelled it (e.g., `\hobx'), type `I' and the correct
spelling (e.g., `I\hbox'). Otherwise just continue,
and I'll forget about whatever was undefined.

! Undefined control sequence.
l.41 ^^I^^I1, & \text{若第 } k \text
                                  { 个参数在当前样本中有效} \\
The control sequence at the end of the top line
of your error message was never \def'ed. If you have
misspelled it (e.g., `\hobx'), type `I' and the correct
spelling (e.g., `I\hbox'). Otherwise just continue,
and I'll forget about whatever was undefined.

! Misplaced alignment tab character &.
l.42 ^^I^^I0, &
                \text{若该参数不适用}
I can't figure out why you would want to use a tab mark
here. If you just want an ampersand, the remedy is
simple: Just type `I\&' now. But if some right brace
up above has ended a previous alignment prematurely,
you're probably due for more error messages, and you
might try typing `S' now just to see what is salvageable.

! Undefined control sequence.
l.42 ^^I^^I0, & \text
                     {若该参数不适用}
The control sequence at the end of the top line
of your error message was never \def'ed. If you have
misspelled it (e.g., `\hobx'), type `I' and the correct
spelling (e.g., `I\hbox'). Otherwise just continue,
and I'll forget about whatever was undefined.

Missing character: There is no 若 ("82E5) in font cmr10!
Missing character: There is no 第 ("7B2C) in font cmr10!
Missing character: There is no 个 ("4E2A) in font cmr10!
Missing character: There is no 参 ("53C2) in font cmr10!
Missing character: There is no 数 ("6570) in font cmr10!
Missing character: There is no 在 ("5728) in font cmr10!
Missing character: There is no 当 ("5F53) in font cmr10!
Missing character: There is no 前 ("524D) in font cmr10!
Missing character: There is no 样 ("6837) in font cmr10!
Missing character: There is no 本 ("672C) in font cmr10!
Missing character: There is no 中 ("4E2D) in font cmr10!
Missing character: There is no 有 ("6709) in font cmr10!
Missing character: There is no 效 ("6548) in font cmr10!
Missing character: There is no 若 ("82E5) in font cmr10!
Missing character: There is no 该 ("8BE5) in font cmr10!
Missing character: There is no 参 ("53C2) in font cmr10!
Missing character: There is no 数 ("6570) in font cmr10!
Missing character: There is no 不 ("4E0D) in font cmr10!
Missing character: There is no 适 ("9002) in font cmr10!
Missing character: There is no 用 ("7528) in font cmr10!

Overfull \hbox (79.36974pt too wide) detected at line 44
\OML/cmm/m/it/10 x[] \OT1/cmr/m/n/10 = [] \OML/cmm/m/it/10 ; []k[][] \OT1/cmr/m
/n/10 0\OML/cmm/m/it/10 ; []
 []

Missing character: There is no 最 ("6700) in font nullfont!
Missing character: There is no 终 ("7EC8) in font nullfont!
Missing character: There is no ， ("FF0C) in font nullfont!
Missing character: There is no 完 ("5B8C) in font nullfont!
Missing character: There is no 整 ("6574) in font nullfont!
Missing character: There is no 的 ("7684) in font nullfont!
Missing character: There is no 标 ("6807) in font nullfont!
Missing character: There is no 准 ("51C6) in font nullfont!
Missing character: There is no 化 ("5316) in font nullfont!
Missing character: There is no 输 ("8F93) in font nullfont!
Missing character: There is no 入 ("5165) in font nullfont!
Missing character: There is no 向 ("5411) in font nullfont!
Missing character: There is no 量 ("91CF) in font nullfont!
Missing character: There is no 可 ("53EF) in font nullfont!
Missing character: There is no 表 ("8868) in font nullfont!
Missing character: There is no 示 ("793A) in font nullfont!
Missing character: There is no 为 ("4E3A) in font nullfont!
! Undefined control sequence.
<recently read> \Xinput 
                        
l.45 最终，完整的标准化输入向量可表示为 $\Xinput
                                = (\bm{x}_{\text{traffic}}, \xvec_{\text{par...
The control sequence at the end of the top line
of your error message was never \def'ed. If you have
misspelled it (e.g., `\hobx'), type `I' and the correct
spelling (e.g., `I\hbox'). Otherwise just continue,
and I'll forget about whatever was undefined.

! Undefined control sequence.
l.45 最终，完整的标准化输入向量可表示为 $\Xinput = (\bm
                                      {x}_{\text{traffic}}, \xvec_{\text{par...
The control sequence at the end of the top line
of your error message was never \def'ed. If you have
misspelled it (e.g., `\hobx'), type `I' and the correct
spelling (e.g., `I\hbox'). Otherwise just continue,
and I'll forget about whatever was undefined.

! Undefined control sequence.
l.45 最终，完整的标准化输入向量可表示为 $\Xinput = (\bm{x}_{\text
                                                {traffic}}, \xvec_{\text{par...
The control sequence at the end of the top line
of your error message was never \def'ed. If you have
misspelled it (e.g., `\hobx'), type `I' and the correct
spelling (e.g., `I\hbox'). Otherwise just continue,
and I'll forget about whatever was undefined.

! Undefined control sequence.
l.45 ...$\Xinput = (\bm{x}_{\text{traffic}}, \xvec
                                                  _{\text{param}}, \xvec^{(\...
The control sequence at the end of the top line
of your error message was never \def'ed. If you have
misspelled it (e.g., `\hobx'), type `I' and the correct
spelling (e.g., `I\hbox'). Otherwise just continue,
and I'll forget about whatever was undefined.

! Undefined control sequence.
l.45 ...t = (\bm{x}_{\text{traffic}}, \xvec_{\text
                                                  {param}}, \xvec^{(\text{ma...
The control sequence at the end of the top line
of your error message was never \def'ed. If you have
misspelled it (e.g., `\hobx'), type `I' and the correct
spelling (e.g., `I\hbox'). Otherwise just continue,
and I'll forget about whatever was undefined.

! Undefined control sequence.
l.45 ...ext{traffic}}, \xvec_{\text{param}}, \xvec
                                                  ^{(\text{mask})})$。通过这种方式，...
The control sequence at the end of the top line
of your error message was never \def'ed. If you have
misspelled it (e.g., `\hobx'), type `I' and the correct
spelling (e.g., `I\hbox'). Otherwise just continue,
and I'll forget about whatever was undefined.

! Undefined control sequence.
l.45 ...fic}}, \xvec_{\text{param}}, \xvec^{(\text
                                                  {mask})})$。通过这种方式，框架能够利用统一...
The control sequence at the end of the top line
of your error message was never \def'ed. If you have
misspelled it (e.g., `\hobx'), type `I' and the correct
spelling (e.g., `I\hbox'). Otherwise just continue,
and I'll forget about whatever was undefined.

Missing character: There is no 。 ("3002) in font nullfont!
Missing character: There is no 通 ("901A) in font nullfont!
Missing character: There is no 过 ("8FC7) in font nullfont!
Missing character: There is no 这 ("8FD9) in font nullfont!
Missing character: There is no 种 ("79CD) in font nullfont!
Missing character: There is no 方 ("65B9) in font nullfont!
Missing character: There is no 式 ("5F0F) in font nullfont!
Missing character: There is no ， ("FF0C) in font nullfont!
Missing character: There is no 框 ("6846) in font nullfont!
Missing character: There is no 架 ("67B6) in font nullfont!
Missing character: There is no 能 ("80FD) in font nullfont!
Missing character: There is no 够 ("591F) in font nullfont!
Missing character: There is no 利 ("5229) in font nullfont!
Missing character: There is no 用 ("7528) in font nullfont!
Missing character: There is no 统 ("7EDF) in font nullfont!
Missing character: There is no 一 ("4E00) in font nullfont!
Missing character: There is no 的 ("7684) in font nullfont!
Missing character: There is no 输 ("8F93) in font nullfont!
Missing character: There is no 入 ("5165) in font nullfont!
Missing character: There is no 结 ("7ED3) in font nullfont!
Missing character: There is no 构 ("6784) in font nullfont!
Missing character: There is no 处 ("5904) in font nullfont!
Missing character: There is no 理 ("7406) in font nullfont!
Missing character: There is no 多 ("591A) in font nullfont!
Missing character: There is no 样 ("6837) in font nullfont!
Missing character: There is no 化 ("5316) in font nullfont!
Missing character: There is no 的 ("7684) in font nullfont!
Missing character: There is no 协 ("534F) in font nullfont!
Missing character: There is no 议 ("8BAE) in font nullfont!
Missing character: There is no ， ("FF0C) in font nullfont!
Missing character: There is no 同 ("540C) in font nullfont!
Missing character: There is no 时 ("65F6) in font nullfont!
Missing character: There is no 让 ("8BA9) in font nullfont!
Missing character: There is no 后 ("540E) in font nullfont!
Missing character: There is no 续 ("7EED) in font nullfont!
Missing character: There is no 的 ("7684) in font nullfont!
Missing character: There is no A ("41) in font nullfont!
Missing character: There is no I ("49) in font nullfont!
Missing character: There is no 模 ("6A21) in font nullfont!
Missing character: There is no 型 ("578B) in font nullfont!
Missing character: There is no 能 ("80FD) in font nullfont!
Missing character: There is no 够 ("591F) in font nullfont!
Missing character: There is no 清 ("6E05) in font nullfont!
Missing character: There is no 晰 ("6670) in font nullfont!
Missing character: There is no 地 ("5730) in font nullfont!
Missing character: There is no 辨 ("8FA8) in font nullfont!
Missing character: There is no 别 ("522B) in font nullfont!
Missing character: There is no 哪 ("54EA) in font nullfont!
Missing character: There is no 些 ("4E9B) in font nullfont!
Missing character: There is no 特 ("7279) in font nullfont!
Missing character: There is no 征 ("5F81) in font nullfont!
Missing character: There is no 在 ("5728) in font nullfont!
Missing character: There is no 当 ("5F53) in font nullfont!
Missing character: There is no 前 ("524D) in font nullfont!
Missing character: There is no 场 ("573A) in font nullfont!
Missing character: There is no 景 ("666F) in font nullfont!
Missing character: There is no 下 ("4E0B) in font nullfont!
Missing character: There is no 是 ("662F) in font nullfont!
Missing character: There is no 相 ("76F8) in font nullfont!
Missing character: There is no 关 ("5173) in font nullfont!
Missing character: There is no 的 ("7684) in font nullfont!
Missing character: There is no 。 ("3002) in font nullfont!

Overfull \hbox (7.7778pt too wide) in paragraph at lines 44--46
 $\OT1/cmr/m/n/10 =
 []


Overfull \hbox (100.64012pt too wide) in paragraph at lines 44--46
\OT1/cmr/m/n/10 (\OML/cmm/m/it/10 x[];[] ;[] \OT1/cmr/m/n/10 )$ 
 []

! Undefined control sequence.
l.47 \subsection
                {业务流量特征的量化表示}
The control sequence at the end of the top line
of your error message was never \def'ed. If you have
misspelled it (e.g., `\hobx'), type `I' and the correct
spelling (e.g., `I\hbox'). Otherwise just continue,
and I'll forget about whatever was undefined.

Missing character: There is no 业 ("4E1A) in font nullfont!
Missing character: There is no 务 ("52A1) in font nullfont!
Missing character: There is no 流 ("6D41) in font nullfont!
Missing character: There is no 量 ("91CF) in font nullfont!
Missing character: There is no 特 ("7279) in font nullfont!
Missing character: There is no 征 ("5F81) in font nullfont!
Missing character: There is no 的 ("7684) in font nullfont!
Missing character: There is no 量 ("91CF) in font nullfont!
Missing character: There is no 化 ("5316) in font nullfont!
Missing character: There is no 表 ("8868) in font nullfont!
Missing character: There is no 示 ("793A) in font nullfont!
Missing character: There is no 为 ("4E3A) in font nullfont!
Missing character: There is no 在 ("5728) in font nullfont!
Missing character: There is no 统 ("7EDF) in font nullfont!
Missing character: There is no 一 ("4E00) in font nullfont!
Missing character: There is no 框 ("6846) in font nullfont!
Missing character: There is no 架 ("67B6) in font nullfont!
Missing character: There is no 下 ("4E0B) in font nullfont!
Missing character: There is no 对 ("5BF9) in font nullfont!
Missing character: There is no 不 ("4E0D) in font nullfont!
Missing character: There is no 同 ("540C) in font nullfont!
Missing character: There is no 类 ("7C7B) in font nullfont!
Missing character: There is no 型 ("578B) in font nullfont!
Missing character: There is no 的 ("7684) in font nullfont!
Missing character: There is no 物 ("7269) in font nullfont!
Missing character: There is no 联 ("8054) in font nullfont!
Missing character: There is no 网 ("7F51) in font nullfont!
Missing character: There is no 业 ("4E1A) in font nullfont!
Missing character: There is no 务 ("52A1) in font nullfont!
Missing character: There is no 流 ("6D41) in font nullfont!
Missing character: There is no 量 ("91CF) in font nullfont!
Missing character: There is no （ ("FF08) in font nullfont!
Missing character: There is no 如 ("5982) in font nullfont!
Missing character: There is no 均 ("5747) in font nullfont!
Missing character: There is no 匀 ("5300) in font nullfont!
Missing character: There is no 、 ("3001) in font nullfont!
Missing character: There is no 突 ("7A81) in font nullfont!
Missing character: There is no 发 ("53D1) in font nullfont!
Missing character: There is no 、 ("3001) in font nullfont!
Missing character: There is no 周 ("5468) in font nullfont!
Missing character: There is no 期 ("671F) in font nullfont!
Missing character: There is no 性 ("6027) in font nullfont!
Missing character: There is no ） ("FF09) in font nullfont!
Missing character: There is no 进 ("8FDB) in font nullfont!
Missing character: There is no 行 ("884C) in font nullfont!
Missing character: There is no 统 ("7EDF) in font nullfont!
Missing character: There is no 一 ("4E00) in font nullfont!
Missing character: There is no 描 ("63CF) in font nullfont!
Missing character: There is no 述 ("8FF0) in font nullfont!
Missing character: There is no ， ("FF0C) in font nullfont!
Missing character: There is no 本 ("672C) in font nullfont!
Missing character: There is no 章 ("7AE0) in font nullfont!
Missing character: There is no 设 ("8BBE) in font nullfont!
Missing character: There is no 计 ("8BA1) in font nullfont!
Missing character: There is no 了 ("4E86) in font nullfont!
Missing character: There is no 一 ("4E00) in font nullfont!
Missing character: There is no 个 ("4E2A) in font nullfont!
Missing character: There is no 紧 ("7D27) in font nullfont!
Missing character: There is no 凑 ("51D1) in font nullfont!
Missing character: There is no 的 ("7684) in font nullfont!
Missing character: There is no 三 ("4E09) in font nullfont!
Missing character: There is no 维 ("7EF4) in font nullfont!
Missing character: There is no 流 ("6D41) in font nullfont!
Missing character: There is no 量 ("91CF) in font nullfont!
Missing character: There is no 特 ("7279) in font nullfont!
Missing character: There is no 征 ("5F81) in font nullfont!
Missing character: There is no 向 ("5411) in font nullfont!
Missing character: There is no 量 ("91CF) in font nullfont!
! Undefined control sequence.
<recently read> \bm 
                    
l.48 ...（如均匀、突发、周期性）进行统一描述，本章设计了一个紧凑的三维流量特征向量 $\bm
                                                  {x}_\text{traffic} = [\rho...
The control sequence at the end of the top line
of your error message was never \def'ed. If you have
misspelled it (e.g., `\hobx'), type `I' and the correct
spelling (e.g., `I\hbox'). Otherwise just continue,
and I'll forget about whatever was undefined.

! Undefined control sequence.
l.48 ...期性）进行统一描述，本章设计了一个紧凑的三维流量特征向量 $\bm{x}_\text
                                                  {traffic} = [\rho, \text{B...
The control sequence at the end of the top line
of your error message was never \def'ed. If you have
misspelled it (e.g., `\hobx'), type `I' and the correct
spelling (e.g., `I\hbox'). Otherwise just continue,
and I'll forget about whatever was undefined.

! Undefined control sequence.
l.48 ...特征向量 $\bm{x}_\text{traffic} = [\rho, \text
                                                  {BI}, \Psi]$。相比直接使用原始参数（如到...
The control sequence at the end of the top line
of your error message was never \def'ed. If you have
misspelled it (e.g., `\hobx'), type `I' and the correct
spelling (e.g., `I\hbox'). Otherwise just continue,
and I'll forget about whatever was undefined.

Missing character: There is no 。 ("3002) in font nullfont!
Missing character: There is no 相 ("76F8) in font nullfont!
Missing character: There is no 比 ("6BD4) in font nullfont!
Missing character: There is no 直 ("76F4) in font nullfont!
Missing character: There is no 接 ("63A5) in font nullfont!
Missing character: There is no 使 ("4F7F) in font nullfont!
Missing character: There is no 用 ("7528) in font nullfont!
Missing character: There is no 原 ("539F) in font nullfont!
Missing character: There is no 始 ("59CB) in font nullfont!
Missing character: There is no 参 ("53C2) in font nullfont!
Missing character: There is no 数 ("6570) in font nullfont!
Missing character: There is no （ ("FF08) in font nullfont!
Missing character: There is no 如 ("5982) in font nullfont!
Missing character: There is no 到 ("5230) in font nullfont!
Missing character: There is no 达 ("8FBE) in font nullfont!
Missing character: There is no 概 ("6982) in font nullfont!
Missing character: There is no 率 ("7387) in font nullfont!
Missing character: There is no 、 ("3001) in font nullfont!
Missing character: There is no 突 ("7A81) in font nullfont!
Missing character: There is no 发 ("53D1) in font nullfont!
Missing character: There is no 窗 ("7A97) in font nullfont!
Missing character: There is no 口 ("53E3) in font nullfont!
Missing character: There is no 长 ("957F) in font nullfont!
Missing character: There is no 度 ("5EA6) in font nullfont!
Missing character: There is no 等 ("7B49) in font nullfont!
Missing character: There is no ） ("FF09) in font nullfont!
Missing character: There is no ， ("FF0C) in font nullfont!
Missing character: There is no 该 ("8BE5) in font nullfont!
Missing character: There is no 低 ("4F4E) in font nullfont!
Missing character: There is no 维 ("7EF4) in font nullfont!
Missing character: There is no 特 ("7279) in font nullfont!
Missing character: There is no 征 ("5F81) in font nullfont!
Missing character: There is no 向 ("5411) in font nullfont!
Missing character: There is no 量 ("91CF) in font nullfont!
Missing character: There is no 能 ("80FD) in font nullfont!
Missing character: There is no 够 ("591F) in font nullfont!
Missing character: There is no 更 ("66F4) in font nullfont!
Missing character: There is no 好 ("597D) in font nullfont!
Missing character: There is no 地 ("5730) in font nullfont!
Missing character: There is no 对 ("5BF9) in font nullfont!
Missing character: There is no 三 ("4E09) in font nullfont!
Missing character: There is no 类 ("7C7B) in font nullfont!
Missing character: There is no 典 ("5178) in font nullfont!
Missing character: There is no 型 ("578B) in font nullfont!
Missing character: There is no 流 ("6D41) in font nullfont!
Missing character: There is no 量 ("91CF) in font nullfont!
Missing character: There is no 模 ("6A21) in font nullfont!
Missing character: There is no 型 ("578B) in font nullfont!
Missing character: There is no 进 ("8FDB) in font nullfont!
Missing character: There is no 行 ("884C) in font nullfont!
Missing character: There is no 抽 ("62BD) in font nullfont!
Missing character: There is no 象 ("8C61) in font nullfont!
Missing character: There is no ， ("FF0C) in font nullfont!
Missing character: There is no 显 ("663E) in font nullfont!
Missing character: There is no 著 ("8457) in font nullfont!
Missing character: There is no 降 ("964D) in font nullfont!
Missing character: There is no 低 ("4F4E) in font nullfont!
Missing character: There is no 后 ("540E) in font nullfont!
Missing character: There is no 续 ("7EED) in font nullfont!
Missing character: There is no 智 ("667A) in font nullfont!
Missing character: There is no 能 ("80FD) in font nullfont!
Missing character: There is no 算 ("7B97) in font nullfont!
Missing character: There is no 法 ("6CD5) in font nullfont!
Missing character: There is no 的 ("7684) in font nullfont!
Missing character: There is no 学 ("5B66) in font nullfont!
Missing character: There is no 习 ("4E60) in font nullfont!
Missing character: There is no 复 ("590D) in font nullfont!
Missing character: There is no 杂 ("6742) in font nullfont!
Missing character: There is no 度 ("5EA6) in font nullfont!
Missing character: There is no 。 ("3002) in font nullfont!

Overfull \hbox (20.0pt too wide) in paragraph at lines 47--49
[]
 []


Overfull \hbox (43.82872pt too wide) in paragraph at lines 47--49
\OML/cmm/m/it/10 x[] \OT1/cmr/m/n/10 =
 []


Overfull \hbox (40.6597pt too wide) in paragraph at lines 47--49
\OT1/cmr/m/n/10 [\OML/cmm/m/it/10 ^^Z; []; \OT1/cmr/m/n/10 ^^I]$ 
 []

Missing character: There is no 在 ("5728) in font nullfont!
Missing character: There is no 构 ("6784) in font nullfont!
Missing character: There is no 造 ("9020) in font nullfont!
Missing character: There is no 该 ("8BE5) in font nullfont!
Missing character: There is no 特 ("7279) in font nullfont!
Missing character: There is no 征 ("5F81) in font nullfont!
Missing character: There is no 前 ("524D) in font nullfont!
Missing character: There is no ， ("FF0C) in font nullfont!
Missing character: There is no 设 ("8BBE) in font nullfont!
Missing character: There is no 定 ("5B9A) in font nullfont!
Missing character: There is no 观 ("89C2) in font nullfont!
Missing character: There is no 测 ("6D4B) in font nullfont!
Missing character: There is no 窗 ("7A97) in font nullfont!
Missing character: There is no 口 ("53E3) in font nullfont!
Missing character: There is no 长 ("957F) in font nullfont!
Missing character: There is no 度 ("5EA6) in font nullfont!
Missing character: There is no 为 ("4E3A) in font nullfont!
Missing character: There is no ， ("FF0C) in font nullfont!
Missing character: There is no 记 ("8BB0) in font nullfont!
Missing character: There is no 为 ("4E3A) in font nullfont!
Missing character: There is no 系 ("7CFB) in font nullfont!
Missing character: There is no 统 ("7EDF) in font nullfont!
Missing character: There is no 在 ("5728) in font nullfont!
Missing character: There is no 时 ("65F6) in font nullfont!
Missing character: There is no 隙 ("9699) in font nullfont!
Missing character: There is no 的 ("7684) in font nullfont!
Missing character: There is no 总 ("603B) in font nullfont!
Missing character: There is no 到 ("5230) in font nullfont!
Missing character: There is no 达 ("8FBE) in font nullfont!
Missing character: There is no 包 ("5305) in font nullfont!
Missing character: There is no 数 ("6570) in font nullfont!
Missing character: There is no 。 ("3002) in font nullfont!
Missing character: There is no 在 ("5728) in font nullfont!
Missing character: There is no 窗 ("7A97) in font nullfont!
Missing character: There is no 口 ("53E3) in font nullfont!
Missing character: There is no 内 ("5185) in font nullfont!
Missing character: There is no ， ("FF0C) in font nullfont!
Missing character: There is no 可 ("53EF) in font nullfont!
Missing character: There is no 估 ("4F30) in font nullfont!
Missing character: There is no 计 ("8BA1) in font nullfont!
Missing character: There is no 其 ("5176) in font nullfont!
Missing character: There is no 均 ("5747) in font nullfont!
Missing character: There is no 值 ("503C) in font nullfont!
Missing character: There is no 与 ("4E0E) in font nullfont!
Missing character: There is no 方 ("65B9) in font nullfont!
Missing character: There is no 差 ("5DEE) in font nullfont!
! Undefined control sequence.
<recently read> \text 
                      
l.50 ...- W + 1, t]$ 内，可估计其均值 $\bar{A}$ 与方差 $\text
                                                  {Var}$。基于此，三维特征定义如下：
The control sequence at the end of the top line
of your error message was never \def'ed. If you have
misspelled it (e.g., `\hobx'), type `I' and the correct
spelling (e.g., `I\hbox'). Otherwise just continue,
and I'll forget about whatever was undefined.

Missing character: There is no 。 ("3002) in font nullfont!
Missing character: There is no 基 ("57FA) in font nullfont!
Missing character: There is no 于 ("4E8E) in font nullfont!
Missing character: There is no 此 ("6B64) in font nullfont!
Missing character: There is no ， ("FF0C) in font nullfont!
Missing character: There is no 三 ("4E09) in font nullfont!
Missing character: There is no 维 ("7EF4) in font nullfont!
Missing character: There is no 特 ("7279) in font nullfont!
Missing character: There is no 征 ("5F81) in font nullfont!
Missing character: There is no 定 ("5B9A) in font nullfont!
Missing character: There is no 义 ("4E49) in font nullfont!
Missing character: There is no 如 ("5982) in font nullfont!
Missing character: There is no 下 ("4E0B) in font nullfont!
Missing character: There is no ： ("FF1A) in font nullfont!

Overfull \hbox (20.0pt too wide) in paragraph at lines 50--51
[]
 []


Overfull \hbox (10.83334pt too wide) in paragraph at lines 50--51
\OML/cmm/m/it/10 W$
 []


Overfull \hbox (18.88893pt too wide) in paragraph at lines 50--51
\OML/cmm/m/it/10 A\OT1/cmr/m/n/10 (\OML/cmm/m/it/10 t\OT1/cmr/m/n/10 )$
 []


Overfull \hbox (3.61111pt too wide) in paragraph at lines 50--51
\OML/cmm/m/it/10 t$
 []


Overfull \hbox (14.1667pt too wide) in paragraph at lines 50--51
\OT1/cmr/m/n/10 [\OML/cmm/m/it/10 t \OMS/cmsy/m/n/10 ^^@
 []


Overfull \hbox (18.61115pt too wide) in paragraph at lines 50--51
\OML/cmm/m/it/10 W \OT1/cmr/m/n/10 +
 []


Overfull \hbox (15.83333pt too wide) in paragraph at lines 50--51
\OT1/cmr/m/n/10 1\OML/cmm/m/it/10 ; t\OT1/cmr/m/n/10 ]$
 []


Overfull \hbox (7.50002pt too wide) in paragraph at lines 50--51
[]$
 []


Overfull \hbox (18.13081pt too wide) in paragraph at lines 50--51
[]$ 
 []

Missing character: There is no [ ("5B) in font nullfont!
Missing character: There is no l ("6C) in font nullfont!
Missing character: There is no e ("65) in font nullfont!
Missing character: There is no f ("66) in font nullfont!
Missing character: There is no t ("74) in font nullfont!
Missing character: There is no m ("6D) in font nullfont!
Missing character: There is no a ("61) in font nullfont!
Missing character: There is no r ("72) in font nullfont!
Missing character: There is no g ("67) in font nullfont!
Missing character: There is no i ("69) in font nullfont!
Missing character: There is no n ("6E) in font nullfont!
Missing character: There is no = ("3D) in font nullfont!
Missing character: There is no * ("2A) in font nullfont!
Missing character: There is no ] ("5D) in font nullfont!

! LaTeX Error: Something's wrong--perhaps a missing \item.

See the LaTeX manual or LaTeX Companion for explanation.
Type  H <return>  for immediate help.
 ...                                              
                                                  
l.52 ^^I\item \textbf
                     {归一化到达率 (Normalized Load, $\rho$)}：系统平均到达率的归一化表示，定义为 $\...

Try typing  <return>  to proceed.
If that doesn't work, type  X <return>  to quit.


! LaTeX Error: Something's wrong--perhaps a missing \item.

See the LaTeX manual or LaTeX Companion for explanation.
Type  H <return>  for immediate help.
 ...                                              
                                                  
l.52 ^^I\item \textbf
                     {归一化到达率 (Normalized Load, $\rho$)}：系统平均到达率的归一化表示，定义为 $\...

Try typing  <return>  to proceed.
If that doesn't work, type  X <return>  to quit.


! LaTeX Error: Something's wrong--perhaps a missing \item.

See the LaTeX manual or LaTeX Companion for explanation.
Type  H <return>  for immediate help.
 ...                                              
                                                  
l.52 ^^I\item \textbf
                     {归一化到达率 (Normalized Load, $\rho$)}：系统平均到达率的归一化表示，定义为 $\...

Try typing  <return>  to proceed.
If that doesn't work, type  X <return>  to quit.

Missing character: There is no 归 (U+5F52) in font [lmroman10-bold]:mapping=tex-
text;!
Missing character: There is no 一 (U+4E00) in font [lmroman10-bold]:mapping=tex-
text;!
Missing character: There is no 化 (U+5316) in font [lmroman10-bold]:mapping=tex-
text;!
Missing character: There is no 到 (U+5230) in font [lmroman10-bold]:mapping=tex-
text;!
Missing character: There is no 达 (U+8FBE) in font [lmroman10-bold]:mapping=tex-
text;!
Missing character: There is no 率 (U+7387) in font [lmroman10-bold]:mapping=tex-
text;!
Missing character: There is no ： ("FF1A) in font nullfont!
Missing character: There is no 系 ("7CFB) in font nullfont!
Missing character: There is no 统 ("7EDF) in font nullfont!
Missing character: There is no 平 ("5E73) in font nullfont!
Missing character: There is no 均 ("5747) in font nullfont!
Missing character: There is no 到 ("5230) in font nullfont!
Missing character: There is no 达 ("8FBE) in font nullfont!
Missing character: There is no 率 ("7387) in font nullfont!
Missing character: There is no 的 ("7684) in font nullfont!
Missing character: There is no 归 ("5F52) in font nullfont!
Missing character: There is no 一 ("4E00) in font nullfont!
Missing character: There is no 化 ("5316) in font nullfont!
Missing character: There is no 表 ("8868) in font nullfont!
Missing character: There is no 示 ("793A) in font nullfont!
Missing character: There is no ， ("FF0C) in font nullfont!
Missing character: There is no 定 ("5B9A) in font nullfont!
Missing character: There is no 义 ("4E49) in font nullfont!
Missing character: There is no 为 ("4E3A) in font nullfont!
Missing character: There is no ， ("FF0C) in font nullfont!
Missing character: There is no 其 ("5176) in font nullfont!
Missing character: There is no 中 ("4E2D) in font nullfont!
Missing character: There is no 为 ("4E3A) in font nullfont!
Missing character: There is no 经 ("7ECF) in font nullfont!
Missing character: There is no 验 ("9A8C) in font nullfont!
Missing character: There is no 设 ("8BBE) in font nullfont!
Missing character: There is no 定 ("5B9A) in font nullfont!
Missing character: There is no 的 ("7684) in font nullfont!
Missing character: There is no 最 ("6700) in font nullfont!
Missing character: There is no 大 ("5927) in font nullfont!
Missing character: There is no 到 ("5230) in font nullfont!
Missing character: There is no 达 ("8FBE) in font nullfont!
Missing character: There is no 率 ("7387) in font nullfont!
Missing character: There is no 。 ("3002) in font nullfont!
Missing character: There is no 特 ("7279) in font nullfont!
Missing character: There is no 征 ("5F81) in font nullfont!
Missing character: There is no 反 ("53CD) in font nullfont!
Missing character: There is no 映 ("6620) in font nullfont!
Missing character: There is no 了 ("4E86) in font nullfont!
Missing character: There is no 系 ("7CFB) in font nullfont!
Missing character: There is no 统 ("7EDF) in font nullfont!
Missing character: There is no 整 ("6574) in font nullfont!
Missing character: There is no 体 ("4F53) in font nullfont!
Missing character: There is no 负 ("8D1F) in font nullfont!
Missing character: There is no 载 ("8F7D) in font nullfont!
Missing character: There is no 强 ("5F3A) in font nullfont!
Missing character: There is no 度 ("5EA6) in font nullfont!
Missing character: There is no ， ("FF0C) in font nullfont!
Missing character: There is no 是 ("662F) in font nullfont!
Missing character: There is no 区 ("533A) in font nullfont!
Missing character: There is no 分 ("5206) in font nullfont!
Missing character: There is no 轻 ("8F7B) in font nullfont!
Missing character: There is no 载 ("8F7D) in font nullfont!
Missing character: There is no 、 ("3001) in font nullfont!
Missing character: There is no 适 ("9002) in font nullfont!
Missing character: There is no 中 ("4E2D) in font nullfont!
Missing character: There is no 载 ("8F7D) in font nullfont!
Missing character: There is no 与 ("4E0E) in font nullfont!
Missing character: There is no 拥 ("62E5) in font nullfont!
Missing character: There is no 塞 ("585E) in font nullfont!
Missing character: There is no 情 ("60C5) in font nullfont!
Missing character: There is no 形 ("5F62) in font nullfont!
Missing character: There is no 的 ("7684) in font nullfont!
Missing character: There is no 核 ("6838) in font nullfont!
Missing character: There is no 心 ("5FC3) in font nullfont!
Missing character: There is no 指 ("6307) in font nullfont!
Missing character: There is no 标 ("6807) in font nullfont!
Missing character: There is no 。 ("3002) in font nullfont!

! LaTeX Error: Something's wrong--perhaps a missing \item.

See the LaTeX manual or LaTeX Companion for explanation.
Type  H <return>  for immediate help.
 ...                                              
                                                  
l.54 ^^I\item \textbf
                     {突发度指标 (Burstiness Index, BI)}：为刻画流量在统计意义上的离散度（即是否存在突发）...

Try typing  <return>  to proceed.
If that doesn't work, type  X <return>  to quit.


! LaTeX Error: Something's wrong--perhaps a missing \item.

See the LaTeX manual or LaTeX Companion for explanation.
Type  H <return>  for immediate help.
 ...                                              
                                                  
l.54 ^^I\item \textbf
                     {突发度指标 (Burstiness Index, BI)}：为刻画流量在统计意义上的离散度（即是否存在突发）...

Try typing  <return>  to proceed.
If that doesn't work, type  X <return>  to quit.


! LaTeX Error: Something's wrong--perhaps a missing \item.

See the LaTeX manual or LaTeX Companion for explanation.
Type  H <return>  for immediate help.
 ...                                              
                                                  
l.54 ^^I\item \textbf
                     {突发度指标 (Burstiness Index, BI)}：为刻画流量在统计意义上的离散度（即是否存在突发）...

Try typing  <return>  to proceed.
If that doesn't work, type  X <return>  to quit.

Missing character: There is no 突 (U+7A81) in font [lmroman10-bold]:mapping=tex-
text;!
Missing character: There is no 发 (U+53D1) in font [lmroman10-bold]:mapping=tex-
text;!
Missing character: There is no 度 (U+5EA6) in font [lmroman10-bold]:mapping=tex-
text;!
Missing character: There is no 指 (U+6307) in font [lmroman10-bold]:mapping=tex-
text;!
Missing character: There is no 标 (U+6807) in font [lmroman10-bold]:mapping=tex-
text;!
Missing character: There is no ： ("FF1A) in font nullfont!
Missing character: There is no 为 ("4E3A) in font nullfont!
Missing character: There is no 刻 ("523B) in font nullfont!
Missing character: There is no 画 ("753B) in font nullfont!
Missing character: There is no 流 ("6D41) in font nullfont!
Missing character: There is no 量 ("91CF) in font nullfont!
Missing character: There is no 在 ("5728) in font nullfont!
Missing character: There is no 统 ("7EDF) in font nullfont!
Missing character: There is no 计 ("8BA1) in font nullfont!
Missing character: There is no 意 ("610F) in font nullfont!
Missing character: There is no 义 ("4E49) in font nullfont!
Missing character: There is no 上 ("4E0A) in font nullfont!
Missing character: There is no 的 ("7684) in font nullfont!
Missing character: There is no 离 ("79BB) in font nullfont!
Missing character: There is no 散 ("6563) in font nullfont!
Missing character: There is no 度 ("5EA6) in font nullfont!
Missing character: There is no （ ("FF08) in font nullfont!
Missing character: There is no 即 ("5373) in font nullfont!
Missing character: There is no 是 ("662F) in font nullfont!
Missing character: There is no 否 ("5426) in font nullfont!
Missing character: There is no 存 ("5B58) in font nullfont!
Missing character: There is no 在 ("5728) in font nullfont!
Missing character: There is no 突 ("7A81) in font nullfont!
Missing character: There is no 发 ("53D1) in font nullfont!
Missing character: There is no ） ("FF09) in font nullfont!
Missing character: There is no ， ("FF0C) in font nullfont!
Missing character: There is no 采 ("91C7) in font nullfont!
Missing character: There is no 用 ("7528) in font nullfont!
Missing character: There is no 基 ("57FA) in font nullfont!
Missing character: There is no 于 ("4E8E) in font nullfont!
Missing character: There is no 离 ("79BB) in font nullfont!
Missing character: There is no 散 ("6563) in font nullfont!
Missing character: There is no 指 ("6307) in font nullfont!
Missing character: There is no 标 ("6807) in font nullfont!
Missing character: There is no （ ("FF08) in font nullfont!
Missing character: There is no I ("49) in font nullfont!
Missing character: There is no n ("6E) in font nullfont!
Missing character: There is no d ("64) in font nullfont!
Missing character: There is no e ("65) in font nullfont!
Missing character: There is no x ("78) in font nullfont!
Missing character: There is no o ("6F) in font nullfont!
Missing character: There is no f ("66) in font nullfont!
Missing character: There is no D ("44) in font nullfont!
Missing character: There is no i ("69) in font nullfont!
Missing character: There is no s ("73) in font nullfont!
Missing character: There is no p ("70) in font nullfont!
Missing character: There is no e ("65) in font nullfont!
Missing character: There is no r ("72) in font nullfont!
Missing character: There is no s ("73) in font nullfont!
Missing character: There is no i ("69) in font nullfont!
Missing character: There is no o ("6F) in font nullfont!
Missing character: There is no n ("6E) in font nullfont!
Missing character: There is no , ("2C) in font nullfont!
Missing character: There is no I ("49) in font nullfont!
Missing character: There is no D ("44) in font nullfont!
Missing character: There is no ） ("FF09) in font nullfont!
Missing character: There is no 的 ("7684) in font nullfont!
Missing character: There is no 突 ("7A81) in font nullfont!
Missing character: There is no 发 ("53D1) in font nullfont!
Missing character: There is no 度 ("5EA6) in font nullfont!
Missing character: There is no 定 ("5B9A) in font nullfont!
Missing character: There is no 义 ("4E49) in font nullfont!
Missing character: There is no 。 ("3002) in font nullfont!
Missing character: There is no 其 ("5176) in font nullfont!
Missing character: There is no 中 ("4E2D) in font nullfont!
! Undefined control sequence.
<recently read> \text 
                      
l.54 ...标（Index of Dispersion, ID）的突发度定义。其中 $\text
                                                  {ID} = \text{Var} / \bar{A...
The control sequence at the end of the top line
of your error message was never \def'ed. If you have
misspelled it (e.g., `\hobx'), type `I' and the correct
spelling (e.g., `I\hbox'). Otherwise just continue,
and I'll forget about whatever was undefined.

! Undefined control sequence.
l.54 ...ispersion, ID）的突发度定义。其中 $\text{ID} = \text
                                                  {Var} / \bar{A}$，而 $\text{...
The control sequence at the end of the top line
of your error message was never \def'ed. If you have
misspelled it (e.g., `\hobx'), type `I' and the correct
spelling (e.g., `I\hbox'). Otherwise just continue,
and I'll forget about whatever was undefined.

Missing character: There is no ， ("FF0C) in font nullfont!
Missing character: There is no 而 ("800C) in font nullfont!
! Undefined control sequence.
<recently read> \text 
                      
l.54 ...\text{ID} = \text{Var} / \bar{A}$，而 $\text
                                                  {BI} = (\text{ID} - 1) / (...
The control sequence at the end of the top line
of your error message was never \def'ed. If you have
misspelled it (e.g., `\hobx'), type `I' and the correct
spelling (e.g., `I\hbox'). Otherwise just continue,
and I'll forget about whatever was undefined.

! Undefined control sequence.
l.54 ...text{Var} / \bar{A}$，而 $\text{BI} = (\text
                                                  {ID} - 1) / (\text{ID} + 1...
The control sequence at the end of the top line
of your error message was never \def'ed. If you have
misspelled it (e.g., `\hobx'), type `I' and the correct
spelling (e.g., `I\hbox'). Otherwise just continue,
and I'll forget about whatever was undefined.

! Undefined control sequence.
l.54 ...}$，而 $\text{BI} = (\text{ID} - 1) / (\text
                                                  {ID} + 1)$。BI的取值区间为$(-1, 1...
The control sequence at the end of the top line
of your error message was never \def'ed. If you have
misspelled it (e.g., `\hobx'), type `I' and the correct
spelling (e.g., `I\hbox'). Otherwise just continue,
and I'll forget about whatever was undefined.

Missing character: There is no 。 ("3002) in font nullfont!
Missing character: There is no B ("42) in font nullfont!
Missing character: There is no I ("49) in font nullfont!
Missing character: There is no 的 ("7684) in font nullfont!
Missing character: There is no 取 ("53D6) in font nullfont!
Missing character: There is no 值 ("503C) in font nullfont!
Missing character: There is no 区 ("533A) in font nullfont!
Missing character: There is no 间 ("95F4) in font nullfont!
Missing character: There is no 为 ("4E3A) in font nullfont!
Missing character: There is no ： ("FF1A) in font nullfont!
Missing character: There is no 当 ("5F53) in font nullfont!
Missing character: There is no B ("42) in font nullfont!
Missing character: There is no I ("49) in font nullfont!
Missing character: There is no 接 ("63A5) in font nullfont!
Missing character: There is no 近 ("8FD1) in font nullfont!
Missing character: There is no 0 ("30) in font nullfont!
Missing character: There is no 时 ("65F6) in font nullfont!
Missing character: There is no ， ("FF0C) in font nullfont!
Missing character: There is no 流 ("6D41) in font nullfont!
Missing character: There is no 量 ("91CF) in font nullfont!
Missing character: There is no 接 ("63A5) in font nullfont!
Missing character: There is no 近 ("8FD1) in font nullfont!
Missing character: There is no 泊 ("6CCA) in font nullfont!
Missing character: There is no 松 ("677E) in font nullfont!
Missing character: There is no 分 ("5206) in font nullfont!
Missing character: There is no 布 ("5E03) in font nullfont!
Missing character: There is no ； ("FF1B) in font nullfont!
Missing character: There is no B ("42) in font nullfont!
Missing character: There is no I ("49) in font nullfont!
Missing character: There is no 大 ("5927) in font nullfont!
Missing character: There is no 于 ("4E8E) in font nullfont!
Missing character: There is no 0 ("30) in font nullfont!
Missing character: There is no 表 ("8868) in font nullfont!
Missing character: There is no 示 ("793A) in font nullfont!
Missing character: There is no 流 ("6D41) in font nullfont!
Missing character: There is no 量 ("91CF) in font nullfont!
Missing character: There is no 具 ("5177) in font nullfont!
Missing character: There is no 有 ("6709) in font nullfont!
Missing character: There is no 强 ("5F3A) in font nullfont!
Missing character: There is no 突 ("7A81) in font nullfont!
Missing character: There is no 发 ("53D1) in font nullfont!
Missing character: There is no 性 ("6027) in font nullfont!
Missing character: There is no ； ("FF1B) in font nullfont!
Missing character: There is no B ("42) in font nullfont!
Missing character: There is no I ("49) in font nullfont!
Missing character: There is no 小 ("5C0F) in font nullfont!
Missing character: There is no 于 ("4E8E) in font nullfont!
Missing character: There is no 0 ("30) in font nullfont!
Missing character: There is no 则 ("5219) in font nullfont!
Missing character: There is no 表 ("8868) in font nullfont!
Missing character: There is no 示 ("793A) in font nullfont!
Missing character: There is no 流 ("6D41) in font nullfont!
Missing character: There is no 量 ("91CF) in font nullfont!
Missing character: There is no 具 ("5177) in font nullfont!
Missing character: There is no 有 ("6709) in font nullfont!
Missing character: There is no 周 ("5468) in font nullfont!
Missing character: There is no 期 ("671F) in font nullfont!
Missing character: There is no 性 ("6027) in font nullfont!
Missing character: There is no 或 ("6216) in font nullfont!
Missing character: There is no 更 ("66F4) in font nullfont!
Missing character: There is no 规 ("89C4) in font nullfont!
Missing character: There is no 则 ("5219) in font nullfont!
Missing character: There is no 的 ("7684) in font nullfont!
Missing character: There is no 结 ("7ED3) in font nullfont!
Missing character: There is no 构 ("6784) in font nullfont!
Missing character: There is no 。 ("3002) in font nullfont!

! LaTeX Error: Something's wrong--perhaps a missing \item.

See the LaTeX manual or LaTeX Companion for explanation.
Type  H <return>  for immediate help.
 ...                                              
                                                  
l.56 ^^I\item \textbf
                     {周期性强度 (Periodicity Score, $\Psi$)}：为衡量到达过程的周期结构，采用样本自相...

Try typing  <return>  to proceed.
If that doesn't work, type  X <return>  to quit.


! LaTeX Error: Something's wrong--perhaps a missing \item.

See the LaTeX manual or LaTeX Companion for explanation.
Type  H <return>  for immediate help.
 ...                                              
                                                  
l.56 ^^I\item \textbf
                     {周期性强度 (Periodicity Score, $\Psi$)}：为衡量到达过程的周期结构，采用样本自相...

Try typing  <return>  to proceed.
If that doesn't work, type  X <return>  to quit.


! LaTeX Error: Something's wrong--perhaps a missing \item.

See the LaTeX manual or LaTeX Companion for explanation.
Type  H <return>  for immediate help.
 ...                                              
                                                  
l.56 ^^I\item \textbf
                     {周期性强度 (Periodicity Score, $\Psi$)}：为衡量到达过程的周期结构，采用样本自相...

Try typing  <return>  to proceed.
If that doesn't work, type  X <return>  to quit.

Missing character: There is no 周 (U+5468) in font [lmroman10-bold]:mapping=tex-
text;!
Missing character: There is no 期 (U+671F) in font [lmroman10-bold]:mapping=tex-
text;!
Missing character: There is no 性 (U+6027) in font [lmroman10-bold]:mapping=tex-
text;!
Missing character: There is no 强 (U+5F3A) in font [lmroman10-bold]:mapping=tex-
text;!
Missing character: There is no 度 (U+5EA6) in font [lmroman10-bold]:mapping=tex-
text;!
Missing character: There is no ： ("FF1A) in font nullfont!
Missing character: There is no 为 ("4E3A) in font nullfont!
Missing character: There is no 衡 ("8861) in font nullfont!
Missing character: There is no 量 ("91CF) in font nullfont!
Missing character: There is no 到 ("5230) in font nullfont!
Missing character: There is no 达 ("8FBE) in font nullfont!
Missing character: There is no 过 ("8FC7) in font nullfont!
Missing character: There is no 程 ("7A0B) in font nullfont!
Missing character: There is no 的 ("7684) in font nullfont!
Missing character: There is no 周 ("5468) in font nullfont!
Missing character: There is no 期 ("671F) in font nullfont!
Missing character: There is no 结 ("7ED3) in font nullfont!
Missing character: There is no 构 ("6784) in font nullfont!
Missing character: There is no ， ("FF0C) in font nullfont!
Missing character: There is no 采 ("91C7) in font nullfont!
Missing character: There is no 用 ("7528) in font nullfont!
Missing character: There is no 样 ("6837) in font nullfont!
Missing character: There is no 本 ("672C) in font nullfont!
Missing character: There is no 自 ("81EA) in font nullfont!
Missing character: There is no 相 ("76F8) in font nullfont!
Missing character: There is no 关 ("5173) in font nullfont!
Missing character: There is no 函 ("51FD) in font nullfont!
Missing character: There is no 数 ("6570) in font nullfont!
Missing character: There is no 计 ("8BA1) in font nullfont!
Missing character: There is no 算 ("7B97) in font nullfont!
Missing character: There is no 周 ("5468) in font nullfont!
Missing character: There is no 期 ("671F) in font nullfont!
Missing character: There is no 性 ("6027) in font nullfont!
Missing character: There is no 得 ("5F97) in font nullfont!
Missing character: There is no 分 ("5206) in font nullfont!
Missing character: There is no ： ("FF1A) in font nullfont!
Missing character: There is no ， ("FF0C) in font nullfont!
Missing character: There is no 其 ("5176) in font nullfont!
Missing character: There is no 中 ("4E2D) in font nullfont!
Missing character: There is no 为 ("4E3A) in font nullfont!
Missing character: There is no 可 ("53EF) in font nullfont!
Missing character: There is no 能 ("80FD) in font nullfont!
Missing character: There is no 的 ("7684) in font nullfont!
Missing character: There is no 最 ("6700) in font nullfont!
Missing character: There is no 大 ("5927) in font nullfont!
Missing character: There is no 周 ("5468) in font nullfont!
Missing character: There is no 期 ("671F) in font nullfont!
Missing character: There is no 长 ("957F) in font nullfont!
Missing character: There is no 度 ("5EA6) in font nullfont!
Missing character: There is no 。 ("3002) in font nullfont!
Missing character: There is no 若 ("82E5) in font nullfont!
Missing character: There is no 流 ("6D41) in font nullfont!
Missing character: There is no 量 ("91CF) in font nullfont!
Missing character: There is no 具 ("5177) in font nullfont!
Missing character: There is no 有 ("6709) in font nullfont!
Missing character: There is no 强 ("5F3A) in font nullfont!
Missing character: There is no 周 ("5468) in font nullfont!
Missing character: There is no 期 ("671F) in font nullfont!
Missing character: There is no 性 ("6027) in font nullfont!
Missing character: There is no ， ("FF0C) in font nullfont!
Missing character: There is no 则 ("5219) in font nullfont!
Missing character: There is no 接 ("63A5) in font nullfont!
Missing character: There is no 近 ("8FD1) in font nullfont!
Missing character: There is no 1 ("31) in font nullfont!
Missing character: There is no ； ("FF1B) in font nullfont!
Missing character: There is no 若 ("82E5) in font nullfont!
Missing character: There is no 无 ("65E0) in font nullfont!
Missing character: There is no 显 ("663E) in font nullfont!
Missing character: There is no 著 ("8457) in font nullfont!
Missing character: There is no 周 ("5468) in font nullfont!
Missing character: There is no 期 ("671F) in font nullfont!
Missing character: There is no 性 ("6027) in font nullfont!
Missing character: There is no ， ("FF0C) in font nullfont!
Missing character: There is no 则 ("5219) in font nullfont!
Missing character: There is no 接 ("63A5) in font nullfont!
Missing character: There is no 近 ("8FD1) in font nullfont!
Missing character: There is no 0 ("30) in font nullfont!
Missing character: There is no 。 ("3002) in font nullfont!

! LaTeX Error: Something's wrong--perhaps a missing \item.

See the LaTeX manual or LaTeX Companion for explanation.
Type  H <return>  for immediate help.
 ...                                              
                                                  
l.57 \end{enumerate}
                    
Try typing  <return>  to proceed.
If that doesn't work, type  X <return>  to quit.


Overfull \hbox (16.8pt too wide) in paragraph at lines 51--57
[]\TU/lmr/bx/n/10 归一化到达率
 []


Overfull \hbox (27.79001pt too wide) in paragraph at lines 51--57
\TU/lmr/bx/n/10 (Nor-
 []


Overfull \hbox (22.19pt too wide) in paragraph at lines 51--57
\TU/lmr/bx/n/10 mal-
 []


Overfull \hbox (19.96pt too wide) in paragraph at lines 51--57
\TU/lmr/bx/n/10 ized
 []


Overfull \hbox (27.84pt too wide) in paragraph at lines 51--57
\TU/lmr/bx/n/10 Load,
 []


Overfull \hbox (9.64015pt too wide) in paragraph at lines 51--57
\OML/cmm/m/it/10 ^^Z$\TU/lmr/bx/n/10 )
 []


Overfull \hbox (15.72566pt too wide) in paragraph at lines 51--57
\OML/cmm/m/it/10 ^^Z \OT1/cmr/m/n/10 =
 []


Overfull \hbox (67.47935pt too wide) in paragraph at lines 51--57
[]\OT1/cmr/m/n/10 ([]\OML/cmm/m/it/10 =^^U[]; \OT1/cmr/m/n/10 1)$
 []


Overfull \hbox (21.09038pt too wide) in paragraph at lines 51--57
\OML/cmm/m/it/10 ^^U[]$
 []


Overfull \hbox (14.61455pt too wide) in paragraph at lines 51--57
\OML/cmm/m/it/10 ^^Z \OMS/cmsy/m/n/10 2
 []


Overfull \hbox (20.00002pt too wide) in paragraph at lines 51--57
\OT1/cmr/m/n/10 [0\OML/cmm/m/it/10 ; \OT1/cmr/m/n/10 1]$
 []


Overfull \hbox (14.0pt too wide) in paragraph at lines 51--57
[]\TU/lmr/bx/n/10 突发度指标
 []


Overfull \hbox (39.81pt too wide) in paragraph at lines 51--57
\TU/lmr/bx/n/10 (Bursti-
 []


Overfull \hbox (20.74pt too wide) in paragraph at lines 51--57
\TU/lmr/bx/n/10 ness
 []


Overfull \hbox (14.58pt too wide) in paragraph at lines 51--57
\TU/lmr/bx/n/10 In-
 []


Overfull \hbox (20.92pt too wide) in paragraph at lines 51--57
\TU/lmr/bx/n/10 dex,
 []


Overfull \hbox (17.01pt too wide) in paragraph at lines 51--57
\TU/lmr/bx/n/10 BI)
 []


Overfull \hbox (24.293pt too wide) in paragraph at lines 51--57
[] \OT1/cmr/m/n/10 =
 []


Overfull \hbox (30.63084pt too wide) in paragraph at lines 51--57
[]\OML/cmm/m/it/10 =[]$
 []


Overfull \hbox (23.82286pt too wide) in paragraph at lines 51--57
[] \OT1/cmr/m/n/10 =
 []


Overfull \hbox (25.40419pt too wide) in paragraph at lines 51--57
\OT1/cmr/m/n/10 ([] \OMS/cmsy/m/n/10 ^^@
 []


Overfull \hbox (39.29312pt too wide) in paragraph at lines 51--57
\OT1/cmr/m/n/10 1)\OML/cmm/m/it/10 =\OT1/cmr/m/n/10 ([] +
 []


Overfull \hbox (38.88896pt too wide) in paragraph at lines 51--57
\OT1/cmr/m/n/10 1)$$(\OMS/cmsy/m/n/10 ^^@\OT1/cmr/m/n/10 1\OML/cmm/m/it/10 ; \O
T1/cmr/m/n/10 1)$
 []


Overfull \hbox (14.0pt too wide) in paragraph at lines 51--57
[]\TU/lmr/bx/n/10 周期性强度
 []


Overfull \hbox (21.11pt too wide) in paragraph at lines 51--57
\TU/lmr/bx/n/10 (Pe-
 []


Overfull \hbox (11.76pt too wide) in paragraph at lines 51--57
\TU/lmr/bx/n/10 ri-
 []


Overfull \hbox (16.29001pt too wide) in paragraph at lines 51--57
\TU/lmr/bx/n/10 od-
 []


Overfull \hbox (12.13pt too wide) in paragraph at lines 51--57
\TU/lmr/bx/n/10 ic-
 []


Overfull \hbox (13.41pt too wide) in paragraph at lines 51--57
\TU/lmr/bx/n/10 ity
 []


Overfull \hbox (30.45pt too wide) in paragraph at lines 51--57
\TU/lmr/bx/n/10 Score,
 []


Overfull \hbox (12.2478pt too wide) in paragraph at lines 51--57
\OT1/cmr/m/n/10 ^^I$\TU/lmr/bx/n/10 )
 []


Overfull \hbox (20.95143pt too wide) in paragraph at lines 51--57
\OML/cmm/m/it/10 R\OT1/cmr/m/n/10 (\OML/cmm/m/it/10 ^^\\OT1/cmr/m/n/10 )$
 []


Overfull \hbox (18.33331pt too wide) in paragraph at lines 51--57
\OT1/cmr/m/n/10 ^^I =
 []


Overfull \hbox (104.81361pt too wide) in paragraph at lines 51--57
[][] \OML/cmm/m/it/10 R\OT1/cmr/m/n/10 (\OML/cmm/m/it/10 ^^\\OT1/cmr/m/n/10 )\O
ML/cmm/m/it/10 =R\OT1/cmr/m/n/10 (0)$
 []


Overfull \hbox (19.62856pt too wide) in paragraph at lines 51--57
\OML/cmm/m/it/10 ^^\[]$
 []


Overfull \hbox (7.7778pt too wide) in paragraph at lines 51--57
\OT1/cmr/m/n/10 ^^I$
 []


Overfull \hbox (7.7778pt too wide) in paragraph at lines 51--57
\OT1/cmr/m/n/10 ^^I$ 
 []

! Undefined control sequence.
l.61 \subsection
                {统一仿真器、性能评估与业务驱动综合效用设计}
The control sequence at the end of the top line
of your error message was never \def'ed. If you have
misspelled it (e.g., `\hobx'), type `I' and the correct
spelling (e.g., `I\hbox'). Otherwise just continue,
and I'll forget about whatever was undefined.

Missing character: There is no 统 ("7EDF) in font nullfont!
Missing character: There is no 一 ("4E00) in font nullfont!
Missing character: There is no 仿 ("4EFF) in font nullfont!
Missing character: There is no 真 ("771F) in font nullfont!
Missing character: There is no 器 ("5668) in font nullfont!
Missing character: There is no 、 ("3001) in font nullfont!
Missing character: There is no 性 ("6027) in font nullfont!
Missing character: There is no 能 ("80FD) in font nullfont!
Missing character: There is no 评 ("8BC4) in font nullfont!
Missing character: There is no 估 ("4F30) in font nullfont!
Missing character: There is no 与 ("4E0E) in font nullfont!
Missing character: There is no 业 ("4E1A) in font nullfont!
Missing character: There is no 务 ("52A1) in font nullfont!
Missing character: There is no 驱 ("9A71) in font nullfont!
Missing character: There is no 动 ("52A8) in font nullfont!
Missing character: There is no 综 ("7EFC) in font nullfont!
Missing character: There is no 合 ("5408) in font nullfont!
Missing character: There is no 效 ("6548) in font nullfont!
Missing character: There is no 用 ("7528) in font nullfont!
Missing character: There is no 设 ("8BBE) in font nullfont!
Missing character: There is no 计 ("8BA1) in font nullfont!

Overfull \hbox (20.0pt too wide) in paragraph at lines 61--62
[] 
 []

Missing character: There is no 在 ("5728) in font nullfont!
Missing character: There is no 标 ("6807) in font nullfont!
Missing character: There is no 准 ("51C6) in font nullfont!
Missing character: There is no 化 ("5316) in font nullfont!
Missing character: There is no 输 ("8F93) in font nullfont!
Missing character: There is no 入 ("5165) in font nullfont!
Missing character: There is no 的 ("7684) in font nullfont!
Missing character: There is no 基 ("57FA) in font nullfont!
Missing character: There is no 础 ("7840) in font nullfont!
Missing character: There is no 上 ("4E0A) in font nullfont!
Missing character: There is no ， ("FF0C) in font nullfont!
Missing character: There is no 我 ("6211) in font nullfont!
Missing character: There is no 们 ("4EEC) in font nullfont!
Missing character: There is no 构 ("6784) in font nullfont!
Missing character: There is no 建 ("5EFA) in font nullfont!
Missing character: There is no 统 ("7EDF) in font nullfont!
Missing character: There is no 一 ("4E00) in font nullfont!
Missing character: There is no 的 ("7684) in font nullfont!
Missing character: There is no 接 ("63A5) in font nullfont!
Missing character: There is no 入 ("5165) in font nullfont!
Missing character: There is no 协 ("534F) in font nullfont!
Missing character: There is no 议 ("8BAE) in font nullfont!
Missing character: There is no 仿 ("4EFF) in font nullfont!
Missing character: There is no 真 ("771F) in font nullfont!
Missing character: There is no 器 ("5668) in font nullfont!
Missing character: There is no 。 ("3002) in font nullfont!
Missing character: There is no 其 ("5176) in font nullfont!
Missing character: There is no 输 ("8F93) in font nullfont!
Missing character: There is no 入 ("5165) in font nullfont!
Missing character: There is no 由 ("7531) in font nullfont!
Missing character: There is no 三 ("4E09) in font nullfont!
Missing character: There is no 部 ("90E8) in font nullfont!
Missing character: There is no 分 ("5206) in font nullfont!
Missing character: There is no 组 ("7EC4) in font nullfont!
Missing character: There is no 成 ("6210) in font nullfont!
Missing character: There is no ： ("FF1A) in font nullfont!
Missing character: There is no 业 ("4E1A) in font nullfont!
Missing character: There is no 务 ("52A1) in font nullfont!
Missing character: There is no 与 ("4E0E) in font nullfont!
Missing character: There is no 网 ("7F51) in font nullfont!
Missing character: There is no 络 ("7EDC) in font nullfont!
Missing character: There is no 场 ("573A) in font nullfont!
Missing character: There is no 景 ("666F) in font nullfont!
Missing character: There is no 描 ("63CF) in font nullfont!
Missing character: There is no 述 ("8FF0) in font nullfont!
Missing character: There is no 向 ("5411) in font nullfont!
Missing character: There is no 量 ("91CF) in font nullfont!
! Undefined control sequence.
<recently read> \xtraffic 
                          
l.63 ...协议仿真器 $S$。其输入由三部分组成：业务与网络场景描述向量 $\xtraffic
                                                  $、协议通用参数向量 $\xcommon$（如接入概...
The control sequence at the end of the top line
of your error message was never \def'ed. If you have
misspelled it (e.g., `\hobx'), type `I' and the correct
spelling (e.g., `I\hbox'). Otherwise just continue,
and I'll forget about whatever was undefined.

Missing character: There is no 、 ("3001) in font nullfont!
Missing character: There is no 协 ("534F) in font nullfont!
Missing character: There is no 议 ("8BAE) in font nullfont!
Missing character: There is no 通 ("901A) in font nullfont!
Missing character: There is no 用 ("7528) in font nullfont!
Missing character: There is no 参 ("53C2) in font nullfont!
Missing character: There is no 数 ("6570) in font nullfont!
Missing character: There is no 向 ("5411) in font nullfont!
Missing character: There is no 量 ("91CF) in font nullfont!
! Undefined control sequence.
<recently read> \xcommon 
                         
l.63 ...业务与网络场景描述向量 $\xtraffic$、协议通用参数向量 $\xcommon
                                                  $（如接入概率、帧长度等），以及协议专属参数向量 $...
The control sequence at the end of the top line
of your error message was never \def'ed. If you have
misspelled it (e.g., `\hobx'), type `I' and the correct
spelling (e.g., `I\hbox'). Otherwise just continue,
and I'll forget about whatever was undefined.

Missing character: There is no （ ("FF08) in font nullfont!
Missing character: There is no 如 ("5982) in font nullfont!
Missing character: There is no 接 ("63A5) in font nullfont!
Missing character: There is no 入 ("5165) in font nullfont!
Missing character: There is no 概 ("6982) in font nullfont!
Missing character: There is no 率 ("7387) in font nullfont!
Missing character: There is no 、 ("3001) in font nullfont!
Missing character: There is no 帧 ("5E27) in font nullfont!
Missing character: There is no 长 ("957F) in font nullfont!
Missing character: There is no 度 ("5EA6) in font nullfont!
Missing character: There is no 等 ("7B49) in font nullfont!
Missing character: There is no ） ("FF09) in font nullfont!
Missing character: There is no ， ("FF0C) in font nullfont!
Missing character: There is no 以 ("4EE5) in font nullfont!
Missing character: There is no 及 ("53CA) in font nullfont!
Missing character: There is no 协 ("534F) in font nullfont!
Missing character: There is no 议 ("8BAE) in font nullfont!
Missing character: There is no 专 ("4E13) in font nullfont!
Missing character: There is no 属 ("5C5E) in font nullfont!
Missing character: There is no 参 ("53C2) in font nullfont!
Missing character: There is no 数 ("6570) in font nullfont!
Missing character: There is no 向 ("5411) in font nullfont!
Missing character: There is no 量 ("91CF) in font nullfont!
! Undefined control sequence.
<recently read> \xproto 
                        
l.63 ...$\xcommon$（如接入概率、帧长度等），以及协议专属参数向量 $\xproto
                                                  $（如 CBA 的连续发送上限、IRSA 的度分布参...
The control sequence at the end of the top line
of your error message was never \def'ed. If you have
misspelled it (e.g., `\hobx'), type `I' and the correct
spelling (e.g., `I\hbox'). Otherwise just continue,
and I'll forget about whatever was undefined.

Missing character: There is no （ ("FF08) in font nullfont!
Missing character: There is no 如 ("5982) in font nullfont!
Missing character: There is no C ("43) in font nullfont!
Missing character: There is no B ("42) in font nullfont!
Missing character: There is no A ("41) in font nullfont!
Missing character: There is no 的 ("7684) in font nullfont!
Missing character: There is no 连 ("8FDE) in font nullfont!
Missing character: There is no 续 ("7EED) in font nullfont!
Missing character: There is no 发 ("53D1) in font nullfont!
Missing character: There is no 送 ("9001) in font nullfont!
Missing character: There is no 上 ("4E0A) in font nullfont!
Missing character: There is no 限 ("9650) in font nullfont!
Missing character: There is no 、 ("3001) in font nullfont!
Missing character: There is no I ("49) in font nullfont!
Missing character: There is no R ("52) in font nullfont!
Missing character: There is no S ("53) in font nullfont!
Missing character: There is no A ("41) in font nullfont!
Missing character: There is no 的 ("7684) in font nullfont!
Missing character: There is no 度 ("5EA6) in font nullfont!
Missing character: There is no 分 ("5206) in font nullfont!
Missing character: There is no 布 ("5E03) in font nullfont!
Missing character: There is no 参 ("53C2) in font nullfont!
Missing character: There is no 数 ("6570) in font nullfont!
Missing character: There is no 等 ("7B49) in font nullfont!
Missing character: There is no ） ("FF09) in font nullfont!
Missing character: There is no 。 ("3002) in font nullfont!
Missing character: There is no 因 ("56E0) in font nullfont!
Missing character: There is no 此 ("6B64) in font nullfont!
Missing character: There is no 完 ("5B8C) in font nullfont!
Missing character: There is no 整 ("6574) in font nullfont!
Missing character: There is no 输 ("8F93) in font nullfont!
Missing character: There is no 入 ("5165) in font nullfont!
Missing character: There is no 向 ("5411) in font nullfont!
Missing character: There is no 量 ("91CF) in font nullfont!
Missing character: There is no 记 ("8BB0) in font nullfont!
Missing character: There is no 为 ("4E3A) in font nullfont!

Overfull \hbox (20.0pt too wide) in paragraph at lines 63--64
[]
 []


Overfull \hbox (6.70831pt too wide) in paragraph at lines 63--64
\OML/cmm/m/it/10 S$
 []

! Undefined control sequence.
l.65 \Xinput
             = [\xtraffic,\ \xcommon,\ \xproto,\ p],
The control sequence at the end of the top line
of your error message was never \def'ed. If you have
misspelled it (e.g., `\hobx'), type `I' and the correct
spelling (e.g., `I\hbox'). Otherwise just continue,
and I'll forget about whatever was undefined.

! Undefined control sequence.
l.65 \Xinput = [\xtraffic
                         ,\ \xcommon,\ \xproto,\ p],
The control sequence at the end of the top line
of your error message was never \def'ed. If you have
misspelled it (e.g., `\hobx'), type `I' and the correct
spelling (e.g., `I\hbox'). Otherwise just continue,
and I'll forget about whatever was undefined.

! Undefined control sequence.
l.65 \Xinput = [\xtraffic,\ \xcommon
                                    ,\ \xproto,\ p],
The control sequence at the end of the top line
of your error message was never \def'ed. If you have
misspelled it (e.g., `\hobx'), type `I' and the correct
spelling (e.g., `I\hbox'). Otherwise just continue,
and I'll forget about whatever was undefined.

! Undefined control sequence.
l.65 \Xinput = [\xtraffic,\ \xcommon,\ \xproto
                                              ,\ p],
The control sequence at the end of the top line
of your error message was never \def'ed. If you have
misspelled it (e.g., `\hobx'), type `I' and the correct
spelling (e.g., `I\hbox'). Otherwise just continue,
and I'll forget about whatever was undefined.


Overfull \hbox (37.25336pt too wide) detected at line 66
\OT1/cmr/m/n/10 = [\OML/cmm/m/it/10 ;  ;  ;  p\OT1/cmr/m/n/10 ]\OML/cmm/m/it/10
 ;
 []

Missing character: There is no 其 ("5176) in font nullfont!
Missing character: There is no 中 ("4E2D) in font nullfont!
Missing character: There is no 表 ("8868) in font nullfont!
Missing character: There is no 示 ("793A) in font nullfont!
Missing character: There is no 协 ("534F) in font nullfont!
Missing character: There is no 议 ("8BAE) in font nullfont!
Missing character: There is no 类 ("7C7B) in font nullfont!
Missing character: There is no 型 ("578B) in font nullfont!
Missing character: There is no 。 ("3002) in font nullfont!
Missing character: There is no 仿 ("4EFF) in font nullfont!
Missing character: There is no 真 ("771F) in font nullfont!
Missing character: There is no 器 ("5668) in font nullfont!
Missing character: There is no 基 ("57FA) in font nullfont!
Missing character: There is no 于 ("4E8E) in font nullfont!
Missing character: There is no 输 ("8F93) in font nullfont!
Missing character: There is no 入 ("5165) in font nullfont!
Missing character: There is no 构 ("6784) in font nullfont!
Missing character: There is no 建 ("5EFA) in font nullfont!
Missing character: There is no 出 ("51FA) in font nullfont!
Missing character: There is no 具 ("5177) in font nullfont!
Missing character: There is no 体 ("4F53) in font nullfont!
Missing character: There is no 网 ("7F51) in font nullfont!
Missing character: There is no 络 ("7EDC) in font nullfont!
Missing character: There is no 场 ("573A) in font nullfont!
Missing character: There is no 景 ("666F) in font nullfont!
Missing character: There is no 并 ("5E76) in font nullfont!
Missing character: There is no 执 ("6267) in font nullfont!
Missing character: There is no 行 ("884C) in font nullfont!
Missing character: There is no 随 ("968F) in font nullfont!
Missing character: There is no 机 ("673A) in font nullfont!
Missing character: There is no 接 ("63A5) in font nullfont!
Missing character: There is no 入 ("5165) in font nullfont!
Missing character: There is no 过 ("8FC7) in font nullfont!
Missing character: There is no 程 ("7A0B) in font nullfont!
Missing character: There is no ， ("FF0C) in font nullfont!
Missing character: There is no 输 ("8F93) in font nullfont!
Missing character: There is no 出 ("51FA) in font nullfont!
Missing character: There is no 性 ("6027) in font nullfont!
Missing character: There is no 能 ("80FD) in font nullfont!
Missing character: There is no 与 ("4E0E) in font nullfont!
Missing character: There is no 资 ("8D44) in font nullfont!
Missing character: There is no 源 ("6E90) in font nullfont!
Missing character: There is no 相 ("76F8) in font nullfont!
Missing character: There is no 关 ("5173) in font nullfont!
Missing character: There is no 的 ("7684) in font nullfont!
Missing character: There is no 评 ("8BC4) in font nullfont!
Missing character: There is no 估 ("4F30) in font nullfont!
Missing character: There is no 指 ("6307) in font nullfont!
Missing character: There is no 标 ("6807) in font nullfont!
Missing character: There is no ： ("FF1A) in font nullfont!

Overfull \hbox (14.47565pt too wide) in paragraph at lines 66--68
 $\OML/cmm/m/it/10 p \OMS/cmsy/m/n/10 2
 []


Overfull \hbox (7.7778pt too wide) in paragraph at lines 66--68
\OMS/cmsy/m/n/10 P$
 []

! Undefined control sequence.
l.69 S:\ \Xinput
                 \mapsto \yvec .
The control sequence at the end of the top line
of your error message was never \def'ed. If you have
misspelled it (e.g., `\hobx'), type `I' and the correct
spelling (e.g., `I\hbox'). Otherwise just continue,
and I'll forget about whatever was undefined.

! Undefined control sequence.
l.69 S:\ \Xinput \mapsto \yvec
                               .
The control sequence at the end of the top line
of your error message was never \def'ed. If you have
misspelled it (e.g., `\hobx'), type `I' and the correct
spelling (e.g., `I\hbox'). Otherwise just continue,
and I'll forget about whatever was undefined.


Overfull \hbox (27.81932pt too wide) detected at line 70
\OML/cmm/m/it/10 S \OT1/cmr/m/n/10 : \OMS/cmsy/m/n/10 7! \OML/cmm/m/it/10 :
 []

Missing character: There is no 本 ("672C) in font nullfont!
Missing character: There is no 文 ("6587) in font nullfont!
Missing character: There is no 采 ("91C7) in font nullfont!
Missing character: There is no 用 ("7528) in font nullfont!
Missing character: There is no 的 ("7684) in font nullfont!
Missing character: There is no 指 ("6307) in font nullfont!
Missing character: There is no 标 ("6807) in font nullfont!
Missing character: There is no 向 ("5411) in font nullfont!
Missing character: There is no 量 ("91CF) in font nullfont!
Missing character: There is no 为 ("4E3A) in font nullfont!

Overfull \hbox (20.0pt too wide) in paragraph at lines 72--73
[] 
 []

! Undefined control sequence.
l.74 \yvec
           = [T,\ D,\ P_s,\ F,\ C_{\mathrm{rx}},\ I_{\mathrm{impl}}],
The control sequence at the end of the top line
of your error message was never \def'ed. If you have
misspelled it (e.g., `\hobx'), type `I' and the correct
spelling (e.g., `I\hbox'). Otherwise just continue,
and I'll forget about whatever was undefined.


Overfull \hbox (109.13121pt too wide) detected at line 75
\OT1/cmr/m/n/10 = [\OML/cmm/m/it/10 T;  D;  P[];  F;  C[];  I[]\OT1/cmr/m/n/10 
]\OML/cmm/m/it/10 ;
 []

Missing character: There is no 其 ("5176) in font nullfont!
Missing character: There is no 分 ("5206) in font nullfont!
Missing character: There is no 量 ("91CF) in font nullfont!
Missing character: There is no 含 ("542B) in font nullfont!
Missing character: There is no 义 ("4E49) in font nullfont!
Missing character: There is no 如 ("5982) in font nullfont!
Missing character: There is no 下 ("4E0B) in font nullfont!
Missing character: There is no ： ("FF1A) in font nullfont!
Missing character: There is no 吞 ("541E) in font nullfont!
Missing character: There is no 吐 ("5410) in font nullfont!
Missing character: There is no 量 ("91CF) in font nullfont!
Missing character: There is no ： ("FF1A) in font nullfont!
Missing character: There is no 成 ("6210) in font nullfont!
Missing character: There is no 功 ("529F) in font nullfont!
Missing character: There is no 传 ("4F20) in font nullfont!
Missing character: There is no 输 ("8F93) in font nullfont!
Missing character: There is no 的 ("7684) in font nullfont!
Missing character: There is no 包 ("5305) in font nullfont!
Missing character: There is no 数 ("6570) in font nullfont!
Missing character: There is no 速 ("901F) in font nullfont!
Missing character: There is no 率 ("7387) in font nullfont!
Missing character: There is no （ ("FF08) in font nullfont!
Missing character: There is no 越 ("8D8A) in font nullfont!
Missing character: There is no 大 ("5927) in font nullfont!
Missing character: There is no 越 ("8D8A) in font nullfont!
Missing character: There is no 好 ("597D) in font nullfont!
Missing character: There is no ） ("FF09) in font nullfont!
Missing character: There is no ； ("FF1B) in font nullfont!

Overfull \hbox (7.23265pt too wide) in paragraph at lines 78--79
\OML/cmm/m/it/10 T$ 
 []

Missing character: There is no 平 ("5E73) in font nullfont!
Missing character: There is no 均 ("5747) in font nullfont!
Missing character: There is no 时 ("65F6) in font nullfont!
Missing character: There is no 延 ("5EF6) in font nullfont!
Missing character: There is no ： ("FF1A) in font nullfont!
Missing character: There is no 从 ("4ECE) in font nullfont!
Missing character: There is no 包 ("5305) in font nullfont!
Missing character: There is no 产 ("4EA7) in font nullfont!
Missing character: There is no 生 ("751F) in font nullfont!
Missing character: There is no 到 ("5230) in font nullfont!
Missing character: There is no 成 ("6210) in font nullfont!
Missing character: There is no 功 ("529F) in font nullfont!
Missing character: There is no 接 ("63A5) in font nullfont!
Missing character: There is no 入 ("5165) in font nullfont!
Missing character: There is no 的 ("7684) in font nullfont!
Missing character: There is no 平 ("5E73) in font nullfont!
Missing character: There is no 均 ("5747) in font nullfont!
Missing character: There is no 时 ("65F6) in font nullfont!
Missing character: There is no 延 ("5EF6) in font nullfont!
Missing character: There is no （ ("FF08) in font nullfont!
Missing character: There is no 越 ("8D8A) in font nullfont!
Missing character: There is no 小 ("5C0F) in font nullfont!
Missing character: There is no 越 ("8D8A) in font nullfont!
Missing character: There is no 好 ("597D) in font nullfont!
Missing character: There is no ） ("FF09) in font nullfont!
Missing character: There is no ； ("FF1B) in font nullfont!

Overfull \hbox (8.55695pt too wide) in paragraph at lines 79--80
\OML/cmm/m/it/10 D$ 
 []

Missing character: There is no 成 ("6210) in font nullfont!
Missing character: There is no 功 ("529F) in font nullfont!
Missing character: There is no 率 ("7387) in font nullfont!
Missing character: There is no ： ("FF1A) in font nullfont!
Missing character: There is no 包 ("5305) in font nullfont!
Missing character: There is no 成 ("6210) in font nullfont!
Missing character: There is no 功 ("529F) in font nullfont!
Missing character: There is no 率 ("7387) in font nullfont!
Missing character: There is no （ ("FF08) in font nullfont!
Missing character: There is no 越 ("8D8A) in font nullfont!
Missing character: There is no 大 ("5927) in font nullfont!
Missing character: There is no 越 ("8D8A) in font nullfont!
Missing character: There is no 好 ("597D) in font nullfont!
Missing character: There is no ） ("FF09) in font nullfont!
Missing character: There is no ； ("FF1B) in font nullfont!

Overfull \hbox (10.69446pt too wide) in paragraph at lines 80--81
\OML/cmm/m/it/10 P[]$ 
 []

Missing character: There is no 公 ("516C) in font nullfont!
Missing character: There is no 平 ("5E73) in font nullfont!
Missing character: There is no 性 ("6027) in font nullfont!
Missing character: There is no ： ("FF1A) in font nullfont!
Missing character: There is no 采 ("91C7) in font nullfont!
Missing character: There is no 用 ("7528) in font nullfont!
Missing character: There is no J ("4A) in font nullfont!
Missing character: There is no a ("61) in font nullfont!
Missing character: There is no i ("69) in font nullfont!
Missing character: There is no n ("6E) in font nullfont!
Missing character: There is no 指 ("6307) in font nullfont!
Missing character: There is no 数 ("6570) in font nullfont!
Missing character: There is no 衡 ("8861) in font nullfont!
Missing character: There is no 量 ("91CF) in font nullfont!
Missing character: There is no （ ("FF08) in font nullfont!
Missing character: There is no 越 ("8D8A) in font nullfont!
Missing character: There is no 靠 ("9760) in font nullfont!
Missing character: There is no 近 ("8FD1) in font nullfont!
Missing character: There is no 1 ("31) in font nullfont!
Missing character: There is no 越 ("8D8A) in font nullfont!
Missing character: There is no 好 ("597D) in font nullfont!
Missing character: There is no ） ("FF09) in font nullfont!
Missing character: There is no ； ("FF1B) in font nullfont!

Overfull \hbox (7.81946pt too wide) in paragraph at lines 81--82
\OML/cmm/m/it/10 F$
 []

Missing character: There is no 接 ("63A5) in font nullfont!
Missing character: There is no 收 ("6536) in font nullfont!
Missing character: There is no 端 ("7AEF) in font nullfont!
Missing character: There is no 计 ("8BA1) in font nullfont!
Missing character: There is no 算 ("7B97) in font nullfont!
Missing character: There is no 负 ("8D1F) in font nullfont!
Missing character: There is no 荷 ("8377) in font nullfont!
Missing character: There is no ： ("FF1A) in font nullfont!
Missing character: There is no 例 ("4F8B) in font nullfont!
Missing character: There is no 如 ("5982) in font nullfont!
Missing character: There is no S ("53) in font nullfont!
Missing character: There is no I ("49) in font nullfont!
Missing character: There is no C ("43) in font nullfont!
Missing character: There is no 迭 ("8FED) in font nullfont!
Missing character: There is no 代 ("4EE3) in font nullfont!
Missing character: There is no 次 ("6B21) in font nullfont!
Missing character: There is no 数 ("6570) in font nullfont!
Missing character: There is no 、 ("3001) in font nullfont!
Missing character: There is no 解 ("89E3) in font nullfont!
Missing character: There is no 码 ("7801) in font nullfont!
Missing character: There is no F ("46) in font nullfont!
Missing character: There is no L ("4C) in font nullfont!
Missing character: There is no O ("4F) in font nullfont!
Missing character: There is no P ("50) in font nullfont!
Missing character: There is no s ("73) in font nullfont!
Missing character: There is no 等 ("7B49) in font nullfont!
Missing character: There is no p ("70) in font nullfont!
Missing character: There is no r ("72) in font nullfont!
Missing character: There is no o ("6F) in font nullfont!
Missing character: There is no x ("78) in font nullfont!
Missing character: There is no y ("79) in font nullfont!
Missing character: There is no （ ("FF08) in font nullfont!
Missing character: There is no 越 ("8D8A) in font nullfont!
Missing character: There is no 小 ("5C0F) in font nullfont!
Missing character: There is no 越 ("8D8A) in font nullfont!
Missing character: There is no 好 ("597D) in font nullfont!
Missing character: There is no ） ("FF09) in font nullfont!
Missing character: There is no ； ("FF1B) in font nullfont!

Overfull \hbox (14.97365pt too wide) in paragraph at lines 82--83
\OML/cmm/m/it/10 C[]$
 []

Missing character: There is no 协 ("534F) in font nullfont!
Missing character: There is no 议 ("8BAE) in font nullfont!
Missing character: There is no 实 ("5B9E) in font nullfont!
Missing character: There is no 现 ("73B0) in font nullfont!
Missing character: There is no 复 ("590D) in font nullfont!
Missing character: There is no 杂 ("6742) in font nullfont!
Missing character: There is no 度 ("5EA6) in font nullfont!
Missing character: There is no ： ("FF1A) in font nullfont!
Missing character: There is no 一 ("4E00) in font nullfont!
Missing character: There is no 个 ("4E2A) in font nullfont!
Missing character: There is no 离 ("79BB) in font nullfont!
Missing character: There is no 散 ("6563) in font nullfont!
Missing character: There is no / ("2F) in font nullfont!
Missing character: There is no 连 ("8FDE) in font nullfont!
Missing character: There is no 续 ("7EED) in font nullfont!
Missing character: There is no 评 ("8BC4) in font nullfont!
Missing character: There is no 分 ("5206) in font nullfont!
Missing character: There is no ， ("FF0C) in font nullfont!
Missing character: There is no 反 ("53CD) in font nullfont!
Missing character: There is no 映 ("6620) in font nullfont!
Missing character: There is no 实 ("5B9E) in font nullfont!
Missing character: There is no 现 ("73B0) in font nullfont!
Missing character: There is no 所 ("6240) in font nullfont!
Missing character: There is no 需 ("9700) in font nullfont!
Missing character: There is no 的 ("7684) in font nullfont!
Missing character: There is no 控 ("63A7) in font nullfont!
Missing character: There is no 制 ("5236) in font nullfont!
Missing character: There is no 与 ("4E0E) in font nullfont!
Missing character: There is no 硬 ("786C) in font nullfont!
Missing character: There is no 件 ("4EF6) in font nullfont!
Missing character: There is no 复 ("590D) in font nullfont!
Missing character: There is no 杂 ("6742) in font nullfont!
Missing character: There is no 性 ("6027) in font nullfont!
Missing character: There is no （ ("FF08) in font nullfont!
Missing character: There is no 越 ("8D8A) in font nullfont!
Missing character: There is no 小 ("5C0F) in font nullfont!
Missing character: There is no 越 ("8D8A) in font nullfont!
Missing character: There is no 好 ("597D) in font nullfont!
Missing character: There is no ） ("FF09) in font nullfont!
Missing character: There is no 。 ("3002) in font nullfont!

Overfull \hbox (20.4098pt too wide) in paragraph at lines 83--84
\OML/cmm/m/it/10 I[]$ 
 []

! Undefined control sequence.
l.86 \paragraph
               {指标的归一化与方向统一}
The control sequence at the end of the top line
of your error message was never \def'ed. If you have
misspelled it (e.g., `\hobx'), type `I' and the correct
spelling (e.g., `I\hbox'). Otherwise just continue,
and I'll forget about whatever was undefined.

Missing character: There is no 指 ("6307) in font nullfont!
Missing character: There is no 标 ("6807) in font nullfont!
Missing character: There is no 的 ("7684) in font nullfont!
Missing character: There is no 归 ("5F52) in font nullfont!
Missing character: There is no 一 ("4E00) in font nullfont!
Missing character: There is no 化 ("5316) in font nullfont!
Missing character: There is no 与 ("4E0E) in font nullfont!
Missing character: There is no 方 ("65B9) in font nullfont!
Missing character: There is no 向 ("5411) in font nullfont!
Missing character: There is no 统 ("7EDF) in font nullfont!
Missing character: There is no 一 ("4E00) in font nullfont!
Missing character: There is no 为 ("4E3A) in font nullfont!
Missing character: There is no 便 ("4FBF) in font nullfont!
Missing character: There is no 于 ("4E8E) in font nullfont!
Missing character: There is no 跨 ("8DE8) in font nullfont!
Missing character: There is no 协 ("534F) in font nullfont!
Missing character: There is no 议 ("8BAE) in font nullfont!
Missing character: There is no 比 ("6BD4) in font nullfont!
Missing character: There is no 较 ("8F83) in font nullfont!
Missing character: There is no ， ("FF0C) in font nullfont!
Missing character: There is no 在 ("5728) in font nullfont!
Missing character: There is no 同 ("540C) in font nullfont!
Missing character: There is no 一 ("4E00) in font nullfont!
Missing character: There is no 对 ("5BF9) in font nullfont!
Missing character: There is no 比 ("6BD4) in font nullfont!
Missing character: There is no 组 ("7EC4) in font nullfont!
Missing character: There is no / ("2F) in font nullfont!
Missing character: There is no 场 ("573A) in font nullfont!
Missing character: There is no 景 ("666F) in font nullfont!
Missing character: There is no 下 ("4E0B) in font nullfont!
Missing character: There is no 对 ("5BF9) in font nullfont!
Missing character: There is no 各 ("5404) in font nullfont!
Missing character: There is no 项 ("9879) in font nullfont!
Missing character: There is no 指 ("6307) in font nullfont!
Missing character: There is no 标 ("6807) in font nullfont!
Missing character: There is no 采 ("91C7) in font nullfont!
Missing character: There is no 用 ("7528) in font nullfont!
Missing character: There is no m ("6D) in font nullfont!
Missing character: There is no i ("69) in font nullfont!
Missing character: There is no n ("6E) in font nullfont!
Missing character: There is no - ("2D) in font nullfont!
Missing character: There is no - ("2D) in font nullfont!
Missing character: There is no m ("6D) in font nullfont!
Missing character: There is no a ("61) in font nullfont!
Missing character: There is no x ("78) in font nullfont!
Missing character: There is no 归 ("5F52) in font nullfont!
Missing character: There is no 一 ("4E00) in font nullfont!
Missing character: There is no 化 ("5316) in font nullfont!
Missing character: There is no ， ("FF0C) in font nullfont!
Missing character: There is no 并 ("5E76) in font nullfont!
Missing character: There is no 将 ("5C06) in font nullfont!
Missing character: There is no 所 ("6240) in font nullfont!
Missing character: There is no 有 ("6709) in font nullfont!
Missing character: There is no 指 ("6307) in font nullfont!
Missing character: There is no 标 ("6807) in font nullfont!
Missing character: There is no 统 ("7EDF) in font nullfont!
Missing character: There is no 一 ("4E00) in font nullfont!
Missing character: There is no 为 ("4E3A) in font nullfont!
Missing character: There is no “ ("201C) in font nullfont!
Missing character: There is no 数 ("6570) in font nullfont!
Missing character: There is no 值 ("503C) in font nullfont!
Missing character: There is no 越 ("8D8A) in font nullfont!
Missing character: There is no 大 ("5927) in font nullfont!
Missing character: There is no 越 ("8D8A) in font nullfont!
Missing character: There is no 好 ("597D) in font nullfont!
Missing character: There is no ” ("201D) in font nullfont!
Missing character: There is no 的 ("7684) in font nullfont!
Missing character: There is no 方 ("65B9) in font nullfont!
Missing character: There is no 向 ("5411) in font nullfont!
Missing character: There is no 。 ("3002) in font nullfont!
Missing character: There is no 定 ("5B9A) in font nullfont!
Missing character: There is no 义 ("4E49) in font nullfont!
Missing character: There is no 归 ("5F52) in font nullfont!
Missing character: There is no 一 ("4E00) in font nullfont!
Missing character: There is no 化 ("5316) in font nullfont!
Missing character: There is no 映 ("6620) in font nullfont!
Missing character: There is no 射 ("5C04) in font nullfont!
Missing character: There is no ： ("FF1A) in font nullfont!

Overfull \hbox (20.0pt too wide) in paragraph at lines 86--88
[]
 []

! Undefined control sequence.
<argument> \dfrac 
                  
l.91 ^^I\dfrac
              {x-x_{\min}}{x_{\max}-x_{\min}}, & \text{若 } x \text{ 为效用型（越大越...
The control sequence at the end of the top line
of your error message was never \def'ed. If you have
misspelled it (e.g., `\hobx'), type `I' and the correct
spelling (e.g., `I\hbox'). Otherwise just continue,
and I'll forget about whatever was undefined.

! Misplaced alignment tab character &.
l.91 ^^I\dfrac{x-x_{\min}}{x_{\max}-x_{\min}}, &
                                                 \text{若 } x \text{ 为效用型（越大越...
I can't figure out why you would want to use a tab mark
here. If you just want an ampersand, the remedy is
simple: Just type `I\&' now. But if some right brace
up above has ended a previous alignment prematurely,
you're probably due for more error messages, and you
might try typing `S' now just to see what is salvageable.

! Undefined control sequence.
l.91 ...ac{x-x_{\min}}{x_{\max}-x_{\min}}, & \text
                                                  {若 } x \text{ 为效用型（越大越好）},...
The control sequence at the end of the top line
of your error message was never \def'ed. If you have
misspelled it (e.g., `\hobx'), type `I' and the correct
spelling (e.g., `I\hbox'). Otherwise just continue,
and I'll forget about whatever was undefined.

! Undefined control sequence.
l.91 ...}}{x_{\max}-x_{\min}}, & \text{若 } x \text
                                                  { 为效用型（越大越好）},\\[6pt]
The control sequence at the end of the top line
of your error message was never \def'ed. If you have
misspelled it (e.g., `\hobx'), type `I' and the correct
spelling (e.g., `I\hbox'). Otherwise just continue,
and I'll forget about whatever was undefined.

! Undefined control sequence.
l.92 ^^I1-\dfrac
                {x-x_{\min}}{x_{\max}-x_{\min}}, & \text{若 } x \text{ 为成本型（越...
The control sequence at the end of the top line
of your error message was never \def'ed. If you have
misspelled it (e.g., `\hobx'), type `I' and the correct
spelling (e.g., `I\hbox'). Otherwise just continue,
and I'll forget about whatever was undefined.

! Misplaced alignment tab character &.
l.92 ^^I1-\dfrac{x-x_{\min}}{x_{\max}-x_{\min}}, &
                                                   \text{若 } x \text{ 为成本型（越...
I can't figure out why you would want to use a tab mark
here. If you just want an ampersand, the remedy is
simple: Just type `I\&' now. But if some right brace
up above has ended a previous alignment prematurely,
you're probably due for more error messages, and you
might try typing `S' now just to see what is salvageable.

! Undefined control sequence.
l.92 ...ac{x-x_{\min}}{x_{\max}-x_{\min}}, & \text
                                                  {若 } x \text{ 为成本型（越小越好）}.
The control sequence at the end of the top line
of your error message was never \def'ed. If you have
misspelled it (e.g., `\hobx'), type `I' and the correct
spelling (e.g., `I\hbox'). Otherwise just continue,
and I'll forget about whatever was undefined.

! Undefined control sequence.
l.92 ...}}{x_{\max}-x_{\min}}, & \text{若 } x \text
                                                  { 为成本型（越小越好）}.
The control sequence at the end of the top line
of your error message was never \def'ed. If you have
misspelled it (e.g., `\hobx'), type `I' and the correct
spelling (e.g., `I\hbox'). Otherwise just continue,
and I'll forget about whatever was undefined.

Missing character: There is no 若 ("82E5) in font cmr10!
Missing character: There is no 为 ("4E3A) in font cmr10!
Missing character: There is no 效 ("6548) in font cmr10!
Missing character: There is no 用 ("7528) in font cmr10!
Missing character: There is no 型 ("578B) in font cmr10!
Missing character: There is no （ ("FF08) in font cmr10!
Missing character: There is no 越 ("8D8A) in font cmr10!
Missing character: There is no 大 ("5927) in font cmr10!
Missing character: There is no 越 ("8D8A) in font cmr10!
Missing character: There is no 好 ("597D) in font cmr10!
Missing character: There is no ） ("FF09) in font cmr10!
Missing character: There is no 若 ("82E5) in font cmr10!
Missing character: There is no 为 ("4E3A) in font cmr10!
Missing character: There is no 成 ("6210) in font cmr10!
Missing character: There is no 本 ("672C) in font cmr10!
Missing character: There is no 型 ("578B) in font cmr10!
Missing character: There is no （ ("FF08) in font cmr10!
Missing character: There is no 越 ("8D8A) in font cmr10!
Missing character: There is no 小 ("5C0F) in font cmr10!
Missing character: There is no 越 ("8D8A) in font cmr10!
Missing character: There is no 好 ("597D) in font cmr10!
Missing character: There is no ） ("FF09) in font cmr10!

Overfull \hbox (249.02614pt too wide) detected at line 94
[] \OT1/cmr/m/n/10 = [] [][]\OML/cmm/m/it/10 ; x[];  \OT1/cmr/m/n/10 1 \OMS/cms
y/m/n/10 ^^@ [][]\OML/cmm/m/it/10 ; x[]:
 []

Missing character: There is no 归 ("5F52) in font nullfont!
Missing character: There is no 一 ("4E00) in font nullfont!
Missing character: There is no 化 ("5316) in font nullfont!
Missing character: There is no 后 ("540E) in font nullfont!
Missing character: There is no 构 ("6784) in font nullfont!
Missing character: There is no 成 ("6210) in font nullfont!
Missing character: There is no 向 ("5411) in font nullfont!
Missing character: There is no 量 ("91CF) in font nullfont!
! Undefined control sequence.
l.97 \tildey
             = [\tilde T,\ \tilde D,\ \tilde P_s,\ \tilde F,\ \tilde C_{\mat...
The control sequence at the end of the top line
of your error message was never \def'ed. If you have
misspelled it (e.g., `\hobx'), type `I' and the correct
spelling (e.g., `I\hbox'). Otherwise just continue,
and I'll forget about whatever was undefined.


Overfull \hbox (110.7979pt too wide) detected at line 98
\OT1/cmr/m/n/10 = [[]\OML/cmm/m/it/10 ;  [];  [];  [];  [];  []\OT1/cmr/m/n/10 
]\OML/cmm/m/it/10 :
 []

! Undefined control sequence.
l.100 \paragraph
                {业务驱动的综合效用函数}
The control sequence at the end of the top line
of your error message was never \def'ed. If you have
misspelled it (e.g., `\hobx'), type `I' and the correct
spelling (e.g., `I\hbox'). Otherwise just continue,
and I'll forget about whatever was undefined.

Missing character: There is no 业 ("4E1A) in font nullfont!
Missing character: There is no 务 ("52A1) in font nullfont!
Missing character: There is no 驱 ("9A71) in font nullfont!
Missing character: There is no 动 ("52A8) in font nullfont!
Missing character: There is no 的 ("7684) in font nullfont!
Missing character: There is no 综 ("7EFC) in font nullfont!
Missing character: There is no 合 ("5408) in font nullfont!
Missing character: There is no 效 ("6548) in font nullfont!
Missing character: There is no 用 ("7528) in font nullfont!
Missing character: There is no 函 ("51FD) in font nullfont!
Missing character: There is no 数 ("6570) in font nullfont!
Missing character: There is no 在 ("5728) in font nullfont!
Missing character: There is no 统 ("7EDF) in font nullfont!
Missing character: There is no 一 ("4E00) in font nullfont!
Missing character: There is no 尺 ("5C3A) in font nullfont!
Missing character: There is no 度 ("5EA6) in font nullfont!
Missing character: There is no 上 ("4E0A) in font nullfont!
Missing character: There is no ， ("FF0C) in font nullfont!
Missing character: There is no 通 ("901A) in font nullfont!
Missing character: There is no 过 ("8FC7) in font nullfont!
Missing character: There is no 带 ("5E26) in font nullfont!
Missing character: There is no 权 ("6743) in font nullfont!
Missing character: There is no 线 ("7EBF) in font nullfont!
Missing character: There is no 性 ("6027) in font nullfont!
Missing character: There is no 和 ("548C) in font nullfont!
Missing character: There is no 构 ("6784) in font nullfont!
Missing character: There is no 建 ("5EFA) in font nullfont!
Missing character: There is no 业 ("4E1A) in font nullfont!
Missing character: There is no 务 ("52A1) in font nullfont!
Missing character: There is no 驱 ("9A71) in font nullfont!
Missing character: There is no 动 ("52A8) in font nullfont!
Missing character: There is no 综 ("7EFC) in font nullfont!
Missing character: There is no 合 ("5408) in font nullfont!
Missing character: There is no 效 ("6548) in font nullfont!
Missing character: There is no 用 ("7528) in font nullfont!
Missing character: There is no ： ("FF1A) in font nullfont!

Overfull \hbox (20.0pt too wide) in paragraph at lines 100--102
[]
 []

! Undefined control sequence.
l.103 U(\tildey
               ) = w_T\tilde T + w_D\tilde D + w_P\tilde P_s + w_F\tilde F +...
The control sequence at the end of the top line
of your error message was never \def'ed. If you have
misspelled it (e.g., `\hobx'), type `I' and the correct
spelling (e.g., `I\hbox'). Otherwise just continue,
and I'll forget about whatever was undefined.


Overfull \hbox (221.52107pt too wide) detected at line 104
\OML/cmm/m/it/10 U\OT1/cmr/m/n/10 () = \OML/cmm/m/it/10 w[][] \OT1/cmr/m/n/10 +
 \OML/cmm/m/it/10 w[][] \OT1/cmr/m/n/10 + \OML/cmm/m/it/10 w[][] \OT1/cmr/m/n/1
0 + \OML/cmm/m/it/10 w[][] \OT1/cmr/m/n/10 + \OML/cmm/m/it/10 w[][] \OT1/cmr/m/
n/10 + \OML/cmm/m/it/10 w[][];
 []

Missing character: There is no 其 ("5176) in font nullfont!
Missing character: There is no 中 ("4E2D) in font nullfont!
Missing character: There is no 權 ("6B0A) in font nullfont!
Missing character: There is no 重 ("91CD) in font nullfont!
Missing character: There is no 且 ("4E14) in font nullfont!
Missing character: There is no 。 ("3002) in font nullfont!
Missing character: There is no 可 ("53EF) in font nullfont!
Missing character: There is no 根 ("6839) in font nullfont!
Missing character: There is no 据 ("636E) in font nullfont!
Missing character: There is no 具 ("5177) in font nullfont!
Missing character: There is no 体 ("4F53) in font nullfont!
Missing character: There is no 业 ("4E1A) in font nullfont!
Missing character: There is no 务 ("52A1) in font nullfont!
Missing character: There is no 场 ("573A) in font nullfont!
Missing character: There is no 景 ("666F) in font nullfont!
Missing character: There is no （ ("FF08) in font nullfont!
Missing character: There is no 如 ("5982) in font nullfont!
Missing character: There is no e ("65) in font nullfont!
Missing character: There is no M ("4D) in font nullfont!
Missing character: There is no B ("42) in font nullfont!
Missing character: There is no B ("42) in font nullfont!
Missing character: There is no 、 ("3001) in font nullfont!
Missing character: There is no U ("55) in font nullfont!
Missing character: There is no R ("52) in font nullfont!
Missing character: There is no L ("4C) in font nullfont!
Missing character: There is no L ("4C) in font nullfont!
Missing character: There is no C ("43) in font nullfont!
Missing character: There is no 、 ("3001) in font nullfont!
Missing character: There is no m ("6D) in font nullfont!
Missing character: There is no M ("4D) in font nullfont!
Missing character: There is no T ("54) in font nullfont!
Missing character: There is no C ("43) in font nullfont!
Missing character: There is no ） ("FF09) in font nullfont!
Missing character: There is no 选 ("9009) in font nullfont!
Missing character: There is no 择 ("62E9) in font nullfont!
Missing character: There is no 不 ("4E0D) in font nullfont!
Missing character: There is no 同 ("540C) in font nullfont!
Missing character: There is no 权 ("6743) in font nullfont!
Missing character: There is no 重 ("91CD) in font nullfont!
Missing character: There is no 向 ("5411) in font nullfont!
Missing character: There is no 量 ("91CF) in font nullfont!
Missing character: There is no ， ("FF0C) in font nullfont!
Missing character: There is no 并 ("5E76) in font nullfont!
Missing character: There is no 对 ("5BF9) in font nullfont!
Missing character: There is no 权 ("6743) in font nullfont!
Missing character: There is no 重 ("91CD) in font nullfont!
Missing character: There is no 敏 ("654F) in font nullfont!
Missing character: There is no 感 ("611F) in font nullfont!
Missing character: There is no 性 ("6027) in font nullfont!
Missing character: There is no 进 ("8FDB) in font nullfont!
Missing character: There is no 行 ("884C) in font nullfont!
Missing character: There is no 分 ("5206) in font nullfont!
Missing character: There is no 析 ("6790) in font nullfont!
Missing character: There is no 以 ("4EE5) in font nullfont!
Missing character: There is no 验 ("9A8C) in font nullfont!
Missing character: There is no 证 ("8BC1) in font nullfont!
Missing character: There is no 结 ("7ED3) in font nullfont!
Missing character: There is no 论 ("8BBA) in font nullfont!
Missing character: There is no 稳 ("7A33) in font nullfont!
Missing character: There is no 健 ("5065) in font nullfont!
Missing character: There is no 性 ("6027) in font nullfont!
Missing character: There is no 。 ("3002) in font nullfont!

Overfull \hbox (21.04396pt too wide) in paragraph at lines 104--106
 $\OML/cmm/m/it/10 w[] \OMS/cmsy/m/n/10 ^^U
 []


Overfull \hbox (5.00002pt too wide) in paragraph at lines 104--106
\OT1/cmr/m/n/10 0$
 []


Overfull \hbox (36.59546pt too wide) in paragraph at lines 104--106
[][] \OML/cmm/m/it/10 w[] \OT1/cmr/m/n/10 =
 []


Overfull \hbox (5.00002pt too wide) in paragraph at lines 104--106
\OT1/cmr/m/n/10 1$
 []


Overfull \hbox (8.46524pt too wide) in paragraph at lines 104--106
\OT1/cmr/bx/n/10 w$ 
 []

! Undefined control sequence.
l.107 \paragraph
                {资源约束下的协议与参数联合优化}
The control sequence at the end of the top line
of your error message was never \def'ed. If you have
misspelled it (e.g., `\hobx'), type `I' and the correct
spelling (e.g., `I\hbox'). Otherwise just continue,
and I'll forget about whatever was undefined.

Missing character: There is no 资 ("8D44) in font nullfont!
Missing character: There is no 源 ("6E90) in font nullfont!
Missing character: There is no 约 ("7EA6) in font nullfont!
Missing character: There is no 束 ("675F) in font nullfont!
Missing character: There is no 下 ("4E0B) in font nullfont!
Missing character: There is no 的 ("7684) in font nullfont!
Missing character: There is no 协 ("534F) in font nullfont!
Missing character: There is no 议 ("8BAE) in font nullfont!
Missing character: There is no 与 ("4E0E) in font nullfont!
Missing character: There is no 参 ("53C2) in font nullfont!
Missing character: There is no 数 ("6570) in font nullfont!
Missing character: There is no 联 ("8054) in font nullfont!
Missing character: There is no 合 ("5408) in font nullfont!
Missing character: There is no 优 ("4F18) in font nullfont!
Missing character: There is no 化 ("5316) in font nullfont!
Missing character: There is no 在 ("5728) in font nullfont!
Missing character: There is no 考 ("8003) in font nullfont!
Missing character: There is no 虑 ("8651) in font nullfont!
Missing character: There is no 终 ("7EC8) in font nullfont!
Missing character: There is no 端 ("7AEF) in font nullfont!
Missing character: There is no 与 ("4E0E) in font nullfont!
Missing character: There is no 接 ("63A5) in font nullfont!
Missing character: There is no 收 ("6536) in font nullfont!
Missing character: There is no 端 ("7AEF) in font nullfont!
Missing character: There is no 资 ("8D44) in font nullfont!
Missing character: There is no 源 ("6E90) in font nullfont!
Missing character: There is no 约 ("7EA6) in font nullfont!
Missing character: There is no 束 ("675F) in font nullfont!
Missing character: There is no 时 ("65F6) in font nullfont!
Missing character: There is no ， ("FF0C) in font nullfont!
Missing character: There is no 协 ("534F) in font nullfont!
Missing character: There is no 议 ("8BAE) in font nullfont!
Missing character: There is no 选 ("9009) in font nullfont!
Missing character: There is no 择 ("62E9) in font nullfont!
Missing character: There is no 与 ("4E0E) in font nullfont!
Missing character: There is no 参 ("53C2) in font nullfont!
Missing character: There is no 数 ("6570) in font nullfont!
Missing character: There is no 联 ("8054) in font nullfont!
Missing character: There is no 合 ("5408) in font nullfont!
Missing character: There is no 优 ("4F18) in font nullfont!
Missing character: There is no 化 ("5316) in font nullfont!
Missing character: There is no 问 ("95EE) in font nullfont!
Missing character: There is no 题 ("9898) in font nullfont!
Missing character: There is no 可 ("53EF) in font nullfont!
Missing character: There is no 写 ("5199) in font nullfont!
Missing character: There is no 为 ("4E3A) in font nullfont!
Missing character: There is no （ ("FF08) in font nullfont!
Missing character: There is no 使 ("4F7F) in font nullfont!
Missing character: There is no 用 ("7528) in font nullfont!
Missing character: There is no 统 ("7EDF) in font nullfont!
Missing character: There is no 一 ("4E00) in font nullfont!
Missing character: There is no 符 ("7B26) in font nullfont!
Missing character: There is no 号 ("53F7) in font nullfont!
Missing character: There is no ） ("FF09) in font nullfont!
Missing character: There is no ： ("FF1A) in font nullfont!

Overfull \hbox (20.0pt too wide) in paragraph at lines 107--109
[]
 []


! LaTeX Error: Environment aligned undefined.

See the LaTeX manual or LaTeX Companion for explanation.
Type  H <return>  for immediate help.
 ...                                              
                                                  
l.110 \begin{aligned}
                     
Your command was ignored.
Type  I <command> <return>  to replace it with another command,
or  <return>  to continue without it.

! Undefined control sequence.
l.111 ^^I\max_{\,p\in\mathcal{P},\ \xcommon
                                           ,\ \xproto}\quad
The control sequence at the end of the top line
of your error message was never \def'ed. If you have
misspelled it (e.g., `\hobx'), type `I' and the correct
spelling (e.g., `I\hbox'). Otherwise just continue,
and I'll forget about whatever was undefined.

! Undefined control sequence.
l.111 ...x_{\,p\in\mathcal{P},\ \xcommon,\ \xproto
                                                  }\quad
The control sequence at the end of the top line
of your error message was never \def'ed. If you have
misspelled it (e.g., `\hobx'), type `I' and the correct
spelling (e.g., `I\hbox'). Otherwise just continue,
and I'll forget about whatever was undefined.

! Misplaced alignment tab character &.
l.112 ^^I&
           U\!\left(\tildey(p,\xcommon,\xproto)\right) \\[3pt]
I can't figure out why you would want to use a tab mark
here. If you just want an ampersand, the remedy is
simple: Just type `I\&' now. But if some right brace
up above has ended a previous alignment prematurely,
you're probably due for more error messages, and you
might try typing `S' now just to see what is salvageable.

! Undefined control sequence.
l.112 ^^I& U\!\left(\tildey
                           (p,\xcommon,\xproto)\right) \\[3pt]
The control sequence at the end of the top line
of your error message was never \def'ed. If you have
misspelled it (e.g., `\hobx'), type `I' and the correct
spelling (e.g., `I\hbox'). Otherwise just continue,
and I'll forget about whatever was undefined.

! Undefined control sequence.
l.112 ^^I& U\!\left(\tildey(p,\xcommon
                                      ,\xproto)\right) \\[3pt]
The control sequence at the end of the top line
of your error message was never \def'ed. If you have
misspelled it (e.g., `\hobx'), type `I' and the correct
spelling (e.g., `I\hbox'). Otherwise just continue,
and I'll forget about whatever was undefined.

! Undefined control sequence.
l.112 ^^I& U\!\left(\tildey(p,\xcommon,\xproto
                                              )\right) \\[3pt]
The control sequence at the end of the top line
of your error message was never \def'ed. If you have
misspelled it (e.g., `\hobx'), type `I' and the correct
spelling (e.g., `I\hbox'). Otherwise just continue,
and I'll forget about whatever was undefined.

! Undefined control sequence.
l.113 ^^I\text
              {s.t.}\quad
The control sequence at the end of the top line
of your error message was never \def'ed. If you have
misspelled it (e.g., `\hobx'), type `I' and the correct
spelling (e.g., `I\hbox'). Otherwise just continue,
and I'll forget about whatever was undefined.

! Misplaced alignment tab character &.
l.114 ^^I&
           C_{\mathrm{rx}}\big(p,\xcommon,\xproto\big) \le C_{\max},\\
I can't figure out why you would want to use a tab mark
here. If you just want an ampersand, the remedy is
simple: Just type `I\&' now. But if some right brace
up above has ended a previous alignment prematurely,
you're probably due for more error messages, and you
might try typing `S' now just to see what is salvageable.

! Undefined control sequence.
l.114 ^^I& C_{\mathrm{rx}}\big(p,\xcommon
                                         ,\xproto\big) \le C_{\max},\\
The control sequence at the end of the top line
of your error message was never \def'ed. If you have
misspelled it (e.g., `\hobx'), type `I' and the correct
spelling (e.g., `I\hbox'). Otherwise just continue,
and I'll forget about whatever was undefined.

! Undefined control sequence.
l.114 ^^I& C_{\mathrm{rx}}\big(p,\xcommon,\xproto
                                                 \big) \le C_{\max},\\
The control sequence at the end of the top line
of your error message was never \def'ed. If you have
misspelled it (e.g., `\hobx'), type `I' and the correct
spelling (e.g., `I\hbox'). Otherwise just continue,
and I'll forget about whatever was undefined.

! Misplaced alignment tab character &.
<recently read> &
                 
l.115 ^^I&
           I_{\mathrm{impl}}(p) \le I_{\max},\\
I can't figure out why you would want to use a tab mark
here. If you just want an ampersand, the remedy is
simple: Just type `I\&' now. But if some right brace
up above has ended a previous alignment prematurely,
you're probably due for more error messages, and you
might try typing `S' now just to see what is salvageable.

! Misplaced alignment tab character &.
<recently read> &
                 
l.116 ^^I&
           \xcommon \in \mathcal{X}_{\mathrm{common}},\quad \xproto \in \mat...
I can't figure out why you would want to use a tab mark
here. If you just want an ampersand, the remedy is
simple: Just type `I\&' now. But if some right brace
up above has ended a previous alignment prematurely,
you're probably due for more error messages, and you
might try typing `S' now just to see what is salvageable.

! Undefined control sequence.
l.116 ^^I& \xcommon
                    \in \mathcal{X}_{\mathrm{common}},\quad \xproto \in \mat...
The control sequence at the end of the top line
of your error message was never \def'ed. If you have
misspelled it (e.g., `\hobx'), type `I' and the correct
spelling (e.g., `I\hbox'). Otherwise just continue,
and I'll forget about whatever was undefined.

! Undefined control sequence.
l.116 ...athcal{X}_{\mathrm{common}},\quad \xproto
                                                   \in \mathcal{X}_p,
The control sequence at the end of the top line
of your error message was never \def'ed. If you have
misspelled it (e.g., `\hobx'), type `I' and the correct
spelling (e.g., `I\hbox'). Otherwise just continue,
and I'll forget about whatever was undefined.


! LaTeX Error: \begin{document} ended by \end{aligned}.

See the LaTeX manual or LaTeX Companion for explanation.
Type  H <return>  for immediate help.
 ...                                              
                                                  
l.117 \end{aligned}
                   
Your command was ignored.
Type  I <command> <return>  to replace it with another command,
or  <return>  to continue without it.


Overfull \hbox (302.71025pt too wide) detected at line 118
[]  \OML/cmm/m/it/10 U  []  [] C[][]p; ; [] \OMS/cmsy/m/n/10 ^^T \OML/cmm/m/it/
10 C[]; [] I[]\OT1/cmr/m/n/10 (\OML/cmm/m/it/10 p\OT1/cmr/m/n/10 ) \OMS/cmsy/m/
n/10 ^^T \OML/cmm/m/it/10 I[]; []  \OMS/cmsy/m/n/10 2 X[]\OML/cmm/m/it/10 ;  \O
MS/cmsy/m/n/10 2 X[]\OML/cmm/m/it/10 ;
 []

Missing character: There is no 其 ("5176) in font nullfont!
Missing character: There is no 中 ("4E2D) in font nullfont!
! Undefined control sequence.
l.119 其中 $\mathcal{P}=\{\text
                             {SA},\text{CBA},\text{SAST},\text{R-SA},\text{C...
The control sequence at the end of the top line
of your error message was never \def'ed. If you have
misspelled it (e.g., `\hobx'), type `I' and the correct
spelling (e.g., `I\hbox'). Otherwise just continue,
and I'll forget about whatever was undefined.

! Undefined control sequence.
l.119 其中 $\mathcal{P}=\{\text{SA},\text
                                       {CBA},\text{SAST},\text{R-SA},\text{C...
The control sequence at the end of the top line
of your error message was never \def'ed. If you have
misspelled it (e.g., `\hobx'), type `I' and the correct
spelling (e.g., `I\hbox'). Otherwise just continue,
and I'll forget about whatever was undefined.

! Undefined control sequence.
l.119 其中 $\mathcal{P}=\{\text{SA},\text{CBA},\text
                                                  {SAST},\text{R-SA},\text{C...
The control sequence at the end of the top line
of your error message was never \def'ed. If you have
misspelled it (e.g., `\hobx'), type `I' and the correct
spelling (e.g., `I\hbox'). Otherwise just continue,
and I'll forget about whatever was undefined.

! Undefined control sequence.
l.119 ...=\{\text{SA},\text{CBA},\text{SAST},\text
                                                  {R-SA},\text{CRDSA},\text{...
The control sequence at the end of the top line
of your error message was never \def'ed. If you have
misspelled it (e.g., `\hobx'), type `I' and the correct
spelling (e.g., `I\hbox'). Otherwise just continue,
and I'll forget about whatever was undefined.

! Undefined control sequence.
l.119 ...,\text{CBA},\text{SAST},\text{R-SA},\text
                                                  {CRDSA},\text{IRSA}\}$，$\m...
The control sequence at the end of the top line
of your error message was never \def'ed. If you have
misspelled it (e.g., `\hobx'), type `I' and the correct
spelling (e.g., `I\hbox'). Otherwise just continue,
and I'll forget about whatever was undefined.

! Undefined control sequence.
l.119 ...text{SAST},\text{R-SA},\text{CRDSA},\text
                                                  {IRSA}\}$，$\mathcal{X}_{\m...
The control sequence at the end of the top line
of your error message was never \def'ed. If you have
misspelled it (e.g., `\hobx'), type `I' and the correct
spelling (e.g., `I\hbox'). Otherwise just continue,
and I'll forget about whatever was undefined.

Missing character: There is no ， ("FF0C) in font nullfont!
Missing character: There is no 与 ("4E0E) in font nullfont!
Missing character: There is no 分 ("5206) in font nullfont!
Missing character: There is no 别 ("522B) in font nullfont!
Missing character: There is no 为 ("4E3A) in font nullfont!
Missing character: There is no 通 ("901A) in font nullfont!
Missing character: There is no 用 ("7528) in font nullfont!
Missing character: There is no 参 ("53C2) in font nullfont!
Missing character: There is no 数 ("6570) in font nullfont!
Missing character: There is no 与 ("4E0E) in font nullfont!
Missing character: There is no 协 ("534F) in font nullfont!
Missing character: There is no 议 ("8BAE) in font nullfont!
Missing character: There is no 专 ("4E13) in font nullfont!
Missing character: There is no 属 ("5C5E) in font nullfont!
Missing character: There is no 参 ("53C2) in font nullfont!
Missing character: There is no 数 ("6570) in font nullfont!
Missing character: There is no 的 ("7684) in font nullfont!
Missing character: There is no 可 ("53EF) in font nullfont!
Missing character: There is no 行 ("884C) in font nullfont!
Missing character: There is no 域 ("57DF) in font nullfont!
Missing character: There is no ， ("FF0C) in font nullfont!
Missing character: There is no 为 ("4E3A) in font nullfont!
Missing character: There is no 系 ("7CFB) in font nullfont!
Missing character: There is no 统 ("7EDF) in font nullfont!
Missing character: There is no 给 ("7ED9) in font nullfont!
Missing character: There is no 定 ("5B9A) in font nullfont!
Missing character: There is no 的 ("7684) in font nullfont!
Missing character: There is no 资 ("8D44) in font nullfont!
Missing character: There is no 源 ("6E90) in font nullfont!
Missing character: There is no 阈 ("9608) in font nullfont!
Missing character: There is no 值 ("503C) in font nullfont!
Missing character: There is no 。 ("3002) in font nullfont!
Missing character: There is no 最 ("6700) in font nullfont!
Missing character: There is no 终 ("7EC8) in font nullfont!
Missing character: There is no 目 ("76EE) in font nullfont!
Missing character: There is no 标 ("6807) in font nullfont!
Missing character: There is no 是 ("662F) in font nullfont!
Missing character: There is no 得 ("5F97) in font nullfont!
Missing character: There is no 到 ("5230) in font nullfont!
Missing character: There is no 满 ("6EE1) in font nullfont!
Missing character: There is no 足 ("8DB3) in font nullfont!
Missing character: There is no 约 ("7EA6) in font nullfont!
Missing character: There is no 束 ("675F) in font nullfont!
Missing character: There is no 的 ("7684) in font nullfont!
Missing character: There is no 最 ("6700) in font nullfont!
Missing character: There is no 优 ("4F18) in font nullfont!
Missing character: There is no 组 ("7EC4) in font nullfont!
Missing character: There is no 合 ("5408) in font nullfont!
Missing character: There is no ： ("FF1A) in font nullfont!

Overfull \hbox (18.33331pt too wide) in paragraph at lines 118--120
 $\OMS/cmsy/m/n/10 P \OT1/cmr/m/n/10 =
 []


Overfull \hbox (234.203pt too wide) in paragraph at lines 118--120
\OMS/cmsy/m/n/10 f[]\OML/cmm/m/it/10 ; []; []; []; []; []\OMS/cmsy/m/n/10 g$$X[
]$
 []


Overfull \hbox (11.75531pt too wide) in paragraph at lines 118--120
\OMS/cmsy/m/n/10 X[]$
 []


Overfull \hbox (46.50151pt too wide) in paragraph at lines 118--120
\OML/cmm/m/it/10 C[]; I[]$
 []

! Undefined control sequence.
l.121 (p^*,\ \xcommon
                     ^*,\ \xproto^*).
The control sequence at the end of the top line
of your error message was never \def'ed. If you have
misspelled it (e.g., `\hobx'), type `I' and the correct
spelling (e.g., `I\hbox'). Otherwise just continue,
and I'll forget about whatever was undefined.

! Undefined control sequence.
l.121 (p^*,\ \xcommon^*,\ \xproto
                                 ^*).
The control sequence at the end of the top line
of your error message was never \def'ed. If you have
misspelled it (e.g., `\hobx'), type `I' and the correct
spelling (e.g., `I\hbox'). Otherwise just continue,
and I'll forget about whatever was undefined.


Overfull \hbox (38.26735pt too wide) detected at line 122
\OT1/cmr/m/n/10 (\OML/cmm/m/it/10 p[];  [];  []\OT1/cmr/m/n/10 )\OML/cmm/m/it/1
0 :
 []

! Undefined control sequence.
l.124 \paragraph
                {可视化：性能—资源雷达图}
The control sequence at the end of the top line
of your error message was never \def'ed. If you have
misspelled it (e.g., `\hobx'), type `I' and the correct
spelling (e.g., `I\hbox'). Otherwise just continue,
and I'll forget about whatever was undefined.

Missing character: There is no 可 ("53EF) in font nullfont!
Missing character: There is no 视 ("89C6) in font nullfont!
Missing character: There is no 化 ("5316) in font nullfont!
Missing character: There is no ： ("FF1A) in font nullfont!
Missing character: There is no 性 ("6027) in font nullfont!
Missing character: There is no 能 ("80FD) in font nullfont!
Missing character: There is no — ("2014) in font nullfont!
Missing character: There is no 资 ("8D44) in font nullfont!
Missing character: There is no 源 ("6E90) in font nullfont!
Missing character: There is no 雷 ("96F7) in font nullfont!
Missing character: There is no 达 ("8FBE) in font nullfont!
Missing character: There is no 图 ("56FE) in font nullfont!
Missing character: There is no 为 ("4E3A) in font nullfont!
Missing character: There is no 便 ("4FBF) in font nullfont!
Missing character: There is no 于 ("4E8E) in font nullfont!
Missing character: There is no 直 ("76F4) in font nullfont!
Missing character: There is no 观 ("89C2) in font nullfont!
Missing character: There is no 比 ("6BD4) in font nullfont!
Missing character: There is no 较 ("8F83) in font nullfont!
Missing character: There is no ， ("FF0C) in font nullfont!
Missing character: There is no 本 ("672C) in font nullfont!
Missing character: There is no 文 ("6587) in font nullfont!
Missing character: There is no 使 ("4F7F) in font nullfont!
Missing character: There is no 用 ("7528) in font nullfont!
Missing character: There is no 性 ("6027) in font nullfont!
Missing character: There is no 能 ("80FD) in font nullfont!
Missing character: There is no — ("2014) in font nullfont!
Missing character: There is no 资 ("8D44) in font nullfont!
Missing character: There is no 源 ("6E90) in font nullfont!
Missing character: There is no 雷 ("96F7) in font nullfont!
Missing character: There is no 达 ("8FBE) in font nullfont!
Missing character: There is no 对 ("5BF9) in font nullfont!
Missing character: There is no 比 ("6BD4) in font nullfont!
Missing character: There is no 图 ("56FE) in font nullfont!
Missing character: There is no 展 ("5C55) in font nullfont!
Missing character: There is no 示 ("793A) in font nullfont!
Missing character: There is no 各 ("5404) in font nullfont!
Missing character: There is no 协 ("534F) in font nullfont!
Missing character: There is no 议 ("8BAE) in font nullfont!
Missing character: There is no 在 ("5728) in font nullfont!
Missing character: There is no 归 ("5F52) in font nullfont!
Missing character: There is no 一 ("4E00) in font nullfont!
Missing character: There is no 化 ("5316) in font nullfont!
Missing character: There is no 指 ("6307) in font nullfont!
Missing character: There is no 标 ("6807) in font nullfont!
Missing character: There is no 上 ("4E0A) in font nullfont!
Missing character: There is no 的 ("7684) in font nullfont!
Missing character: There is no 表 ("8868) in font nullfont!
Missing character: There is no 现 ("73B0) in font nullfont!
Missing character: There is no （ ("FF08) in font nullfont!
Missing character: There is no 参 ("53C2) in font nullfont!
Missing character: There is no 见 ("89C1) in font nullfont!
Missing character: There is no 图 ("56FE) in font nullfont!
! Undefined control sequence.
<write> ... `fig:protocol_radar' on page \thepage 
                                                  \space undefined\on@line .^^J
l.125 ...协议在归一化指标上的表现（参见图~\ref{fig:protocol_radar}
                                                  ）。雷达图的每个轴对应 $\tildey$ 中的一项...
The control sequence at the end of the top line
of your error message was never \def'ed. If you have
misspelled it (e.g., `\hobx'), type `I' and the correct
spelling (e.g., `I\hbox'). Otherwise just continue,
and I'll forget about whatever was undefined.


LaTeX Warning: Reference `fig:protocol_radar' on page  undefined on input line 
125.

Missing character: There is no ） ("FF09) in font nullfont!
Missing character: There is no 。 ("3002) in font nullfont!
Missing character: There is no 雷 ("96F7) in font nullfont!
Missing character: There is no 达 ("8FBE) in font nullfont!
Missing character: There is no 图 ("56FE) in font nullfont!
Missing character: There is no 的 ("7684) in font nullfont!
Missing character: There is no 每 ("6BCF) in font nullfont!
Missing character: There is no 个 ("4E2A) in font nullfont!
Missing character: There is no 轴 ("8F74) in font nullfont!
Missing character: There is no 对 ("5BF9) in font nullfont!
Missing character: There is no 应 ("5E94) in font nullfont!
! Undefined control sequence.
<recently read> \tildey 
                        
l.125 ...f{fig:protocol_radar}）。雷达图的每个轴对应 $\tildey
                                                  $ 中的一项指标，曲线越靠外表示在该维度越优。
The control sequence at the end of the top line
of your error message was never \def'ed. If you have
misspelled it (e.g., `\hobx'), type `I' and the correct
spelling (e.g., `I\hbox'). Otherwise just continue,
and I'll forget about whatever was undefined.

Missing character: There is no 中 ("4E2D) in font nullfont!
Missing character: There is no 的 ("7684) in font nullfont!
Missing character: There is no 一 ("4E00) in font nullfont!
Missing character: There is no 项 ("9879) in font nullfont!
Missing character: There is no 指 ("6307) in font nullfont!
Missing character: There is no 标 ("6807) in font nullfont!
Missing character: There is no ， ("FF0C) in font nullfont!
Missing character: There is no 曲 ("66F2) in font nullfont!
Missing character: There is no 线 ("7EBF) in font nullfont!
Missing character: There is no 越 ("8D8A) in font nullfont!
Missing character: There is no 靠 ("9760) in font nullfont!
Missing character: There is no 外 ("5916) in font nullfont!
Missing character: There is no 表 ("8868) in font nullfont!
Missing character: There is no 示 ("793A) in font nullfont!
Missing character: There is no 在 ("5728) in font nullfont!
Missing character: There is no 该 ("8BE5) in font nullfont!
Missing character: There is no 维 ("7EF4) in font nullfont!
Missing character: There is no 度 ("5EA6) in font nullfont!
Missing character: There is no 越 ("8D8A) in font nullfont!
Missing character: There is no 优 ("4F18) in font nullfont!
Missing character: There is no 。 ("3002) in font nullfont!

Overfull \hbox (20.0pt too wide) in paragraph at lines 124--126
[]
 []


Overfull \hbox (10.86pt too wide) in paragraph at lines 124--126
[]
 []


! LaTeX Error: Environment figure undefined.

See the LaTeX manual or LaTeX Companion for explanation.
Type  H <return>  for immediate help.
 ...                                              
                                                  
l.127 \begin{figure}
                    [ht]
Your command was ignored.
Type  I <command> <return>  to replace it with another command,
or  <return>  to continue without it.

Missing character: There is no [ ("5B) in font nullfont!
Missing character: There is no h ("68) in font nullfont!
Missing character: There is no t ("74) in font nullfont!
Missing character: There is no ] ("5D) in font nullfont!
! Undefined control sequence.
l.129 ^^I\includegraphics
                         [width=0.85\linewidth]{figure/protocol_radar.jpg}
The control sequence at the end of the top line
of your error message was never \def'ed. If you have
misspelled it (e.g., `\hobx'), type `I' and the correct
spelling (e.g., `I\hbox'). Otherwise just continue,
and I'll forget about whatever was undefined.

Missing character: There is no [ ("5B) in font nullfont!
Missing character: There is no w ("77) in font nullfont!
Missing character: There is no i ("69) in font nullfont!
Missing character: There is no d ("64) in font nullfont!
Missing character: There is no t ("74) in font nullfont!
Missing character: There is no h ("68) in font nullfont!
Missing character: There is no = ("3D) in font nullfont!
Missing character: There is no 0 ("30) in font nullfont!
Missing character: There is no . ("2E) in font nullfont!
Missing character: There is no 8 ("38) in font nullfont!
Missing character: There is no 5 ("35) in font nullfont!
! Missing number, treated as zero.
<to be read again> 
                   ]
l.129 ^^I\includegraphics[width=0.85\linewidth]
                                               {figure/protocol_radar.jpg}
A number should have been here; I inserted `0'.
(If you can't figure out why I needed to see a number,
look up `weird error' in the index to The TeXbook.)

! Illegal unit of measure (pt inserted).
<to be read again> 
                   ]
l.129 ^^I\includegraphics[width=0.85\linewidth]
                                               {figure/protocol_radar.jpg}
Dimensions can be in units of em, ex, in, pt, pc,
cm, mm, dd, cc, bp, or sp; but yours is a new one!
I'll assume that you meant to say pt, for printer's points.
To recover gracefully from this error, it's best to
delete the erroneous units; e.g., type `2' to delete
two letters. (See Chapter 27 of The TeXbook.)

Missing character: There is no ] ("5D) in font nullfont!
Missing character: There is no f ("66) in font nullfont!
Missing character: There is no i ("69) in font nullfont!
Missing character: There is no g ("67) in font nullfont!
Missing character: There is no u ("75) in font nullfont!
Missing character: There is no r ("72) in font nullfont!
Missing character: There is no e ("65) in font nullfont!
Missing character: There is no / ("2F) in font nullfont!
Missing character: There is no p ("70) in font nullfont!
Missing character: There is no r ("72) in font nullfont!
Missing character: There is no o ("6F) in font nullfont!
Missing character: There is no t ("74) in font nullfont!
Missing character: There is no o ("6F) in font nullfont!
Missing character: There is no c ("63) in font nullfont!
Missing character: There is no o ("6F) in font nullfont!
Missing character: There is no l ("6C) in font nullfont!
! Missing $ inserted.
<inserted text> 
                $
l.129 ...cs[width=0.85\linewidth]{figure/protocol_
                                                  radar.jpg}
I've inserted a begin-math/end-math symbol since I think
you left one out. Proceed, with fingers crossed.

! Extra }, or forgotten $.
l.129 ....85\linewidth]{figure/protocol_radar.jpg}
                                                  
I've deleted a group-closing symbol because it seems to be
spurious, as in `$x}$'. But perhaps the } is legitimate and
you forgot something else, as in `\hbox{$x}'. In such cases
the way to recover is to insert both the forgotten and the
deleted material, e.g., by typing `I$}'.


! LaTeX Error: \caption outside float.

See the LaTeX manual or LaTeX Companion for explanation.
Type  H <return>  for immediate help.
 ...                                              
                                                  
l.130 ^^I\caption
                 {六类协议的性能—资源归一化比较示例。Delay(inv)、RxCost(inv)、ImplComplex(inv) ...

You're in trouble here.  Try typing  <return>  to proceed.
If that doesn't work, type  X <return>  to quit.


! LaTeX Error: \begin{document} ended by \end{figure}.

See the LaTeX manual or LaTeX Companion for explanation.
Type  H <return>  for immediate help.
 ...                                              
                                                  
l.132 \end{figure}
                  
Your command was ignored.
Type  I <command> <return>  to replace it with another command,
or  <return>  to continue without it.

! Missing $ inserted.
<inserted text> 
                $
l.132 \end{figure}
                  
I've inserted something that you may have forgotten.
(See the <inserted text> above.)
With luck, this will get me unwedged. But if you
really didn't forget anything, try typing `2' now; then
my insertion and my current dilemma will both disappear.

Missing character: There is no 六 ("516D) in font cmr10!
Missing character: There is no 类 ("7C7B) in font cmr10!
Missing character: There is no 协 ("534F) in font cmr10!
Missing character: There is no 议 ("8BAE) in font cmr10!
Missing character: There is no 的 ("7684) in font cmr10!
Missing character: There is no 性 ("6027) in font cmr10!
Missing character: There is no 能 ("80FD) in font cmr10!
Missing character: There is no — ("2014) in font cmr10!
Missing character: There is no 资 ("8D44) in font cmr10!
Missing character: There is no 源 ("6E90) in font cmr10!
Missing character: There is no 归 ("5F52) in font cmr10!
Missing character: There is no 一 ("4E00) in font cmr10!
Missing character: There is no 化 ("5316) in font cmr10!
Missing character: There is no 比 ("6BD4) in font cmr10!
Missing character: There is no 较 ("8F83) in font cmr10!
Missing character: There is no 示 ("793A) in font cmr10!
Missing character: There is no 例 ("4F8B) in font cmr10!
Missing character: There is no 。 ("3002) in font cmr10!
Missing character: There is no 、 ("3001) in font cmr10!
Missing character: There is no 、 ("3001) in font cmr10!
Missing character: There is no 表 ("8868) in font cmr10!
Missing character: There is no 示 ("793A) in font cmr10!
Missing character: There is no 在 ("5728) in font cmr10!
Missing character: There is no 归 ("5F52) in font cmr10!
Missing character: There is no 一 ("4E00) in font cmr10!
Missing character: There is no 化 ("5316) in font cmr10!
Missing character: There is no 前 ("524D) in font cmr10!
Missing character: There is no 做 ("505A) in font cmr10!
Missing character: There is no 了 ("4E86) in font cmr10!
Missing character: There is no 方 ("65B9) in font cmr10!
Missing character: There is no 向 ("5411) in font cmr10!
Missing character: There is no 反 ("53CD) in font cmr10!
Missing character: There is no 转 ("8F6C) in font cmr10!
Missing character: There is no （ ("FF08) in font cmr10!
Missing character: There is no 使 ("4F7F) in font cmr10!
Missing character: There is no 得 ("5F97) in font cmr10!
Missing character: There is no 所 ("6240) in font cmr10!
Missing character: There is no 有 ("6709) in font cmr10!
Missing character: There is no 轴 ("8F74) in font cmr10!
Missing character: There is no 均 ("5747) in font cmr10!
Missing character: There is no 为 ("4E3A) in font cmr10!
Missing character: There is no “ ("201C) in font cmr10!
Missing character: There is no 越 ("8D8A) in font cmr10!
Missing character: There is no 大 ("5927) in font cmr10!
Missing character: There is no 越 ("8D8A) in font cmr10!
Missing character: There is no 好 ("597D) in font cmr10!
Missing character: There is no ” ("201D) in font cmr10!
Missing character: There is no ） ("FF09) in font cmr10!
Missing character: There is no 。 ("3002) in font cmr10!
! Missing } inserted.
<inserted text> 
                }
l.132 \end{figure}
                  
I've inserted something that you may have forgotten.
(See the <inserted text> above.)
With luck, this will get me unwedged. But if you
really didn't forget anything, try typing `2' now; then
my insertion and my current dilemma will both disappear.


Overfull \hbox (20.0pt too wide) in paragraph at lines 127--133
[]
 []


Overfull \hbox (232.9413pt too wide) in paragraph at lines 127--133
[]\OML/cmm/m/it/10 adar:jpg[][]$ 
 []

! Undefined control sequence.
l.137 \section
              {构建面向协议优化的AI代理仿真模型}
The control sequence at the end of the top line
of your error message was never \def'ed. If you have
misspelled it (e.g., `\hobx'), type `I' and the correct
spelling (e.g., `I\hbox'). Otherwise just continue,
and I'll forget about whatever was undefined.

Missing character: There is no 构 ("6784) in font nullfont!
Missing character: There is no 建 ("5EFA) in font nullfont!
Missing character: There is no 面 ("9762) in font nullfont!
Missing character: There is no 向 ("5411) in font nullfont!
Missing character: There is no 协 ("534F) in font nullfont!
Missing character: There is no 议 ("8BAE) in font nullfont!
Missing character: There is no 优 ("4F18) in font nullfont!
Missing character: There is no 化 ("5316) in font nullfont!
Missing character: There is no 的 ("7684) in font nullfont!
Missing character: There is no A ("41) in font nullfont!
Missing character: There is no I ("49) in font nullfont!
Missing character: There is no 代 ("4EE3) in font nullfont!
Missing character: There is no 理 ("7406) in font nullfont!
Missing character: There is no 仿 ("4EFF) in font nullfont!
Missing character: There is no 真 ("771F) in font nullfont!
Missing character: There is no 模 ("6A21) in font nullfont!
Missing character: There is no 型 ("578B) in font nullfont!

Overfull \hbox (20.0pt too wide) in paragraph at lines 137--138
[] 
 []

! Undefined control sequence.
l.139 \subsection
                 {构建动机}
The control sequence at the end of the top line
of your error message was never \def'ed. If you have
misspelled it (e.g., `\hobx'), type `I' and the correct
spelling (e.g., `I\hbox'). Otherwise just continue,
and I'll forget about whatever was undefined.

Missing character: There is no 构 ("6784) in font nullfont!
Missing character: There is no 建 ("5EFA) in font nullfont!
Missing character: There is no 动 ("52A8) in font nullfont!
Missing character: There is no 机 ("673A) in font nullfont!
Missing character: There is no 虽 ("867D) in font nullfont!
Missing character: There is no 然 ("7136) in font nullfont!
Missing character: There is no 仿 ("4EFF) in font nullfont!
Missing character: There is no 真 ("771F) in font nullfont!
Missing character: There is no 器 ("5668) in font nullfont!
Missing character: There is no 能 ("80FD) in font nullfont!
Missing character: There is no 够 ("591F) in font nullfont!
Missing character: There is no 精 ("7CBE) in font nullfont!
Missing character: There is no 确 ("786E) in font nullfont!
Missing character: There is no 评 ("8BC4) in font nullfont!
Missing character: There is no 估 ("4F30) in font nullfont!
Missing character: There is no 特 ("7279) in font nullfont!
Missing character: There is no 定 ("5B9A) in font nullfont!
Missing character: There is no 配 ("914D) in font nullfont!
Missing character: There is no 置 ("7F6E) in font nullfont!
Missing character: There is no 下 ("4E0B) in font nullfont!
Missing character: There is no 的 ("7684) in font nullfont!
Missing character: There is no 协 ("534F) in font nullfont!
Missing character: There is no 议 ("8BAE) in font nullfont!
Missing character: There is no 性 ("6027) in font nullfont!
Missing character: There is no 能 ("80FD) in font nullfont!
Missing character: There is no ， ("FF0C) in font nullfont!
Missing character: There is no 但 ("4F46) in font nullfont!
Missing character: There is no 其 ("5176) in font nullfont!
Missing character: There is no 过 ("8FC7) in font nullfont!
Missing character: There is no 程 ("7A0B) in font nullfont!
Missing character: There is no 往 ("5F80) in font nullfont!
Missing character: There is no 往 ("5F80) in font nullfont!
Missing character: There is no 极 ("6781) in font nullfont!
Missing character: There is no 为 ("4E3A) in font nullfont!
Missing character: There is no 耗 ("8017) in font nullfont!
Missing character: There is no 时 ("65F6) in font nullfont!
Missing character: There is no ， ("FF0C) in font nullfont!
Missing character: There is no 动 ("52A8) in font nullfont!
Missing character: There is no 辄 ("8F84) in font nullfont!
Missing character: There is no 需 ("9700) in font nullfont!
Missing character: There is no 要 ("8981) in font nullfont!
Missing character: There is no 数 ("6570) in font nullfont!
Missing character: There is no 小 ("5C0F) in font nullfont!
Missing character: There is no 时 ("65F6) in font nullfont!
Missing character: There is no 乃 ("4E43) in font nullfont!
Missing character: There is no 至 ("81F3) in font nullfont!
Missing character: There is no 数 ("6570) in font nullfont!
Missing character: There is no 天 ("5929) in font nullfont!
Missing character: There is no 才 ("624D) in font nullfont!
Missing character: There is no 能 ("80FD) in font nullfont!
Missing character: There is no 完 ("5B8C) in font nullfont!
Missing character: There is no 成 ("6210) in font nullfont!
Missing character: There is no 一 ("4E00) in font nullfont!
Missing character: There is no 次 ("6B21) in font nullfont!
Missing character: There is no 参 ("53C2) in font nullfont!
Missing character: There is no 数 ("6570) in font nullfont!
Missing character: There is no 扫 ("626B) in font nullfont!
Missing character: There is no 描 ("63CF) in font nullfont!
Missing character: There is no 。 ("3002) in font nullfont!
Missing character: There is no 这 ("8FD9) in font nullfont!
Missing character: There is no 种 ("79CD) in font nullfont!
Missing character: There is no 低 ("4F4E) in font nullfont!
Missing character: There is no 效 ("6548) in font nullfont!
Missing character: There is no 率 ("7387) in font nullfont!
Missing character: There is no 严 ("4E25) in font nullfont!
Missing character: There is no 重 ("91CD) in font nullfont!
Missing character: There is no 制 ("5236) in font nullfont!
Missing character: There is no 约 ("7EA6) in font nullfont!
Missing character: There is no 了 ("4E86) in font nullfont!
Missing character: There is no 对 ("5BF9) in font nullfont!
Missing character: There is no 大 ("5927) in font nullfont!
Missing character: There is no 规 ("89C4) in font nullfont!
Missing character: There is no 模 ("6A21) in font nullfont!
Missing character: There is no 、 ("3001) in font nullfont!
Missing character: There is no 多 ("591A) in font nullfont!
Missing character: There is no 维 ("7EF4) in font nullfont!
Missing character: There is no 度 ("5EA6) in font nullfont!
Missing character: There is no 参 ("53C2) in font nullfont!
Missing character: There is no 数 ("6570) in font nullfont!
Missing character: There is no 空 ("7A7A) in font nullfont!
Missing character: There is no 间 ("95F4) in font nullfont!
Missing character: There is no 的 ("7684) in font nullfont!
Missing character: There is no 探 ("63A2) in font nullfont!
Missing character: There is no 索 ("7D22) in font nullfont!
Missing character: There is no ， ("FF0C) in font nullfont!
Missing character: There is no 使 ("4F7F) in font nullfont!
Missing character: There is no 得 ("5F97) in font nullfont!
Missing character: There is no 协 ("534F) in font nullfont!
Missing character: There is no 议 ("8BAE) in font nullfont!
Missing character: There is no 的 ("7684) in font nullfont!
Missing character: There is no 快 ("5FEB) in font nullfont!
Missing character: There is no 速 ("901F) in font nullfont!
Missing character: There is no 设 ("8BBE) in font nullfont!
Missing character: There is no 计 ("8BA1) in font nullfont!
Missing character: There is no 与 ("4E0E) in font nullfont!
Missing character: There is no 自 ("81EA) in font nullfont!
Missing character: There is no 适 ("9002) in font nullfont!
Missing character: There is no 应 ("5E94) in font nullfont!
Missing character: There is no 调 ("8C03) in font nullfont!
Missing character: There is no 优 ("4F18) in font nullfont!
Missing character: There is no 变 ("53D8) in font nullfont!
Missing character: There is no 得 ("5F97) in font nullfont!
Missing character: There is no 不 ("4E0D) in font nullfont!
Missing character: There is no 切 ("5207) in font nullfont!
Missing character: There is no 实 ("5B9E) in font nullfont!
Missing character: There is no 际 ("9645) in font nullfont!
Missing character: There is no 。 ("3002) in font nullfont!

Overfull \hbox (20.0pt too wide) in paragraph at lines 139--141
[]
 []


Overfull \hbox (6.70831pt too wide) in paragraph at lines 139--141
\OML/cmm/m/it/10 S$
 []

Missing character: There is no 为 ("4E3A) in font nullfont!
Missing character: There is no 解 ("89E3) in font nullfont!
Missing character: There is no 决 ("51B3) in font nullfont!
Missing character: There is no 此 ("6B64) in font nullfont!
Missing character: There is no 瓶 ("74F6) in font nullfont!
Missing character: There is no 颈 ("9888) in font nullfont!
Missing character: There is no ， ("FF0C) in font nullfont!
Missing character: There is no 本 ("672C) in font nullfont!
Missing character: There is no 章 ("7AE0) in font nullfont!
Missing character: There is no 的 ("7684) in font nullfont!
Missing character: There is no 核 ("6838) in font nullfont!
Missing character: There is no 心 ("5FC3) in font nullfont!
Missing character: There is no 思 ("601D) in font nullfont!
Missing character: There is no 想 ("60F3) in font nullfont!
Missing character: There is no 是 ("662F) in font nullfont!
Missing character: There is no 构 ("6784) in font nullfont!
Missing character: There is no 建 ("5EFA) in font nullfont!
Missing character: There is no 一 ("4E00) in font nullfont!
Missing character: There is no 个 ("4E2A) in font nullfont!
Missing character: There is no 高 ("9AD8) in font nullfont!
Missing character: There is no 效 ("6548) in font nullfont!
Missing character: There is no 的 ("7684) in font nullfont!
Missing character: There is no A ("41) in font nullfont!
Missing character: There is no I ("49) in font nullfont!
Missing character: There is no 代 ("4EE3) in font nullfont!
Missing character: There is no 理 ("7406) in font nullfont!
Missing character: There is no 仿 ("4EFF) in font nullfont!
Missing character: There is no 真 ("771F) in font nullfont!
Missing character: There is no 模 ("6A21) in font nullfont!
Missing character: There is no 型 ("578B) in font nullfont!
Missing character: There is no （ ("FF08) in font nullfont!
Missing character: There is no A ("41) in font nullfont!
Missing character: There is no I ("49) in font nullfont!
Missing character: There is no - ("2D) in font nullfont!
Missing character: There is no d ("64) in font nullfont!
Missing character: There is no r ("72) in font nullfont!
Missing character: There is no i ("69) in font nullfont!
Missing character: There is no v ("76) in font nullfont!
Missing character: There is no e ("65) in font nullfont!
Missing character: There is no n ("6E) in font nullfont!
Missing character: There is no S ("53) in font nullfont!
Missing character: There is no u ("75) in font nullfont!
Missing character: There is no r ("72) in font nullfont!
Missing character: There is no r ("72) in font nullfont!
Missing character: There is no o ("6F) in font nullfont!
Missing character: There is no g ("67) in font nullfont!
Missing character: There is no a ("61) in font nullfont!
Missing character: There is no t ("74) in font nullfont!
Missing character: There is no e ("65) in font nullfont!
Missing character: There is no M ("4D) in font nullfont!
Missing character: There is no o ("6F) in font nullfont!
Missing character: There is no d ("64) in font nullfont!
Missing character: There is no e ("65) in font nullfont!
Missing character: There is no l ("6C) in font nullfont!
Missing character: There is no ） ("FF09) in font nullfont!
Missing character: There is no 。 ("3002) in font nullfont!
Missing character: There is no 我 ("6211) in font nullfont!
Missing character: There is no 们 ("4EEC) in font nullfont!
Missing character: There is no 旨 ("65E8) in font nullfont!
Missing character: There is no 在 ("5728) in font nullfont!
Missing character: There is no 训 ("8BAD) in font nullfont!
Missing character: There is no 练 ("7EC3) in font nullfont!
Missing character: There is no 一 ("4E00) in font nullfont!
Missing character: There is no 个 ("4E2A) in font nullfont!
Missing character: There is no 机 ("673A) in font nullfont!
Missing character: There is no 器 ("5668) in font nullfont!
Missing character: There is no 学 ("5B66) in font nullfont!
Missing character: There is no 习 ("4E60) in font nullfont!
Missing character: There is no 模 ("6A21) in font nullfont!
Missing character: There is no 型 ("578B) in font nullfont!
Missing character: There is no （ ("FF08) in font nullfont!
Missing character: There is no 以 ("4EE5) in font nullfont!
Missing character: There is no 为 ("4E3A) in font nullfont!
Missing character: There is no 参 ("53C2) in font nullfont!
Missing character: There is no 数 ("6570) in font nullfont!
Missing character: There is no ） ("FF09) in font nullfont!
Missing character: There is no ， ("FF0C) in font nullfont!
Missing character: There is no 使 ("4F7F) in font nullfont!
Missing character: There is no 其 ("5176) in font nullfont!
Missing character: There is no 能 ("80FD) in font nullfont!
Missing character: There is no 够 ("591F) in font nullfont!
Missing character: There is no 精 ("7CBE) in font nullfont!
Missing character: There is no 准 ("51C6) in font nullfont!
Missing character: There is no 地 ("5730) in font nullfont!
Missing character: There is no 学 ("5B66) in font nullfont!
Missing character: There is no 习 ("4E60) in font nullfont!
Missing character: There is no 并 ("5E76) in font nullfont!
Missing character: There is no 复 ("590D) in font nullfont!
Missing character: There is no 现 ("73B0) in font nullfont!
Missing character: There is no 从 ("4ECE) in font nullfont!
Missing character: There is no 输 ("8F93) in font nullfont!
Missing character: There is no 入 ("5165) in font nullfont!
Missing character: There is no 特 ("7279) in font nullfont!
Missing character: There is no 征 ("5F81) in font nullfont!
! Undefined control sequence.
<recently read> \Xinput 
                        
l.142 ...（以 $\phi$ 为参数），使其能够精准地学习并复现从输入特征 $\Xinput
                                                  $ 到性能指标 $\yvec$ 的复杂映射关系：
The control sequence at the end of the top line
of your error message was never \def'ed. If you have
misspelled it (e.g., `\hobx'), type `I' and the correct
spelling (e.g., `I\hbox'). Otherwise just continue,
and I'll forget about whatever was undefined.

Missing character: There is no 到 ("5230) in font nullfont!
Missing character: There is no 性 ("6027) in font nullfont!
Missing character: There is no 能 ("80FD) in font nullfont!
Missing character: There is no 指 ("6307) in font nullfont!
Missing character: There is no 标 ("6807) in font nullfont!
! Undefined control sequence.
<recently read> \yvec 
                      
l.142 ...，使其能够精准地学习并复现从输入特征 $\Xinput$ 到性能指标 $\yvec
                                                  $ 的复杂映射关系：
The control sequence at the end of the top line
of your error message was never \def'ed. If you have
misspelled it (e.g., `\hobx'), type `I' and the correct
spelling (e.g., `I\hbox'). Otherwise just continue,
and I'll forget about whatever was undefined.

Missing character: There is no 的 ("7684) in font nullfont!
Missing character: There is no 复 ("590D) in font nullfont!
Missing character: There is no 杂 ("6742) in font nullfont!
Missing character: There is no 映 ("6620) in font nullfont!
Missing character: There is no 射 ("5C04) in font nullfont!
Missing character: There is no 关 ("5173) in font nullfont!
Missing character: There is no 系 ("7CFB) in font nullfont!
Missing character: There is no ： ("FF1A) in font nullfont!

Overfull \hbox (20.0pt too wide) in paragraph at lines 142--143
[]
 []


Overfull \hbox (10.2042pt too wide) in paragraph at lines 142--143
\OML/cmm/m/it/10 f[]$
 []


Overfull \hbox (5.95834pt too wide) in paragraph at lines 142--143
\OML/cmm/m/it/10 ^^^$
 []

! Undefined control sequence.
l.144 ^^I\hat{\yvec
                   } = f_{\phi}(\Xinput) \approx S(\Xinput)
The control sequence at the end of the top line
of your error message was never \def'ed. If you have
misspelled it (e.g., `\hobx'), type `I' and the correct
spelling (e.g., `I\hbox'). Otherwise just continue,
and I'll forget about whatever was undefined.

! Undefined control sequence.
l.144 ^^I\hat{\yvec} = f_{\phi}(\Xinput
                                       ) \approx S(\Xinput)
The control sequence at the end of the top line
of your error message was never \def'ed. If you have
misspelled it (e.g., `\hobx'), type `I' and the correct
spelling (e.g., `I\hbox'). Otherwise just continue,
and I'll forget about whatever was undefined.

! Undefined control sequence.
l.144 ...ec} = f_{\phi}(\Xinput) \approx S(\Xinput
                                                  )
The control sequence at the end of the top line
of your error message was never \def'ed. If you have
misspelled it (e.g., `\hobx'), type `I' and the correct
spelling (e.g., `I\hbox'). Otherwise just continue,
and I'll forget about whatever was undefined.


Overfull \hbox (59.13455pt too wide) detected at line 145
[] \OT1/cmr/m/n/10 = \OML/cmm/m/it/10 f[]\OT1/cmr/m/n/10 () \OMS/cmsy/m/n/10 ^^
Y \OML/cmm/m/it/10 S\OT1/cmr/m/n/10 ()
 []

Missing character: There is no 一 ("4E00) in font nullfont!
Missing character: There is no 旦 ("65E6) in font nullfont!
Missing character: There is no 训 ("8BAD) in font nullfont!
Missing character: There is no 练 ("7EC3) in font nullfont!
Missing character: There is no 完 ("5B8C) in font nullfont!
Missing character: There is no 成 ("6210) in font nullfont!
Missing character: There is no ， ("FF0C) in font nullfont!
Missing character: There is no 该 ("8BE5) in font nullfont!
Missing character: There is no 代 ("4EE3) in font nullfont!
Missing character: There is no 理 ("7406) in font nullfont!
Missing character: There is no 模 ("6A21) in font nullfont!
Missing character: There is no 型 ("578B) in font nullfont!
Missing character: There is no 便 ("4FBF) in font nullfont!
Missing character: There is no 可 ("53EF) in font nullfont!
Missing character: There is no 在 ("5728) in font nullfont!
Missing character: There is no 毫 ("6BEB) in font nullfont!
Missing character: There is no 秒 ("79D2) in font nullfont!
Missing character: There is no 级 ("7EA7) in font nullfont!
Missing character: There is no 别 ("522B) in font nullfont!
Missing character: There is no 完 ("5B8C) in font nullfont!
Missing character: There is no 成 ("6210) in font nullfont!
Missing character: There is no 一 ("4E00) in font nullfont!
Missing character: There is no 次 ("6B21) in font nullfont!
Missing character: There is no 性 ("6027) in font nullfont!
Missing character: There is no 能 ("80FD) in font nullfont!
Missing character: There is no 预 ("9884) in font nullfont!
Missing character: There is no 测 ("6D4B) in font nullfont!
Missing character: There is no ， ("FF0C) in font nullfont!
Missing character: There is no 相 ("76F8) in font nullfont!
Missing character: There is no 比 ("6BD4) in font nullfont!
Missing character: There is no 传 ("4F20) in font nullfont!
Missing character: There is no 统 ("7EDF) in font nullfont!
Missing character: There is no 仿 ("4EFF) in font nullfont!
Missing character: There is no 真 ("771F) in font nullfont!
Missing character: There is no 实 ("5B9E) in font nullfont!
Missing character: There is no 现 ("73B0) in font nullfont!
Missing character: There is no 了 ("4E86) in font nullfont!
Missing character: There is no 数 ("6570) in font nullfont!
Missing character: There is no 万 ("4E07) in font nullfont!
Missing character: There is no 倍 ("500D) in font nullfont!
Missing character: There is no 乃 ("4E43) in font nullfont!
Missing character: There is no 至 ("81F3) in font nullfont!
Missing character: There is no 更 ("66F4) in font nullfont!
Missing character: There is no 高 ("9AD8) in font nullfont!
Missing character: There is no 的 ("7684) in font nullfont!
Missing character: There is no 加 ("52A0) in font nullfont!
Missing character: There is no 速 ("901F) in font nullfont!
Missing character: There is no ， ("FF0C) in font nullfont!
Missing character: There is no 为 ("4E3A) in font nullfont!
Missing character: There is no 实 ("5B9E) in font nullfont!
Missing character: There is no 现 ("73B0) in font nullfont!
Missing character: There is no 协 ("534F) in font nullfont!
Missing character: There is no 议 ("8BAE) in font nullfont!
Missing character: There is no 参 ("53C2) in font nullfont!
Missing character: There is no 数 ("6570) in font nullfont!
Missing character: There is no 的 ("7684) in font nullfont!
Missing character: There is no 实 ("5B9E) in font nullfont!
Missing character: There is no 时 ("65F6) in font nullfont!
Missing character: There is no 优 ("4F18) in font nullfont!
Missing character: There is no 化 ("5316) in font nullfont!
Missing character: There is no 与 ("4E0E) in font nullfont!
Missing character: There is no 在 ("5728) in font nullfont!
Missing character: There is no 线 ("7EBF) in font nullfont!
Missing character: There is no 自 ("81EA) in font nullfont!
Missing character: There is no 适 ("9002) in font nullfont!
Missing character: There is no 应 ("5E94) in font nullfont!
Missing character: There is no 调 ("8C03) in font nullfont!
Missing character: There is no 整 ("6574) in font nullfont!
Missing character: There is no 提 ("63D0) in font nullfont!
Missing character: There is no 供 ("4F9B) in font nullfont!
Missing character: There is no 了 ("4E86) in font nullfont!
Missing character: There is no 核 ("6838) in font nullfont!
Missing character: There is no 心 ("5FC3) in font nullfont!
Missing character: There is no 技 ("6280) in font nullfont!
Missing character: There is no 术 ("672F) in font nullfont!
Missing character: There is no 支 ("652F) in font nullfont!
Missing character: There is no 撑 ("6491) in font nullfont!
Missing character: There is no 。 ("3002) in font nullfont!
! Undefined control sequence.
l.149 \subsection
                 {监督学习数据集构建}
The control sequence at the end of the top line
of your error message was never \def'ed. If you have
misspelled it (e.g., `\hobx'), type `I' and the correct
spelling (e.g., `I\hbox'). Otherwise just continue,
and I'll forget about whatever was undefined.

Missing character: There is no 监 ("76D1) in font nullfont!
Missing character: There is no 督 ("7763) in font nullfont!
Missing character: There is no 学 ("5B66) in font nullfont!
Missing character: There is no 习 ("4E60) in font nullfont!
Missing character: There is no 数 ("6570) in font nullfont!
Missing character: There is no 据 ("636E) in font nullfont!
Missing character: There is no 集 ("96C6) in font nullfont!
Missing character: There is no 构 ("6784) in font nullfont!
Missing character: There is no 建 ("5EFA) in font nullfont!

Overfull \hbox (20.0pt too wide) in paragraph at lines 149--150
[] 
 []

Missing character: There is no 要 ("8981) in font nullfont!
Missing character: There is no 训 ("8BAD) in font nullfont!
Missing character: There is no 练 ("7EC3) in font nullfont!
Missing character: There is no 代 ("4EE3) in font nullfont!
Missing character: There is no 理 ("7406) in font nullfont!
Missing character: There is no 模 ("6A21) in font nullfont!
Missing character: There is no 型 ("578B) in font nullfont!
Missing character: There is no ， ("FF0C) in font nullfont!
Missing character: There is no 首 ("9996) in font nullfont!
Missing character: There is no 先 ("5148) in font nullfont!
Missing character: There is no 必 ("5FC5) in font nullfont!
Missing character: There is no 须 ("987B) in font nullfont!
Missing character: There is no 构 ("6784) in font nullfont!
Missing character: There is no 建 ("5EFA) in font nullfont!
Missing character: There is no 一 ("4E00) in font nullfont!
Missing character: There is no 个 ("4E2A) in font nullfont!
Missing character: There is no 高 ("9AD8) in font nullfont!
Missing character: There is no 质 ("8D28) in font nullfont!
Missing character: There is no 量 ("91CF) in font nullfont!
Missing character: There is no 的 ("7684) in font nullfont!
Missing character: There is no 数 ("6570) in font nullfont!
Missing character: There is no 据 ("636E) in font nullfont!
Missing character: There is no 集 ("96C6) in font nullfont!
Missing character: There is no 。 ("3002) in font nullfont!
Missing character: There is no 该 ("8BE5) in font nullfont!
Missing character: There is no 过 ("8FC7) in font nullfont!
Missing character: There is no 程 ("7A0B) in font nullfont!
Missing character: There is no 遵 ("9075) in font nullfont!
Missing character: There is no 循 ("5FAA) in font nullfont!
Missing character: There is no 标 ("6807) in font nullfont!
Missing character: There is no 准 ("51C6) in font nullfont!
Missing character: There is no 的 ("7684) in font nullfont!
Missing character: There is no 监 ("76D1) in font nullfont!
Missing character: There is no 督 ("7763) in font nullfont!
Missing character: There is no 学 ("5B66) in font nullfont!
Missing character: There is no 习 ("4E60) in font nullfont!
Missing character: There is no 范 ("8303) in font nullfont!
Missing character: There is no 式 ("5F0F) in font nullfont!
Missing character: There is no ， ("FF0C) in font nullfont!
Missing character: There is no 具 ("5177) in font nullfont!
Missing character: There is no 体 ("4F53) in font nullfont!
Missing character: There is no 流 ("6D41) in font nullfont!
Missing character: There is no 程 ("7A0B) in font nullfont!
Missing character: There is no 如 ("5982) in font nullfont!
Missing character: There is no 下 ("4E0B) in font nullfont!
Missing character: There is no ： ("FF1A) in font nullfont!

Overfull \hbox (20.0pt too wide) in paragraph at lines 151--152
[]
 []


Overfull \hbox (10.2042pt too wide) in paragraph at lines 151--152
\OML/cmm/m/it/10 f[]$
 []


Overfull \hbox (7.99171pt too wide) in paragraph at lines 151--152
\OMS/cmsy/m/n/10 D$ 
 []

Missing character: There is no 参 (U+53C2) in font [lmroman10-bold]:mapping=tex-
text;!
Missing character: There is no 数 (U+6570) in font [lmroman10-bold]:mapping=tex-
text;!
Missing character: There is no 采 (U+91C7) in font [lmroman10-bold]:mapping=tex-
text;!
Missing character: There is no 样 (U+6837) in font [lmroman10-bold]:mapping=tex-
text;!
Missing character: There is no ： ("FF1A) in font nullfont!
Missing character: There is no 在 ("5728) in font nullfont!
Missing character: There is no 合 ("5408) in font nullfont!
Missing character: There is no 法 ("6CD5) in font nullfont!
Missing character: There is no 的 ("7684) in font nullfont!
Missing character: There is no 参 ("53C2) in font nullfont!
Missing character: There is no 数 ("6570) in font nullfont!
Missing character: There is no 空 ("7A7A) in font nullfont!
Missing character: There is no 间 ("95F4) in font nullfont!
Missing character: There is no 中 ("4E2D) in font nullfont!
Missing character: There is no 对 ("5BF9) in font nullfont!
Missing character: There is no 输 ("8F93) in font nullfont!
Missing character: There is no 入 ("5165) in font nullfont!
Missing character: There is no 向 ("5411) in font nullfont!
Missing character: There is no 量 ("91CF) in font nullfont!
! Undefined control sequence.
<recently read> \Xinput 
                        
l.153 ...tem \textbf{参数采样}：在合法的参数空间中对输入向量 $\Xinput
                                                  $ 进行广泛采样。为保证样本的多样性与覆盖性，可采用...
The control sequence at the end of the top line
of your error message was never \def'ed. If you have
misspelled it (e.g., `\hobx'), type `I' and the correct
spelling (e.g., `I\hbox'). Otherwise just continue,
and I'll forget about whatever was undefined.

Missing character: There is no 进 ("8FDB) in font nullfont!
Missing character: There is no 行 ("884C) in font nullfont!
Missing character: There is no 广 ("5E7F) in font nullfont!
Missing character: There is no 泛 ("6CDB) in font nullfont!
Missing character: There is no 采 ("91C7) in font nullfont!
Missing character: There is no 样 ("6837) in font nullfont!
Missing character: There is no 。 ("3002) in font nullfont!
Missing character: There is no 为 ("4E3A) in font nullfont!
Missing character: There is no 保 ("4FDD) in font nullfont!
Missing character: There is no 证 ("8BC1) in font nullfont!
Missing character: There is no 样 ("6837) in font nullfont!
Missing character: There is no 本 ("672C) in font nullfont!
Missing character: There is no 的 ("7684) in font nullfont!
Missing character: There is no 多 ("591A) in font nullfont!
Missing character: There is no 样 ("6837) in font nullfont!
Missing character: There is no 性 ("6027) in font nullfont!
Missing character: There is no 与 ("4E0E) in font nullfont!
Missing character: There is no 覆 ("8986) in font nullfont!
Missing character: There is no 盖 ("76D6) in font nullfont!
Missing character: There is no 性 ("6027) in font nullfont!
Missing character: There is no ， ("FF0C) in font nullfont!
Missing character: There is no 可 ("53EF) in font nullfont!
Missing character: There is no 采 ("91C7) in font nullfont!
Missing character: There is no 用 ("7528) in font nullfont!
Missing character: There is no 拉 ("62C9) in font nullfont!
Missing character: There is no 丁 ("4E01) in font nullfont!
Missing character: There is no 超 ("8D85) in font nullfont!
Missing character: There is no 立 ("7ACB) in font nullfont!
Missing character: There is no 方 ("65B9) in font nullfont!
Missing character: There is no 采 ("91C7) in font nullfont!
Missing character: There is no 样 ("6837) in font nullfont!
Missing character: There is no （ ("FF08) in font nullfont!
Missing character: There is no L ("4C) in font nullfont!
Missing character: There is no a ("61) in font nullfont!
Missing character: There is no t ("74) in font nullfont!
Missing character: There is no i ("69) in font nullfont!
Missing character: There is no n ("6E) in font nullfont!
Missing character: There is no H ("48) in font nullfont!
Missing character: There is no y ("79) in font nullfont!
Missing character: There is no p ("70) in font nullfont!
Missing character: There is no e ("65) in font nullfont!
Missing character: There is no r ("72) in font nullfont!
Missing character: There is no c ("63) in font nullfont!
Missing character: There is no u ("75) in font nullfont!
Missing character: There is no b ("62) in font nullfont!
Missing character: There is no e ("65) in font nullfont!
Missing character: There is no S ("53) in font nullfont!
Missing character: There is no a ("61) in font nullfont!
Missing character: There is no m ("6D) in font nullfont!
Missing character: There is no p ("70) in font nullfont!
Missing character: There is no l ("6C) in font nullfont!
Missing character: There is no i ("69) in font nullfont!
Missing character: There is no n ("6E) in font nullfont!
Missing character: There is no g ("67) in font nullfont!
Missing character: There is no ） ("FF09) in font nullfont!
Missing character: There is no 等 ("7B49) in font nullfont!
Missing character: There is no 高 ("9AD8) in font nullfont!
Missing character: There is no 级 ("7EA7) in font nullfont!
Missing character: There is no 采 ("91C7) in font nullfont!
Missing character: There is no 样 ("6837) in font nullfont!
Missing character: There is no 技 ("6280) in font nullfont!
Missing character: There is no 术 ("672F) in font nullfont!
Missing character: There is no 。 ("3002) in font nullfont!

Overfull \hbox (11.2pt too wide) in paragraph at lines 153--154
\TU/lmr/bx/n/10 参数采样
 []

Missing character: There is no 执 (U+6267) in font [lmroman10-bold]:mapping=tex-
text;!
Missing character: There is no 行 (U+884C) in font [lmroman10-bold]:mapping=tex-
text;!
Missing character: There is no 仿 (U+4EFF) in font [lmroman10-bold]:mapping=tex-
text;!
Missing character: There is no 真 (U+771F) in font [lmroman10-bold]:mapping=tex-
text;!
Missing character: There is no ： ("FF1A) in font nullfont!
Missing character: There is no 对 ("5BF9) in font nullfont!
Missing character: There is no 每 ("6BCF) in font nullfont!
Missing character: There is no 一 ("4E00) in font nullfont!
Missing character: There is no 个 ("4E2A) in font nullfont!
Missing character: There is no 采 ("91C7) in font nullfont!
Missing character: There is no 样 ("6837) in font nullfont!
Missing character: There is no 得 ("5F97) in font nullfont!
Missing character: There is no 到 ("5230) in font nullfont!
Missing character: There is no 的 ("7684) in font nullfont!
Missing character: There is no 参 ("53C2) in font nullfont!
Missing character: There is no 数 ("6570) in font nullfont!
Missing character: There is no 组 ("7EC4) in font nullfont!
Missing character: There is no 合 ("5408) in font nullfont!
! Undefined control sequence.
<recently read> \Xinput 
                        
l.154 ...item \textbf{执行仿真}：对每一个采样得到的参数组合 $\Xinput
                                                  ^{(i)}$，调用耗时的仿真器 $S$ 运行仿真，...
The control sequence at the end of the top line
of your error message was never \def'ed. If you have
misspelled it (e.g., `\hobx'), type `I' and the correct
spelling (e.g., `I\hbox'). Otherwise just continue,
and I'll forget about whatever was undefined.

Missing character: There is no ， ("FF0C) in font nullfont!
Missing character: There is no 调 ("8C03) in font nullfont!
Missing character: There is no 用 ("7528) in font nullfont!
Missing character: There is no 耗 ("8017) in font nullfont!
Missing character: There is no 时 ("65F6) in font nullfont!
Missing character: There is no 的 ("7684) in font nullfont!
Missing character: There is no 仿 ("4EFF) in font nullfont!
Missing character: There is no 真 ("771F) in font nullfont!
Missing character: There is no 器 ("5668) in font nullfont!
Missing character: There is no 运 ("8FD0) in font nullfont!
Missing character: There is no 行 ("884C) in font nullfont!
Missing character: There is no 仿 ("4EFF) in font nullfont!
Missing character: There is no 真 ("771F) in font nullfont!
Missing character: There is no ， ("FF0C) in font nullfont!
Missing character: There is no 得 ("5F97) in font nullfont!
Missing character: There is no 到 ("5230) in font nullfont!
Missing character: There is no 其 ("5176) in font nullfont!
Missing character: There is no 精 ("7CBE) in font nullfont!
Missing character: There is no 确 ("786E) in font nullfont!
Missing character: There is no 的 ("7684) in font nullfont!
Missing character: There is no 性 ("6027) in font nullfont!
Missing character: There is no 能 ("80FD) in font nullfont!
Missing character: There is no 指 ("6307) in font nullfont!
Missing character: There is no 标 ("6807) in font nullfont!
Missing character: There is no 向 ("5411) in font nullfont!
Missing character: There is no 量 ("91CF) in font nullfont!
! Undefined control sequence.
<recently read> \yvec 
                      
l.154 ...)}$，调用耗时的仿真器 $S$ 运行仿真，得到其精确的性能指标向量 $\yvec
                                                  ^{(i)} = S(\Xinput^{(i)})$。
The control sequence at the end of the top line
of your error message was never \def'ed. If you have
misspelled it (e.g., `\hobx'), type `I' and the correct
spelling (e.g., `I\hbox'). Otherwise just continue,
and I'll forget about whatever was undefined.

! Undefined control sequence.
l.154 ...行仿真，得到其精确的性能指标向量 $\yvec^{(i)} = S(\Xinput
                                                  ^{(i)})$。
The control sequence at the end of the top line
of your error message was never \def'ed. If you have
misspelled it (e.g., `\hobx'), type `I' and the correct
spelling (e.g., `I\hbox'). Otherwise just continue,
and I'll forget about whatever was undefined.

Missing character: There is no 。 ("3002) in font nullfont!

Overfull \hbox (11.2pt too wide) in paragraph at lines 154--155
\TU/lmr/bx/n/10 执行仿真
 []


Overfull \hbox (9.57932pt too wide) in paragraph at lines 154--155
[]$
 []


Overfull \hbox (6.70831pt too wide) in paragraph at lines 154--155
\OML/cmm/m/it/10 S$
 []


Overfull \hbox (20.13483pt too wide) in paragraph at lines 154--155
[] \OT1/cmr/m/n/10 =
 []


Overfull \hbox (24.06543pt too wide) in paragraph at lines 154--155
\OML/cmm/m/it/10 S\OT1/cmr/m/n/10 ([])$ 
 []

Missing character: There is no 构 (U+6784) in font [lmroman10-bold]:mapping=tex-
text;!
Missing character: There is no 建 (U+5EFA) in font [lmroman10-bold]:mapping=tex-
text;!
Missing character: There is no 数 (U+6570) in font [lmroman10-bold]:mapping=tex-
text;!
Missing character: There is no 据 (U+636E) in font [lmroman10-bold]:mapping=tex-
text;!
Missing character: There is no 集 (U+96C6) in font [lmroman10-bold]:mapping=tex-
text;!
Missing character: There is no ： ("FF1A) in font nullfont!
Missing character: There is no 将 ("5C06) in font nullfont!
Missing character: There is no 所 ("6240) in font nullfont!
Missing character: There is no 有 ("6709) in font nullfont!
Missing character: There is no 输 ("8F93) in font nullfont!
Missing character: There is no 入 ("5165) in font nullfont!
Missing character: There is no - ("2D) in font nullfont!
Missing character: There is no 输 ("8F93) in font nullfont!
Missing character: There is no 出 ("51FA) in font nullfont!
Missing character: There is no 对 ("5BF9) in font nullfont!
Missing character: There is no 进 ("8FDB) in font nullfont!
Missing character: There is no 行 ("884C) in font nullfont!
Missing character: There is no 组 ("7EC4) in font nullfont!
Missing character: There is no 合 ("5408) in font nullfont!
Missing character: There is no ， ("FF0C) in font nullfont!
Missing character: There is no 最 ("6700) in font nullfont!
Missing character: There is no 终 ("7EC8) in font nullfont!
Missing character: There is no 形 ("5F62) in font nullfont!
Missing character: There is no 成 ("6210) in font nullfont!
Missing character: There is no 训 ("8BAD) in font nullfont!
Missing character: There is no 练 ("7EC3) in font nullfont!
Missing character: There is no 数 ("6570) in font nullfont!
Missing character: There is no 据 ("636E) in font nullfont!
Missing character: There is no 集 ("96C6) in font nullfont!
! Undefined control sequence.
l.155 ...对进行组合，最终形成训练数据集 $\mathcal{D} = \{(\Xinput
                                                  ^{(i)}, \yvec^{(i)})\}_{i=...
The control sequence at the end of the top line
of your error message was never \def'ed. If you have
misspelled it (e.g., `\hobx'), type `I' and the correct
spelling (e.g., `I\hbox'). Otherwise just continue,
and I'll forget about whatever was undefined.

! Undefined control sequence.
l.155 ...据集 $\mathcal{D} = \{(\Xinput^{(i)}, \yvec
                                                  ^{(i)})\}_{i=1}^N$，其中 $N$ ...
The control sequence at the end of the top line
of your error message was never \def'ed. If you have
misspelled it (e.g., `\hobx'), type `I' and the correct
spelling (e.g., `I\hbox'). Otherwise just continue,
and I'll forget about whatever was undefined.

Missing character: There is no ， ("FF0C) in font nullfont!
Missing character: There is no 其 ("5176) in font nullfont!
Missing character: There is no 中 ("4E2D) in font nullfont!
Missing character: There is no 为 ("4E3A) in font nullfont!
Missing character: There is no 样 ("6837) in font nullfont!
Missing character: There is no 本 ("672C) in font nullfont!
Missing character: There is no 总 ("603B) in font nullfont!
Missing character: There is no 数 ("6570) in font nullfont!
Missing character: There is no 。 ("3002) in font nullfont!

Overfull \hbox (14.0pt too wide) in paragraph at lines 155--156
\TU/lmr/bx/n/10 构建数据集
 []


Overfull \hbox (18.54723pt too wide) in paragraph at lines 155--156
\OMS/cmsy/m/n/10 D \OT1/cmr/m/n/10 =
 []


Overfull \hbox (54.8352pt too wide) in paragraph at lines 155--156
\OMS/cmsy/m/n/10 f\OT1/cmr/m/n/10 ([]\OML/cmm/m/it/10 ;[] \OT1/cmr/m/n/10 )\OMS
/cmsy/m/n/10 g[]$
 []


Overfull \hbox (9.12497pt too wide) in paragraph at lines 155--156
\OML/cmm/m/it/10 N$ 
 []

! Undefined control sequence.
l.159 \subsection
                 {多任务神经网络模型与训练策略}
The control sequence at the end of the top line
of your error message was never \def'ed. If you have
misspelled it (e.g., `\hobx'), type `I' and the correct
spelling (e.g., `I\hbox'). Otherwise just continue,
and I'll forget about whatever was undefined.

Missing character: There is no 多 ("591A) in font nullfont!
Missing character: There is no 任 ("4EFB) in font nullfont!
Missing character: There is no 务 ("52A1) in font nullfont!
Missing character: There is no 神 ("795E) in font nullfont!
Missing character: There is no 经 ("7ECF) in font nullfont!
Missing character: There is no 网 ("7F51) in font nullfont!
Missing character: There is no 络 ("7EDC) in font nullfont!
Missing character: There is no 模 ("6A21) in font nullfont!
Missing character: There is no 型 ("578B) in font nullfont!
Missing character: There is no 与 ("4E0E) in font nullfont!
Missing character: There is no 训 ("8BAD) in font nullfont!
Missing character: There is no 练 ("7EC3) in font nullfont!
Missing character: There is no 策 ("7B56) in font nullfont!
Missing character: There is no 略 ("7565) in font nullfont!
Missing character: There is no 考 ("8003) in font nullfont!
Missing character: There is no 虑 ("8651) in font nullfont!
Missing character: There is no 到 ("5230) in font nullfont!
Missing character: There is no 输 ("8F93) in font nullfont!
Missing character: There is no 入 ("5165) in font nullfont!
Missing character: There is no 特 ("7279) in font nullfont!
Missing character: There is no 征 ("5F81) in font nullfont!
Missing character: There is no 的 ("7684) in font nullfont!
Missing character: There is no 复 ("590D) in font nullfont!
Missing character: There is no 杂 ("6742) in font nullfont!
Missing character: There is no 性 ("6027) in font nullfont!
Missing character: There is no 以 ("4EE5) in font nullfont!
Missing character: There is no 及 ("53CA) in font nullfont!
Missing character: There is no 输 ("8F93) in font nullfont!
Missing character: There is no 出 ("51FA) in font nullfont!
Missing character: There is no 指 ("6307) in font nullfont!
Missing character: There is no 标 ("6807) in font nullfont!
Missing character: There is no 的 ("7684) in font nullfont!
Missing character: There is no 多 ("591A) in font nullfont!
Missing character: There is no 维 ("7EF4) in font nullfont!
Missing character: There is no 性 ("6027) in font nullfont!
Missing character: There is no ， ("FF0C) in font nullfont!
Missing character: There is no 我 ("6211) in font nullfont!
Missing character: There is no 们 ("4EEC) in font nullfont!
Missing character: There is no 采 ("91C7) in font nullfont!
Missing character: There is no 用 ("7528) in font nullfont!
Missing character: There is no 多 ("591A) in font nullfont!
Missing character: There is no 任 ("4EFB) in font nullfont!
Missing character: There is no 务 ("52A1) in font nullfont!
Missing character: There is no 深 ("6DF1) in font nullfont!
Missing character: There is no 度 ("5EA6) in font nullfont!
Missing character: There is no 神 ("795E) in font nullfont!
Missing character: There is no 经 ("7ECF) in font nullfont!
Missing character: There is no 网 ("7F51) in font nullfont!
Missing character: There is no 络 ("7EDC) in font nullfont!
Missing character: There is no （ ("FF08) in font nullfont!
Missing character: There is no M ("4D) in font nullfont!
Missing character: There is no u ("75) in font nullfont!
Missing character: There is no l ("6C) in font nullfont!
Missing character: There is no t ("74) in font nullfont!
Missing character: There is no i ("69) in font nullfont!
Missing character: There is no - ("2D) in font nullfont!
Missing character: There is no T ("54) in font nullfont!
Missing character: There is no a ("61) in font nullfont!
Missing character: There is no s ("73) in font nullfont!
Missing character: There is no k ("6B) in font nullfont!
Missing character: There is no D ("44) in font nullfont!
Missing character: There is no N ("4E) in font nullfont!
Missing character: There is no N ("4E) in font nullfont!
Missing character: There is no ） ("FF09) in font nullfont!
Missing character: There is no 作 ("4F5C) in font nullfont!
Missing character: There is no 为 ("4E3A) in font nullfont!
Missing character: There is no 代 ("4EE3) in font nullfont!
Missing character: There is no 理 ("7406) in font nullfont!
Missing character: There is no 模 ("6A21) in font nullfont!
Missing character: There is no 型 ("578B) in font nullfont!
Missing character: There is no 的 ("7684) in font nullfont!
Missing character: There is no 基 ("57FA) in font nullfont!
Missing character: There is no 本 ("672C) in font nullfont!
Missing character: There is no 架 ("67B6) in font nullfont!
Missing character: There is no 构 ("6784) in font nullfont!
Missing character: There is no 。 ("3002) in font nullfont!
Missing character: There is no 其 ("5176) in font nullfont!
Missing character: There is no 结 ("7ED3) in font nullfont!
Missing character: There is no 构 ("6784) in font nullfont!
Missing character: There is no 设 ("8BBE) in font nullfont!
Missing character: There is no 计 ("8BA1) in font nullfont!
Missing character: There is no 如 ("5982) in font nullfont!
Missing character: There is no 下 ("4E0B) in font nullfont!
Missing character: There is no ： ("FF1A) in font nullfont!

Overfull \hbox (20.0pt too wide) in paragraph at lines 159--161
[]
 []

Missing character: There is no [ ("5B) in font nullfont!
Missing character: There is no l ("6C) in font nullfont!
Missing character: There is no e ("65) in font nullfont!
Missing character: There is no f ("66) in font nullfont!
Missing character: There is no t ("74) in font nullfont!
Missing character: There is no m ("6D) in font nullfont!
Missing character: There is no a ("61) in font nullfont!
Missing character: There is no r ("72) in font nullfont!
Missing character: There is no g ("67) in font nullfont!
Missing character: There is no i ("69) in font nullfont!
Missing character: There is no n ("6E) in font nullfont!
Missing character: There is no = ("3D) in font nullfont!
Missing character: There is no * ("2A) in font nullfont!
Missing character: There is no ] ("5D) in font nullfont!

! LaTeX Error: Something's wrong--perhaps a missing \item.

See the LaTeX manual or LaTeX Companion for explanation.
Type  H <return>  for immediate help.
 ...                                              
                                                  
l.162 ^^I\item \textbf
                      {输入层}：接收统一的、拼接后的特征向量 $\Xinput$。
Try typing  <return>  to proceed.
If that doesn't work, type  X <return>  to quit.


! LaTeX Error: Something's wrong--perhaps a missing \item.

See the LaTeX manual or LaTeX Companion for explanation.
Type  H <return>  for immediate help.
 ...                                              
                                                  
l.162 ^^I\item \textbf
                      {输入层}：接收统一的、拼接后的特征向量 $\Xinput$。
Try typing  <return>  to proceed.
If that doesn't work, type  X <return>  to quit.


! LaTeX Error: Something's wrong--perhaps a missing \item.

See the LaTeX manual or LaTeX Companion for explanation.
Type  H <return>  for immediate help.
 ...                                              
                                                  
l.162 ^^I\item \textbf
                      {输入层}：接收统一的、拼接后的特征向量 $\Xinput$。
Try typing  <return>  to proceed.
If that doesn't work, type  X <return>  to quit.

Missing character: There is no 输 (U+8F93) in font [lmroman10-bold]:mapping=tex-
text;!
Missing character: There is no 入 (U+5165) in font [lmroman10-bold]:mapping=tex-
text;!
Missing character: There is no 层 (U+5C42) in font [lmroman10-bold]:mapping=tex-
text;!
Missing character: There is no ： ("FF1A) in font nullfont!
Missing character: There is no 接 ("63A5) in font nullfont!
Missing character: There is no 收 ("6536) in font nullfont!
Missing character: There is no 统 ("7EDF) in font nullfont!
Missing character: There is no 一 ("4E00) in font nullfont!
Missing character: There is no 的 ("7684) in font nullfont!
Missing character: There is no 、 ("3001) in font nullfont!
Missing character: There is no 拼 ("62FC) in font nullfont!
Missing character: There is no 接 ("63A5) in font nullfont!
Missing character: There is no 后 ("540E) in font nullfont!
Missing character: There is no 的 ("7684) in font nullfont!
Missing character: There is no 特 ("7279) in font nullfont!
Missing character: There is no 征 ("5F81) in font nullfont!
Missing character: There is no 向 ("5411) in font nullfont!
Missing character: There is no 量 ("91CF) in font nullfont!
! Undefined control sequence.
<recently read> \Xinput 
                        
l.162 ...item \textbf{输入层}：接收统一的、拼接后的特征向量 $\Xinput
                                                  $。
The control sequence at the end of the top line
of your error message was never \def'ed. If you have
misspelled it (e.g., `\hobx'), type `I' and the correct
spelling (e.g., `I\hbox'). Otherwise just continue,
and I'll forget about whatever was undefined.

Missing character: There is no 。 ("3002) in font nullfont!

! LaTeX Error: Something's wrong--perhaps a missing \item.

See the LaTeX manual or LaTeX Companion for explanation.
Type  H <return>  for immediate help.
 ...                                              
                                                  
l.163 ^^I\item \textbf
                      {共享隐藏层}：由多层全连接层（Fully Connected Layers）构成，用于从原始输入中学习并提...

Try typing  <return>  to proceed.
If that doesn't work, type  X <return>  to quit.


! LaTeX Error: Something's wrong--perhaps a missing \item.

See the LaTeX manual or LaTeX Companion for explanation.
Type  H <return>  for immediate help.
 ...                                              
                                                  
l.163 ^^I\item \textbf
                      {共享隐藏层}：由多层全连接层（Fully Connected Layers）构成，用于从原始输入中学习并提...

Try typing  <return>  to proceed.
If that doesn't work, type  X <return>  to quit.


! LaTeX Error: Something's wrong--perhaps a missing \item.

See the LaTeX manual or LaTeX Companion for explanation.
Type  H <return>  for immediate help.
 ...                                              
                                                  
l.163 ^^I\item \textbf
                      {共享隐藏层}：由多层全连接层（Fully Connected Layers）构成，用于从原始输入中学习并提...

Try typing  <return>  to proceed.
If that doesn't work, type  X <return>  to quit.

Missing character: There is no 共 (U+5171) in font [lmroman10-bold]:mapping=tex-
text;!
Missing character: There is no 享 (U+4EAB) in font [lmroman10-bold]:mapping=tex-
text;!
Missing character: There is no 隐 (U+9690) in font [lmroman10-bold]:mapping=tex-
text;!
Missing character: There is no 藏 (U+85CF) in font [lmroman10-bold]:mapping=tex-
text;!
Missing character: There is no 层 (U+5C42) in font [lmroman10-bold]:mapping=tex-
text;!
Missing character: There is no ： ("FF1A) in font nullfont!
Missing character: There is no 由 ("7531) in font nullfont!
Missing character: There is no 多 ("591A) in font nullfont!
Missing character: There is no 层 ("5C42) in font nullfont!
Missing character: There is no 全 ("5168) in font nullfont!
Missing character: There is no 连 ("8FDE) in font nullfont!
Missing character: There is no 接 ("63A5) in font nullfont!
Missing character: There is no 层 ("5C42) in font nullfont!
Missing character: There is no （ ("FF08) in font nullfont!
Missing character: There is no F ("46) in font nullfont!
Missing character: There is no u ("75) in font nullfont!
Missing character: There is no l ("6C) in font nullfont!
Missing character: There is no l ("6C) in font nullfont!
Missing character: There is no y ("79) in font nullfont!
Missing character: There is no C ("43) in font nullfont!
Missing character: There is no o ("6F) in font nullfont!
Missing character: There is no n ("6E) in font nullfont!
Missing character: There is no n ("6E) in font nullfont!
Missing character: There is no e ("65) in font nullfont!
Missing character: There is no c ("63) in font nullfont!
Missing character: There is no t ("74) in font nullfont!
Missing character: There is no e ("65) in font nullfont!
Missing character: There is no d ("64) in font nullfont!
Missing character: There is no L ("4C) in font nullfont!
Missing character: There is no a ("61) in font nullfont!
Missing character: There is no y ("79) in font nullfont!
Missing character: There is no e ("65) in font nullfont!
Missing character: There is no r ("72) in font nullfont!
Missing character: There is no s ("73) in font nullfont!
Missing character: There is no ） ("FF09) in font nullfont!
Missing character: There is no 构 ("6784) in font nullfont!
Missing character: There is no 成 ("6210) in font nullfont!
Missing character: There is no ， ("FF0C) in font nullfont!
Missing character: There is no 用 ("7528) in font nullfont!
Missing character: There is no 于 ("4E8E) in font nullfont!
Missing character: There is no 从 ("4ECE) in font nullfont!
Missing character: There is no 原 ("539F) in font nullfont!
Missing character: There is no 始 ("59CB) in font nullfont!
Missing character: There is no 输 ("8F93) in font nullfont!
Missing character: There is no 入 ("5165) in font nullfont!
Missing character: There is no 中 ("4E2D) in font nullfont!
Missing character: There is no 学 ("5B66) in font nullfont!
Missing character: There is no 习 ("4E60) in font nullfont!
Missing character: There is no 并 ("5E76) in font nullfont!
Missing character: There is no 提 ("63D0) in font nullfont!
Missing character: There is no 取 ("53D6) in font nullfont!
Missing character: There is no 高 ("9AD8) in font nullfont!
Missing character: There is no 阶 ("9636) in font nullfont!
Missing character: There is no 的 ("7684) in font nullfont!
Missing character: There is no 、 ("3001) in font nullfont!
Missing character: There is no 共 ("5171) in font nullfont!
Missing character: There is no 享 ("4EAB) in font nullfont!
Missing character: There is no 的 ("7684) in font nullfont!
Missing character: There is no 特 ("7279) in font nullfont!
Missing character: There is no 征 ("5F81) in font nullfont!
Missing character: There is no 表 ("8868) in font nullfont!
Missing character: There is no 示 ("793A) in font nullfont!
Missing character: There is no 。 ("3002) in font nullfont!

! LaTeX Error: Something's wrong--perhaps a missing \item.

See the LaTeX manual or LaTeX Companion for explanation.
Type  H <return>  for immediate help.
 ...                                              
                                                  
l.164 ^^I\item \textbf
                      {任务特定输出层}：在共享层的顶端，为每一个性能指标（$T, D, F$）分别设置一个或多个独立的全连接层，...

Try typing  <return>  to proceed.
If that doesn't work, type  X <return>  to quit.


! LaTeX Error: Something's wrong--perhaps a missing \item.

See the LaTeX manual or LaTeX Companion for explanation.
Type  H <return>  for immediate help.
 ...                                              
                                                  
l.164 ^^I\item \textbf
                      {任务特定输出层}：在共享层的顶端，为每一个性能指标（$T, D, F$）分别设置一个或多个独立的全连接层，...

Try typing  <return>  to proceed.
If that doesn't work, type  X <return>  to quit.


! LaTeX Error: Something's wrong--perhaps a missing \item.

See the LaTeX manual or LaTeX Companion for explanation.
Type  H <return>  for immediate help.
 ...                                              
                                                  
l.164 ^^I\item \textbf
                      {任务特定输出层}：在共享层的顶端，为每一个性能指标（$T, D, F$）分别设置一个或多个独立的全连接层，...

Try typing  <return>  to proceed.
If that doesn't work, type  X <return>  to quit.

Missing character: There is no 任 (U+4EFB) in font [lmroman10-bold]:mapping=tex-
text;!
Missing character: There is no 务 (U+52A1) in font [lmroman10-bold]:mapping=tex-
text;!
Missing character: There is no 特 (U+7279) in font [lmroman10-bold]:mapping=tex-
text;!
Missing character: There is no 定 (U+5B9A) in font [lmroman10-bold]:mapping=tex-
text;!
Missing character: There is no 输 (U+8F93) in font [lmroman10-bold]:mapping=tex-
text;!
Missing character: There is no 出 (U+51FA) in font [lmroman10-bold]:mapping=tex-
text;!
Missing character: There is no 层 (U+5C42) in font [lmroman10-bold]:mapping=tex-
text;!
Missing character: There is no ： ("FF1A) in font nullfont!
Missing character: There is no 在 ("5728) in font nullfont!
Missing character: There is no 共 ("5171) in font nullfont!
Missing character: There is no 享 ("4EAB) in font nullfont!
Missing character: There is no 层 ("5C42) in font nullfont!
Missing character: There is no 的 ("7684) in font nullfont!
Missing character: There is no 顶 ("9876) in font nullfont!
Missing character: There is no 端 ("7AEF) in font nullfont!
Missing character: There is no ， ("FF0C) in font nullfont!
Missing character: There is no 为 ("4E3A) in font nullfont!
Missing character: There is no 每 ("6BCF) in font nullfont!
Missing character: There is no 一 ("4E00) in font nullfont!
Missing character: There is no 个 ("4E2A) in font nullfont!
Missing character: There is no 性 ("6027) in font nullfont!
Missing character: There is no 能 ("80FD) in font nullfont!
Missing character: There is no 指 ("6307) in font nullfont!
Missing character: There is no 标 ("6807) in font nullfont!
Missing character: There is no （ ("FF08) in font nullfont!
Missing character: There is no ） ("FF09) in font nullfont!
Missing character: There is no 分 ("5206) in font nullfont!
Missing character: There is no 别 ("522B) in font nullfont!
Missing character: There is no 设 ("8BBE) in font nullfont!
Missing character: There is no 置 ("7F6E) in font nullfont!
Missing character: There is no 一 ("4E00) in font nullfont!
Missing character: There is no 个 ("4E2A) in font nullfont!
Missing character: There is no 或 ("6216) in font nullfont!
Missing character: There is no 多 ("591A) in font nullfont!
Missing character: There is no 个 ("4E2A) in font nullfont!
Missing character: There is no 独 ("72EC) in font nullfont!
Missing character: There is no 立 ("7ACB) in font nullfont!
Missing character: There is no 的 ("7684) in font nullfont!
Missing character: There is no 全 ("5168) in font nullfont!
Missing character: There is no 连 ("8FDE) in font nullfont!
Missing character: There is no 接 ("63A5) in font nullfont!
Missing character: There is no 层 ("5C42) in font nullfont!
Missing character: There is no ， ("FF0C) in font nullfont!
Missing character: There is no 用 ("7528) in font nullfont!
Missing character: There is no 于 ("4E8E) in font nullfont!
Missing character: There is no 从 ("4ECE) in font nullfont!
Missing character: There is no 共 ("5171) in font nullfont!
Missing character: There is no 享 ("4EAB) in font nullfont!
Missing character: There is no 特 ("7279) in font nullfont!
Missing character: There is no 征 ("5F81) in font nullfont!
Missing character: There is no 中 ("4E2D) in font nullfont!
Missing character: There is no 解 ("89E3) in font nullfont!
Missing character: There is no 码 ("7801) in font nullfont!
Missing character: There is no 出 ("51FA) in font nullfont!
Missing character: There is no 各 ("5404) in font nullfont!
Missing character: There is no 自 ("81EA) in font nullfont!
Missing character: There is no 的 ("7684) in font nullfont!
Missing character: There is no 预 ("9884) in font nullfont!
Missing character: There is no 测 ("6D4B) in font nullfont!
Missing character: There is no 值 ("503C) in font nullfont!
Missing character: There is no 。 ("3002) in font nullfont!

! LaTeX Error: Something's wrong--perhaps a missing \item.

See the LaTeX manual or LaTeX Companion for explanation.
Type  H <return>  for immediate help.
 ...                                              
                                                  
l.165 \end{itemize}
                   
Try typing  <return>  to proceed.
If that doesn't work, type  X <return>  to quit.


Overfull \hbox (8.4pt too wide) in paragraph at lines 161--165
[]\TU/lmr/bx/n/10 输入层
 []


Overfull \hbox (14.0pt too wide) in paragraph at lines 161--165
[]\TU/lmr/bx/n/10 共享隐藏层
 []


Overfull \hbox (51.54233pt too wide) in paragraph at lines 161--165
[]\TU/lmr/bx/n/10 任务特定输出层$\OML/cmm/m/it/10 T; D; F$ 
 []

Missing character: There is no 这 ("8FD9) in font nullfont!
Missing character: There is no 种 ("79CD) in font nullfont!
Missing character: There is no 架 ("67B6) in font nullfont!
Missing character: There is no 构 ("6784) in font nullfont!
Missing character: There is no 能 ("80FD) in font nullfont!
Missing character: There is no 够 ("591F) in font nullfont!
Missing character: There is no 利 ("5229) in font nullfont!
Missing character: There is no 用 ("7528) in font nullfont!
Missing character: There is no 不 ("4E0D) in font nullfont!
Missing character: There is no 同 ("540C) in font nullfont!
Missing character: There is no 预 ("9884) in font nullfont!
Missing character: There is no 测 ("6D4B) in font nullfont!
Missing character: There is no 任 ("4EFB) in font nullfont!
Missing character: There is no 务 ("52A1) in font nullfont!
Missing character: There is no 之 ("4E4B) in font nullfont!
Missing character: There is no 间 ("95F4) in font nullfont!
Missing character: There is no 的 ("7684) in font nullfont!
Missing character: There is no 内 ("5185) in font nullfont!
Missing character: There is no 在 ("5728) in font nullfont!
Missing character: There is no 关 ("5173) in font nullfont!
Missing character: There is no 联 ("8054) in font nullfont!
Missing character: There is no 性 ("6027) in font nullfont!
Missing character: There is no ， ("FF0C) in font nullfont!
Missing character: There is no 提 ("63D0) in font nullfont!
Missing character: There is no 升 ("5347) in font nullfont!
Missing character: There is no 模 ("6A21) in font nullfont!
Missing character: There is no 型 ("578B) in font nullfont!
Missing character: There is no 的 ("7684) in font nullfont!
Missing character: There is no 学 ("5B66) in font nullfont!
Missing character: There is no 习 ("4E60) in font nullfont!
Missing character: There is no 效 ("6548) in font nullfont!
Missing character: There is no 率 ("7387) in font nullfont!
Missing character: There is no 和 ("548C) in font nullfont!
Missing character: There is no 泛 ("6CDB) in font nullfont!
Missing character: There is no 化 ("5316) in font nullfont!
Missing character: There is no 能 ("80FD) in font nullfont!
Missing character: There is no 力 ("529B) in font nullfont!
Missing character: There is no 。 ("3002) in font nullfont!
Missing character: There is no 模 ("6A21) in font nullfont!
Missing character: There is no 型 ("578B) in font nullfont!
Missing character: There is no 的 ("7684) in font nullfont!
Missing character: There is no 训 ("8BAD) in font nullfont!
Missing character: There is no 练 ("7EC3) in font nullfont!
Missing character: There is no 策 ("7B56) in font nullfont!
Missing character: There is no 略 ("7565) in font nullfont!
Missing character: There is no 包 ("5305) in font nullfont!
Missing character: There is no 括 ("62EC) in font nullfont!
Missing character: There is no ： ("FF1A) in font nullfont!

Overfull \hbox (20.0pt too wide) in paragraph at lines 168--169
[] 
 []

Missing character: There is no [ ("5B) in font nullfont!
Missing character: There is no l ("6C) in font nullfont!
Missing character: There is no e ("65) in font nullfont!
Missing character: There is no f ("66) in font nullfont!
Missing character: There is no t ("74) in font nullfont!
Missing character: There is no m ("6D) in font nullfont!
Missing character: There is no a ("61) in font nullfont!
Missing character: There is no r ("72) in font nullfont!
Missing character: There is no g ("67) in font nullfont!
Missing character: There is no i ("69) in font nullfont!
Missing character: There is no n ("6E) in font nullfont!
Missing character: There is no = ("3D) in font nullfont!
Missing character: There is no * ("2A) in font nullfont!
Missing character: There is no ] ("5D) in font nullfont!

! LaTeX Error: Something's wrong--perhaps a missing \item.

See the LaTeX manual or LaTeX Companion for explanation.
Type  H <return>  for immediate help.
 ...                                              
                                                  
l.170 ^^I\item \textbf
                      {数据预处理}：对输入数据进行归一化处理，并利用有效性掩码 $\xvec^{(\text{mask})}$ ...

Try typing  <return>  to proceed.
If that doesn't work, type  X <return>  to quit.


! LaTeX Error: Something's wrong--perhaps a missing \item.

See the LaTeX manual or LaTeX Companion for explanation.
Type  H <return>  for immediate help.
 ...                                              
                                                  
l.170 ^^I\item \textbf
                      {数据预处理}：对输入数据进行归一化处理，并利用有效性掩码 $\xvec^{(\text{mask})}$ ...

Try typing  <return>  to proceed.
If that doesn't work, type  X <return>  to quit.


! LaTeX Error: Something's wrong--perhaps a missing \item.

See the LaTeX manual or LaTeX Companion for explanation.
Type  H <return>  for immediate help.
 ...                                              
                                                  
l.170 ^^I\item \textbf
                      {数据预处理}：对输入数据进行归一化处理，并利用有效性掩码 $\xvec^{(\text{mask})}$ ...

Try typing  <return>  to proceed.
If that doesn't work, type  X <return>  to quit.

Missing character: There is no 数 (U+6570) in font [lmroman10-bold]:mapping=tex-
text;!
Missing character: There is no 据 (U+636E) in font [lmroman10-bold]:mapping=tex-
text;!
Missing character: There is no 预 (U+9884) in font [lmroman10-bold]:mapping=tex-
text;!
Missing character: There is no 处 (U+5904) in font [lmroman10-bold]:mapping=tex-
text;!
Missing character: There is no 理 (U+7406) in font [lmroman10-bold]:mapping=tex-
text;!
Missing character: There is no ： ("FF1A) in font nullfont!
Missing character: There is no 对 ("5BF9) in font nullfont!
Missing character: There is no 输 ("8F93) in font nullfont!
Missing character: There is no 入 ("5165) in font nullfont!
Missing character: There is no 数 ("6570) in font nullfont!
Missing character: There is no 据 ("636E) in font nullfont!
Missing character: There is no 进 ("8FDB) in font nullfont!
Missing character: There is no 行 ("884C) in font nullfont!
Missing character: There is no 归 ("5F52) in font nullfont!
Missing character: There is no 一 ("4E00) in font nullfont!
Missing character: There is no 化 ("5316) in font nullfont!
Missing character: There is no 处 ("5904) in font nullfont!
Missing character: There is no 理 ("7406) in font nullfont!
Missing character: There is no ， ("FF0C) in font nullfont!
Missing character: There is no 并 ("5E76) in font nullfont!
Missing character: There is no 利 ("5229) in font nullfont!
Missing character: There is no 用 ("7528) in font nullfont!
Missing character: There is no 有 ("6709) in font nullfont!
Missing character: There is no 效 ("6548) in font nullfont!
Missing character: There is no 性 ("6027) in font nullfont!
Missing character: There is no 掩 ("63A9) in font nullfont!
Missing character: There is no 码 ("7801) in font nullfont!
! Undefined control sequence.
<recently read> \xvec 
                      
l.170 ...extbf{数据预处理}：对输入数据进行归一化处理，并利用有效性掩码 $\xvec
                                                  ^{(\text{mask})}$ 对输入层或损失计...
The control sequence at the end of the top line
of your error message was never \def'ed. If you have
misspelled it (e.g., `\hobx'), type `I' and the correct
spelling (e.g., `I\hbox'). Otherwise just continue,
and I'll forget about whatever was undefined.

! Undefined control sequence.
l.170 ...预处理}：对输入数据进行归一化处理，并利用有效性掩码 $\xvec^{(\text
                                                  {mask})}$ 对输入层或损失计算进行相应处理，...
The control sequence at the end of the top line
of your error message was never \def'ed. If you have
misspelled it (e.g., `\hobx'), type `I' and the correct
spelling (e.g., `I\hbox'). Otherwise just continue,
and I'll forget about whatever was undefined.

Missing character: There is no 对 ("5BF9) in font nullfont!
Missing character: There is no 输 ("8F93) in font nullfont!
Missing character: There is no 入 ("5165) in font nullfont!
Missing character: There is no 层 ("5C42) in font nullfont!
Missing character: There is no 或 ("6216) in font nullfont!
Missing character: There is no 损 ("635F) in font nullfont!
Missing character: There is no 失 ("5931) in font nullfont!
Missing character: There is no 计 ("8BA1) in font nullfont!
Missing character: There is no 算 ("7B97) in font nullfont!
Missing character: There is no 进 ("8FDB) in font nullfont!
Missing character: There is no 行 ("884C) in font nullfont!
Missing character: There is no 相 ("76F8) in font nullfont!
Missing character: There is no 应 ("5E94) in font nullfont!
Missing character: There is no 处 ("5904) in font nullfont!
Missing character: There is no 理 ("7406) in font nullfont!
Missing character: There is no ， ("FF0C) in font nullfont!
Missing character: There is no 以 ("4EE5) in font nullfont!
Missing character: There is no 屏 ("5C4F) in font nullfont!
Missing character: There is no 蔽 ("853D) in font nullfont!
Missing character: There is no 无 ("65E0) in font nullfont!
Missing character: There is no 效 ("6548) in font nullfont!
Missing character: There is no 参 ("53C2) in font nullfont!
Missing character: There is no 数 ("6570) in font nullfont!
Missing character: There is no 的 ("7684) in font nullfont!
Missing character: There is no 干 ("5E72) in font nullfont!
Missing character: There is no 扰 ("6270) in font nullfont!
Missing character: There is no 。 ("3002) in font nullfont!

! LaTeX Error: Something's wrong--perhaps a missing \item.

See the LaTeX manual or LaTeX Companion for explanation.
Type  H <return>  for immediate help.
 ...                                              
                                                  
l.171 ^^I\item \textbf
                      {损失函数}：由于性能指标是连续值，我们采用均方误差（Mean Squared Error, MSE）作为回...

Try typing  <return>  to proceed.
If that doesn't work, type  X <return>  to quit.


! LaTeX Error: Something's wrong--perhaps a missing \item.

See the LaTeX manual or LaTeX Companion for explanation.
Type  H <return>  for immediate help.
 ...                                              
                                                  
l.171 ^^I\item \textbf
                      {损失函数}：由于性能指标是连续值，我们采用均方误差（Mean Squared Error, MSE）作为回...

Try typing  <return>  to proceed.
If that doesn't work, type  X <return>  to quit.


! LaTeX Error: Something's wrong--perhaps a missing \item.

See the LaTeX manual or LaTeX Companion for explanation.
Type  H <return>  for immediate help.
 ...                                              
                                                  
l.171 ^^I\item \textbf
                      {损失函数}：由于性能指标是连续值，我们采用均方误差（Mean Squared Error, MSE）作为回...

Try typing  <return>  to proceed.
If that doesn't work, type  X <return>  to quit.

Missing character: There is no 损 (U+635F) in font [lmroman10-bold]:mapping=tex-
text;!
Missing character: There is no 失 (U+5931) in font [lmroman10-bold]:mapping=tex-
text;!
Missing character: There is no 函 (U+51FD) in font [lmroman10-bold]:mapping=tex-
text;!
Missing character: There is no 数 (U+6570) in font [lmroman10-bold]:mapping=tex-
text;!
Missing character: There is no ： ("FF1A) in font nullfont!
Missing character: There is no 由 ("7531) in font nullfont!
Missing character: There is no 于 ("4E8E) in font nullfont!
Missing character: There is no 性 ("6027) in font nullfont!
Missing character: There is no 能 ("80FD) in font nullfont!
Missing character: There is no 指 ("6307) in font nullfont!
Missing character: There is no 标 ("6807) in font nullfont!
Missing character: There is no 是 ("662F) in font nullfont!
Missing character: There is no 连 ("8FDE) in font nullfont!
Missing character: There is no 续 ("7EED) in font nullfont!
Missing character: There is no 值 ("503C) in font nullfont!
Missing character: There is no ， ("FF0C) in font nullfont!
Missing character: There is no 我 ("6211) in font nullfont!
Missing character: There is no 们 ("4EEC) in font nullfont!
Missing character: There is no 采 ("91C7) in font nullfont!
Missing character: There is no 用 ("7528) in font nullfont!
Missing character: There is no 均 ("5747) in font nullfont!
Missing character: There is no 方 ("65B9) in font nullfont!
Missing character: There is no 误 ("8BEF) in font nullfont!
Missing character: There is no 差 ("5DEE) in font nullfont!
Missing character: There is no （ ("FF08) in font nullfont!
Missing character: There is no M ("4D) in font nullfont!
Missing character: There is no e ("65) in font nullfont!
Missing character: There is no a ("61) in font nullfont!
Missing character: There is no n ("6E) in font nullfont!
Missing character: There is no S ("53) in font nullfont!
Missing character: There is no q ("71) in font nullfont!
Missing character: There is no u ("75) in font nullfont!
Missing character: There is no a ("61) in font nullfont!
Missing character: There is no r ("72) in font nullfont!
Missing character: There is no e ("65) in font nullfont!
Missing character: There is no d ("64) in font nullfont!
Missing character: There is no E ("45) in font nullfont!
Missing character: There is no r ("72) in font nullfont!
Missing character: There is no r ("72) in font nullfont!
Missing character: There is no o ("6F) in font nullfont!
Missing character: There is no r ("72) in font nullfont!
Missing character: There is no , ("2C) in font nullfont!
Missing character: There is no M ("4D) in font nullfont!
Missing character: There is no S ("53) in font nullfont!
Missing character: There is no E ("45) in font nullfont!
Missing character: There is no ） ("FF09) in font nullfont!
Missing character: There is no 作 ("4F5C) in font nullfont!
Missing character: There is no 为 ("4E3A) in font nullfont!
Missing character: There is no 回 ("56DE) in font nullfont!
Missing character: There is no 归 ("5F52) in font nullfont!
Missing character: There is no 任 ("4EFB) in font nullfont!
Missing character: There is no 务 ("52A1) in font nullfont!
Missing character: There is no 的 ("7684) in font nullfont!
Missing character: There is no 损 ("635F) in font nullfont!
Missing character: There is no 失 ("5931) in font nullfont!
Missing character: There is no 函 ("51FD) in font nullfont!
Missing character: There is no 数 ("6570) in font nullfont!
! Undefined control sequence.
l.171 ...rror, MSE）作为回归任务的损失函数 $\mathcal{L}_{\text
                                                  {MSE}}$。对于多任务模型，总损失为各任务损失的...
The control sequence at the end of the top line
of your error message was never \def'ed. If you have
misspelled it (e.g., `\hobx'), type `I' and the correct
spelling (e.g., `I\hbox'). Otherwise just continue,
and I'll forget about whatever was undefined.

Missing character: There is no 。 ("3002) in font nullfont!
Missing character: There is no 对 ("5BF9) in font nullfont!
Missing character: There is no 于 ("4E8E) in font nullfont!
Missing character: There is no 多 ("591A) in font nullfont!
Missing character: There is no 任 ("4EFB) in font nullfont!
Missing character: There is no 务 ("52A1) in font nullfont!
Missing character: There is no 模 ("6A21) in font nullfont!
Missing character: There is no 型 ("578B) in font nullfont!
Missing character: There is no ， ("FF0C) in font nullfont!
Missing character: There is no 总 ("603B) in font nullfont!
Missing character: There is no 损 ("635F) in font nullfont!
Missing character: There is no 失 ("5931) in font nullfont!
Missing character: There is no 为 ("4E3A) in font nullfont!
Missing character: There is no 各 ("5404) in font nullfont!
Missing character: There is no 任 ("4EFB) in font nullfont!
Missing character: There is no 务 ("52A1) in font nullfont!
Missing character: There is no 损 ("635F) in font nullfont!
Missing character: There is no 失 ("5931) in font nullfont!
Missing character: There is no 的 ("7684) in font nullfont!
Missing character: There is no 加 ("52A0) in font nullfont!
Missing character: There is no 权 ("6743) in font nullfont!
Missing character: There is no 和 ("548C) in font nullfont!
Missing character: There is no 。 ("3002) in font nullfont!

! LaTeX Error: Something's wrong--perhaps a missing \item.

See the LaTeX manual or LaTeX Companion for explanation.
Type  H <return>  for immediate help.
 ...                                              
                                                  
l.172 ^^I\item \textbf
                      {优化器}：采用Adam优化器，并结合学习率衰减与早停（Early Stopping）策略，以防止模型过拟合...

Try typing  <return>  to proceed.
If that doesn't work, type  X <return>  to quit.


! LaTeX Error: Something's wrong--perhaps a missing \item.

See the LaTeX manual or LaTeX Companion for explanation.
Type  H <return>  for immediate help.
 ...                                              
                                                  
l.172 ^^I\item \textbf
                      {优化器}：采用Adam优化器，并结合学习率衰减与早停（Early Stopping）策略，以防止模型过拟合...

Try typing  <return>  to proceed.
If that doesn't work, type  X <return>  to quit.


! LaTeX Error: Something's wrong--perhaps a missing \item.

See the LaTeX manual or LaTeX Companion for explanation.
Type  H <return>  for immediate help.
 ...                                              
                                                  
l.172 ^^I\item \textbf
                      {优化器}：采用Adam优化器，并结合学习率衰减与早停（Early Stopping）策略，以防止模型过拟合...

Try typing  <return>  to proceed.
If that doesn't work, type  X <return>  to quit.

Missing character: There is no 优 (U+4F18) in font [lmroman10-bold]:mapping=tex-
text;!
Missing character: There is no 化 (U+5316) in font [lmroman10-bold]:mapping=tex-
text;!
Missing character: There is no 器 (U+5668) in font [lmroman10-bold]:mapping=tex-
text;!
Missing character: There is no ： ("FF1A) in font nullfont!
Missing character: There is no 采 ("91C7) in font nullfont!
Missing character: There is no 用 ("7528) in font nullfont!
Missing character: There is no A ("41) in font nullfont!
Missing character: There is no d ("64) in font nullfont!
Missing character: There is no a ("61) in font nullfont!
Missing character: There is no m ("6D) in font nullfont!
Missing character: There is no 优 ("4F18) in font nullfont!
Missing character: There is no 化 ("5316) in font nullfont!
Missing character: There is no 器 ("5668) in font nullfont!
Missing character: There is no ， ("FF0C) in font nullfont!
Missing character: There is no 并 ("5E76) in font nullfont!
Missing character: There is no 结 ("7ED3) in font nullfont!
Missing character: There is no 合 ("5408) in font nullfont!
Missing character: There is no 学 ("5B66) in font nullfont!
Missing character: There is no 习 ("4E60) in font nullfont!
Missing character: There is no 率 ("7387) in font nullfont!
Missing character: There is no 衰 ("8870) in font nullfont!
Missing character: There is no 减 ("51CF) in font nullfont!
Missing character: There is no 与 ("4E0E) in font nullfont!
Missing character: There is no 早 ("65E9) in font nullfont!
Missing character: There is no 停 ("505C) in font nullfont!
Missing character: There is no （ ("FF08) in font nullfont!
Missing character: There is no E ("45) in font nullfont!
Missing character: There is no a ("61) in font nullfont!
Missing character: There is no r ("72) in font nullfont!
Missing character: There is no l ("6C) in font nullfont!
Missing character: There is no y ("79) in font nullfont!
Missing character: There is no S ("53) in font nullfont!
Missing character: There is no t ("74) in font nullfont!
Missing character: There is no o ("6F) in font nullfont!
Missing character: There is no p ("70) in font nullfont!
Missing character: There is no p ("70) in font nullfont!
Missing character: There is no i ("69) in font nullfont!
Missing character: There is no n ("6E) in font nullfont!
Missing character: There is no g ("67) in font nullfont!
Missing character: There is no ） ("FF09) in font nullfont!
Missing character: There is no 策 ("7B56) in font nullfont!
Missing character: There is no 略 ("7565) in font nullfont!
Missing character: There is no ， ("FF0C) in font nullfont!
Missing character: There is no 以 ("4EE5) in font nullfont!
Missing character: There is no 防 ("9632) in font nullfont!
Missing character: There is no 止 ("6B62) in font nullfont!
Missing character: There is no 模 ("6A21) in font nullfont!
Missing character: There is no 型 ("578B) in font nullfont!
Missing character: There is no 过 ("8FC7) in font nullfont!
Missing character: There is no 拟 ("62DF) in font nullfont!
Missing character: There is no 合 ("5408) in font nullfont!
Missing character: There is no ， ("FF0C) in font nullfont!
Missing character: There is no 并 ("5E76) in font nullfont!
Missing character: There is no 确 ("786E) in font nullfont!
Missing character: There is no 保 ("4FDD) in font nullfont!
Missing character: There is no 训 ("8BAD) in font nullfont!
Missing character: There is no 练 ("7EC3) in font nullfont!
Missing character: There is no 过 ("8FC7) in font nullfont!
Missing character: There is no 程 ("7A0B) in font nullfont!
Missing character: There is no 的 ("7684) in font nullfont!
Missing character: There is no 稳 ("7A33) in font nullfont!
Missing character: There is no 定 ("5B9A) in font nullfont!
Missing character: There is no 收 ("6536) in font nullfont!
Missing character: There is no 敛 ("655B) in font nullfont!
Missing character: There is no 。 ("3002) in font nullfont!

! LaTeX Error: Something's wrong--perhaps a missing \item.

See the LaTeX manual or LaTeX Companion for explanation.
Type  H <return>  for immediate help.
 ...                                              
                                                  
l.173 ^^I\item \textbf
                      {训练流程}：将数据集划分为训练集、验证集和测试集。在训练集上迭代优化模型参数 $\phi$，在验证集上监控...

Try typing  <return>  to proceed.
If that doesn't work, type  X <return>  to quit.


! LaTeX Error: Something's wrong--perhaps a missing \item.

See the LaTeX manual or LaTeX Companion for explanation.
Type  H <return>  for immediate help.
 ...                                              
                                                  
l.173 ^^I\item \textbf
                      {训练流程}：将数据集划分为训练集、验证集和测试集。在训练集上迭代优化模型参数 $\phi$，在验证集上监控...

Try typing  <return>  to proceed.
If that doesn't work, type  X <return>  to quit.


! LaTeX Error: Something's wrong--perhaps a missing \item.

See the LaTeX manual or LaTeX Companion for explanation.
Type  H <return>  for immediate help.
 ...                                              
                                                  
l.173 ^^I\item \textbf
                      {训练流程}：将数据集划分为训练集、验证集和测试集。在训练集上迭代优化模型参数 $\phi$，在验证集上监控...

Try typing  <return>  to proceed.
If that doesn't work, type  X <return>  to quit.

Missing character: There is no 训 (U+8BAD) in font [lmroman10-bold]:mapping=tex-
text;!
Missing character: There is no 练 (U+7EC3) in font [lmroman10-bold]:mapping=tex-
text;!
Missing character: There is no 流 (U+6D41) in font [lmroman10-bold]:mapping=tex-
text;!
Missing character: There is no 程 (U+7A0B) in font [lmroman10-bold]:mapping=tex-
text;!
Missing character: There is no ： ("FF1A) in font nullfont!
Missing character: There is no 将 ("5C06) in font nullfont!
Missing character: There is no 数 ("6570) in font nullfont!
Missing character: There is no 据 ("636E) in font nullfont!
Missing character: There is no 集 ("96C6) in font nullfont!
Missing character: There is no 划 ("5212) in font nullfont!
Missing character: There is no 分 ("5206) in font nullfont!
Missing character: There is no 为 ("4E3A) in font nullfont!
Missing character: There is no 训 ("8BAD) in font nullfont!
Missing character: There is no 练 ("7EC3) in font nullfont!
Missing character: There is no 集 ("96C6) in font nullfont!
Missing character: There is no 、 ("3001) in font nullfont!
Missing character: There is no 验 ("9A8C) in font nullfont!
Missing character: There is no 证 ("8BC1) in font nullfont!
Missing character: There is no 集 ("96C6) in font nullfont!
Missing character: There is no 和 ("548C) in font nullfont!
Missing character: There is no 测 ("6D4B) in font nullfont!
Missing character: There is no 试 ("8BD5) in font nullfont!
Missing character: There is no 集 ("96C6) in font nullfont!
Missing character: There is no 。 ("3002) in font nullfont!
Missing character: There is no 在 ("5728) in font nullfont!
Missing character: There is no 训 ("8BAD) in font nullfont!
Missing character: There is no 练 ("7EC3) in font nullfont!
Missing character: There is no 集 ("96C6) in font nullfont!
Missing character: There is no 上 ("4E0A) in font nullfont!
Missing character: There is no 迭 ("8FED) in font nullfont!
Missing character: There is no 代 ("4EE3) in font nullfont!
Missing character: There is no 优 ("4F18) in font nullfont!
Missing character: There is no 化 ("5316) in font nullfont!
Missing character: There is no 模 ("6A21) in font nullfont!
Missing character: There is no 型 ("578B) in font nullfont!
Missing character: There is no 参 ("53C2) in font nullfont!
Missing character: There is no 数 ("6570) in font nullfont!
Missing character: There is no ， ("FF0C) in font nullfont!
Missing character: There is no 在 ("5728) in font nullfont!
Missing character: There is no 验 ("9A8C) in font nullfont!
Missing character: There is no 证 ("8BC1) in font nullfont!
Missing character: There is no 集 ("96C6) in font nullfont!
Missing character: There is no 上 ("4E0A) in font nullfont!
Missing character: There is no 监 ("76D1) in font nullfont!
Missing character: There is no 控 ("63A7) in font nullfont!
Missing character: There is no 性 ("6027) in font nullfont!
Missing character: There is no 能 ("80FD) in font nullfont!
Missing character: There is no 并 ("5E76) in font nullfont!
Missing character: There is no 调 ("8C03) in font nullfont!
Missing character: There is no 整 ("6574) in font nullfont!
Missing character: There is no 超 ("8D85) in font nullfont!
Missing character: There is no 参 ("53C2) in font nullfont!
Missing character: There is no 数 ("6570) in font nullfont!
Missing character: There is no （ ("FF08) in font nullfont!
Missing character: There is no 如 ("5982) in font nullfont!
Missing character: There is no 网 ("7F51) in font nullfont!
Missing character: There is no 络 ("7EDC) in font nullfont!
Missing character: There is no 层 ("5C42) in font nullfont!
Missing character: There is no 数 ("6570) in font nullfont!
Missing character: There is no 、 ("3001) in font nullfont!
Missing character: There is no 节 ("8282) in font nullfont!
Missing character: There is no 点 ("70B9) in font nullfont!
Missing character: There is no 数 ("6570) in font nullfont!
Missing character: There is no 等 ("7B49) in font nullfont!
Missing character: There is no ） ("FF09) in font nullfont!
Missing character: There is no ， ("FF0C) in font nullfont!
Missing character: There is no 最 ("6700) in font nullfont!
Missing character: There is no 终 ("7EC8) in font nullfont!
Missing character: There is no 在 ("5728) in font nullfont!
Missing character: There is no 独 ("72EC) in font nullfont!
Missing character: There is no 立 ("7ACB) in font nullfont!
Missing character: There is no 的 ("7684) in font nullfont!
Missing character: There is no 测 ("6D4B) in font nullfont!
Missing character: There is no 试 ("8BD5) in font nullfont!
Missing character: There is no 集 ("96C6) in font nullfont!
Missing character: There is no 上 ("4E0A) in font nullfont!
Missing character: There is no 评 ("8BC4) in font nullfont!
Missing character: There is no 估 ("4F30) in font nullfont!
Missing character: There is no 模 ("6A21) in font nullfont!
Missing character: There is no 型 ("578B) in font nullfont!
Missing character: There is no 的 ("7684) in font nullfont!
Missing character: There is no 最 ("6700) in font nullfont!
Missing character: There is no 终 ("7EC8) in font nullfont!
Missing character: There is no 性 ("6027) in font nullfont!
Missing character: There is no 能 ("80FD) in font nullfont!
Missing character: There is no 。 ("3002) in font nullfont!

! LaTeX Error: Something's wrong--perhaps a missing \item.

See the LaTeX manual or LaTeX Companion for explanation.
Type  H <return>  for immediate help.
 ...                                              
                                                  
l.174 \end{enumerate}
                     
Try typing  <return>  to proceed.
If that doesn't work, type  X <return>  to quit.


Overfull \hbox (14.0pt too wide) in paragraph at lines 169--174
[]\TU/lmr/bx/n/10 数据预处理
 []


Overfull \hbox (26.37828pt too wide) in paragraph at lines 169--174
[]$
 []


Overfull \hbox (11.2pt too wide) in paragraph at lines 169--174
[]\TU/lmr/bx/n/10 损失函数
 []


Overfull \hbox (27.3223pt too wide) in paragraph at lines 169--174
\OMS/cmsy/m/n/10 L[]$
 []


Overfull \hbox (8.4pt too wide) in paragraph at lines 169--174
[]\TU/lmr/bx/n/10 优化器
 []


Overfull \hbox (11.2pt too wide) in paragraph at lines 169--174
[]\TU/lmr/bx/n/10 训练流程
 []


Overfull \hbox (5.95834pt too wide) in paragraph at lines 169--174
\OML/cmm/m/it/10 ^^^$ 
 []

! Undefined control sequence.
l.177 \section
              {基于AI代理仿真模型的快速预测与优化}
The control sequence at the end of the top line
of your error message was never \def'ed. If you have
misspelled it (e.g., `\hobx'), type `I' and the correct
spelling (e.g., `I\hbox'). Otherwise just continue,
and I'll forget about whatever was undefined.

Missing character: There is no 基 ("57FA) in font nullfont!
Missing character: There is no 于 ("4E8E) in font nullfont!
Missing character: There is no A ("41) in font nullfont!
Missing character: There is no I ("49) in font nullfont!
Missing character: There is no 代 ("4EE3) in font nullfont!
Missing character: There is no 理 ("7406) in font nullfont!
Missing character: There is no 仿 ("4EFF) in font nullfont!
Missing character: There is no 真 ("771F) in font nullfont!
Missing character: There is no 模 ("6A21) in font nullfont!
Missing character: There is no 型 ("578B) in font nullfont!
Missing character: There is no 的 ("7684) in font nullfont!
Missing character: There is no 快 ("5FEB) in font nullfont!
Missing character: There is no 速 ("901F) in font nullfont!
Missing character: There is no 预 ("9884) in font nullfont!
Missing character: There is no 测 ("6D4B) in font nullfont!
Missing character: There is no 与 ("4E0E) in font nullfont!
Missing character: There is no 优 ("4F18) in font nullfont!
Missing character: There is no 化 ("5316) in font nullfont!

Overfull \hbox (20.0pt too wide) in paragraph at lines 177--178
[] 
 []

Missing character: There is no 在 ("5728) in font nullfont!
Missing character: There is no A ("41) in font nullfont!
Missing character: There is no I ("49) in font nullfont!
Missing character: There is no 代 ("4EE3) in font nullfont!
Missing character: There is no 理 ("7406) in font nullfont!
Missing character: There is no 模 ("6A21) in font nullfont!
Missing character: There is no 型 ("578B) in font nullfont!
Missing character: There is no 训 ("8BAD) in font nullfont!
Missing character: There is no 练 ("7EC3) in font nullfont!
Missing character: There is no 完 ("5B8C) in font nullfont!
Missing character: There is no 成 ("6210) in font nullfont!
Missing character: There is no 后 ("540E) in font nullfont!
Missing character: There is no ， ("FF0C) in font nullfont!
Missing character: There is no 原 ("539F) in font nullfont!
Missing character: There is no 先 ("5148) in font nullfont!
Missing character: There is no 耗 ("8017) in font nullfont!
Missing character: There is no 时 ("65F6) in font nullfont!
Missing character: There is no 的 ("7684) in font nullfont!
Missing character: There is no 协 ("534F) in font nullfont!
Missing character: There is no 议 ("8BAE) in font nullfont!
Missing character: There is no 优 ("4F18) in font nullfont!
Missing character: There is no 化 ("5316) in font nullfont!
Missing character: There is no 问 ("95EE) in font nullfont!
Missing character: There is no 题 ("9898) in font nullfont!
Missing character: There is no 便 ("4FBF) in font nullfont!
Missing character: There is no 转 ("8F6C) in font nullfont!
Missing character: There is no 化 ("5316) in font nullfont!
Missing character: There is no 为 ("4E3A) in font nullfont!
Missing character: There is no 一 ("4E00) in font nullfont!
Missing character: There is no 个 ("4E2A) in font nullfont!
Missing character: There is no 可 ("53EF) in font nullfont!
Missing character: There is no 在 ("5728) in font nullfont!
Missing character: There is no 毫 ("6BEB) in font nullfont!
Missing character: There is no 秒 ("79D2) in font nullfont!
Missing character: There is no 级 ("7EA7) in font nullfont!
Missing character: There is no 求 ("6C42) in font nullfont!
Missing character: There is no 解 ("89E3) in font nullfont!
Missing character: There is no 的 ("7684) in font nullfont!
Missing character: There is no 数 ("6570) in font nullfont!
Missing character: There is no 学 ("5B66) in font nullfont!
Missing character: There is no 优 ("4F18) in font nullfont!
Missing character: There is no 化 ("5316) in font nullfont!
Missing character: There is no 问 ("95EE) in font nullfont!
Missing character: There is no 题 ("9898) in font nullfont!
Missing character: There is no 。 ("3002) in font nullfont!
Missing character: There is no 给 ("7ED9) in font nullfont!
Missing character: There is no 定 ("5B9A) in font nullfont!
Missing character: There is no 一 ("4E00) in font nullfont!
Missing character: There is no 个 ("4E2A) in font nullfont!
Missing character: There is no 业 ("4E1A) in font nullfont!
Missing character: There is no 务 ("52A1) in font nullfont!
Missing character: There is no 场 ("573A) in font nullfont!
Missing character: There is no 景 ("666F) in font nullfont!
Missing character: There is no 的 ("7684) in font nullfont!
Missing character: There is no 流 ("6D41) in font nullfont!
Missing character: There is no 量 ("91CF) in font nullfont!
Missing character: There is no 特 ("7279) in font nullfont!
Missing character: There is no 征 ("5F81) in font nullfont!
! Undefined control sequence.
<recently read> \bm 
                    
l.179 ...问题便转化为一个可在毫秒级求解的数学优化问题。给定一个业务场景的流量特征 $\bm
                                                  {x}_\text{traffic}$，目标是快速找...
The control sequence at the end of the top line
of your error message was never \def'ed. If you have
misspelled it (e.g., `\hobx'), type `I' and the correct
spelling (e.g., `I\hbox'). Otherwise just continue,
and I'll forget about whatever was undefined.

! Undefined control sequence.
l.179 ...在毫秒级求解的数学优化问题。给定一个业务场景的流量特征 $\bm{x}_\text
                                                  {traffic}$，目标是快速找到最优的协议类型 ...
The control sequence at the end of the top line
of your error message was never \def'ed. If you have
misspelled it (e.g., `\hobx'), type `I' and the correct
spelling (e.g., `I\hbox'). Otherwise just continue,
and I'll forget about whatever was undefined.

Missing character: There is no ， ("FF0C) in font nullfont!
Missing character: There is no 目 ("76EE) in font nullfont!
Missing character: There is no 标 ("6807) in font nullfont!
Missing character: There is no 是 ("662F) in font nullfont!
Missing character: There is no 快 ("5FEB) in font nullfont!
Missing character: There is no 速 ("901F) in font nullfont!
Missing character: There is no 找 ("627E) in font nullfont!
Missing character: There is no 到 ("5230) in font nullfont!
Missing character: There is no 最 ("6700) in font nullfont!
Missing character: There is no 优 ("4F18) in font nullfont!
Missing character: There is no 的 ("7684) in font nullfont!
Missing character: There is no 协 ("534F) in font nullfont!
Missing character: There is no 议 ("8BAE) in font nullfont!
Missing character: There is no 类 ("7C7B) in font nullfont!
Missing character: There is no 型 ("578B) in font nullfont!
Missing character: There is no 及 ("53CA) in font nullfont!
Missing character: There is no 其 ("5176) in font nullfont!
Missing character: There is no 对 ("5BF9) in font nullfont!
Missing character: There is no 应 ("5E94) in font nullfont!
Missing character: There is no 的 ("7684) in font nullfont!
Missing character: There is no 专 ("4E13) in font nullfont!
Missing character: There is no 属 ("5C5E) in font nullfont!
Missing character: There is no 参 ("53C2) in font nullfont!
Missing character: There is no 数 ("6570) in font nullfont!
! Undefined control sequence.
<recently read> \xvec 
                      
l.179 ...c}$，目标是快速找到最优的协议类型 $p^*$ 及其对应的专属参数 $\xvec
                                                  _{\text{proto}}^*$：
The control sequence at the end of the top line
of your error message was never \def'ed. If you have
misspelled it (e.g., `\hobx'), type `I' and the correct
spelling (e.g., `I\hbox'). Otherwise just continue,
and I'll forget about whatever was undefined.

! Undefined control sequence.
l.179 ...快速找到最优的协议类型 $p^*$ 及其对应的专属参数 $\xvec_{\text
                                                  {proto}}^*$：
The control sequence at the end of the top line
of your error message was never \def'ed. If you have
misspelled it (e.g., `\hobx'), type `I' and the correct
spelling (e.g., `I\hbox'). Otherwise just continue,
and I'll forget about whatever was undefined.

Missing character: There is no ： ("FF1A) in font nullfont!

Overfull \hbox (20.0pt too wide) in paragraph at lines 179--180
[]
 []


Overfull \hbox (10.2042pt too wide) in paragraph at lines 179--180
\OML/cmm/m/it/10 f[]$
 []


Overfull \hbox (33.27321pt too wide) in paragraph at lines 179--180
\OML/cmm/m/it/10 x[]$
 []


Overfull \hbox (9.62848pt too wide) in paragraph at lines 179--180
\OML/cmm/m/it/10 p[]$
 []


Overfull \hbox (19.46588pt too wide) in paragraph at lines 179--180
[]$ 
 []


! LaTeX Error: The font size command \normalsize is not defined:
               there is probably something wrong with the class file.

See the LaTeX manual or LaTeX Companion for explanation.
Type  H <return>  for immediate help.
 ...                                              
                                                  
l.180 \begin{equation}
                      
Your command was ignored.
Type  I <command> <return>  to replace it with another command,
or  <return>  to continue without it.

[1
! Undefined control sequence.
<write> ...bel{chapter5: ai_selector}{{}{\thepage 
                                                  }}
l.180 \begin{equation}
                      
The control sequence at the end of the top line
of your error message was never \def'ed. If you have
misspelled it (e.g., `\hobx'), type `I' and the correct
spelling (e.g., `I\hbox'). Otherwise just continue,
and I'll forget about whatever was undefined.

\newlabel{chapter5: ai_selector}{{}{}}
! Undefined control sequence.
<write> \newlabel{fig:protocol_radar}{{}{\thepage 
                                                  }}
l.180 \begin{equation}
                      
The control sequence at the end of the top line
of your error message was never \def'ed. If you have
misspelled it (e.g., `\hobx'), type `I' and the correct
spelling (e.g., `I\hbox'). Otherwise just continue,
and I'll forget about whatever was undefined.

\newlabel{fig:protocol_radar}{{}{}}
]
! Undefined control sequence.
l.181 ^^I(p^*, \xvec
                    _{\text{proto}}^*) = \arg\max_{p \in \mathcal{P}, \xvec_...
The control sequence at the end of the top line
of your error message was never \def'ed. If you have
misspelled it (e.g., `\hobx'), type `I' and the correct
spelling (e.g., `I\hbox'). Otherwise just continue,
and I'll forget about whatever was undefined.

! Undefined control sequence.
l.181 ^^I(p^*, \xvec_{\text
                           {proto}}^*) = \arg\max_{p \in \mathcal{P}, \xvec_...
The control sequence at the end of the top line
of your error message was never \def'ed. If you have
misspelled it (e.g., `\hobx'), type `I' and the correct
spelling (e.g., `I\hbox'). Otherwise just continue,
and I'll forget about whatever was undefined.

! Undefined control sequence.
l.181 ...}^*) = \arg\max_{p \in \mathcal{P}, \xvec
                                                  _{\text{proto}}} U(f_{\phi...
The control sequence at the end of the top line
of your error message was never \def'ed. If you have
misspelled it (e.g., `\hobx'), type `I' and the correct
spelling (e.g., `I\hbox'). Otherwise just continue,
and I'll forget about whatever was undefined.

! Undefined control sequence.
l.181 ...\arg\max_{p \in \mathcal{P}, \xvec_{\text
                                                  {proto}}} U(f_{\phi}(\bm{x...
The control sequence at the end of the top line
of your error message was never \def'ed. If you have
misspelled it (e.g., `\hobx'), type `I' and the correct
spelling (e.g., `I\hbox'). Otherwise just continue,
and I'll forget about whatever was undefined.

! Undefined control sequence.
l.181 ...{P}, \xvec_{\text{proto}}} U(f_{\phi}(\bm
                                                  {x}_{\text{traffic}}, p, \...
The control sequence at the end of the top line
of your error message was never \def'ed. If you have
misspelled it (e.g., `\hobx'), type `I' and the correct
spelling (e.g., `I\hbox'). Otherwise just continue,
and I'll forget about whatever was undefined.

! Undefined control sequence.
l.181 ..._{\text{proto}}} U(f_{\phi}(\bm{x}_{\text
                                                  {traffic}}, p, \xvec_{\tex...
The control sequence at the end of the top line
of your error message was never \def'ed. If you have
misspelled it (e.g., `\hobx'), type `I' and the correct
spelling (e.g., `I\hbox'). Otherwise just continue,
and I'll forget about whatever was undefined.

! Undefined control sequence.
l.181 ..._{\phi}(\bm{x}_{\text{traffic}}, p, \xvec
                                                  _{\text{proto}}, \dots))
The control sequence at the end of the top line
of your error message was never \def'ed. If you have
misspelled it (e.g., `\hobx'), type `I' and the correct
spelling (e.g., `I\hbox'). Otherwise just continue,
and I'll forget about whatever was undefined.

! Undefined control sequence.
l.181 ...(\bm{x}_{\text{traffic}}, p, \xvec_{\text
                                                  {proto}}, \dots))
The control sequence at the end of the top line
of your error message was never \def'ed. If you have
misspelled it (e.g., `\hobx'), type `I' and the correct
spelling (e.g., `I\hbox'). Otherwise just continue,
and I'll forget about whatever was undefined.


Overfull \hbox (224.19772pt too wide) detected at line 182
\OT1/cmr/m/n/10 (\OML/cmm/m/it/10 p[];[] \OT1/cmr/m/n/10 ) = [] [] \OML/cmm/m/i
t/10 U\OT1/cmr/m/n/10 (\OML/cmm/m/it/10 f[]\OT1/cmr/m/n/10 (\OML/cmm/m/it/10 x[
]; p;[] ; []\OT1/cmr/m/n/10 ))
 []

Missing character: There is no 由 ("7531) in font nullfont!
Missing character: There is no 于 ("4E8E) in font nullfont!
Missing character: There is no 代 ("4EE3) in font nullfont!
Missing character: There is no 理 ("7406) in font nullfont!
Missing character: There is no 模 ("6A21) in font nullfont!
Missing character: There is no 型 ("578B) in font nullfont!
Missing character: There is no 的 ("7684) in font nullfont!
Missing character: There is no 评 ("8BC4) in font nullfont!
Missing character: There is no 估 ("4F30) in font nullfont!
Missing character: There is no 速 ("901F) in font nullfont!
Missing character: There is no 度 ("5EA6) in font nullfont!
Missing character: There is no 极 ("6781) in font nullfont!
Missing character: There is no 快 ("5FEB) in font nullfont!
Missing character: There is no ， ("FF0C) in font nullfont!
Missing character: There is no 我 ("6211) in font nullfont!
Missing character: There is no 们 ("4EEC) in font nullfont!
Missing character: There is no 可 ("53EF) in font nullfont!
Missing character: There is no 以 ("4EE5) in font nullfont!
Missing character: There is no 采 ("91C7) in font nullfont!
Missing character: There is no 用 ("7528) in font nullfont!
Missing character: There is no 高 ("9AD8) in font nullfont!
Missing character: There is no 效 ("6548) in font nullfont!
Missing character: There is no 的 ("7684) in font nullfont!
Missing character: There is no 搜 ("641C) in font nullfont!
Missing character: There is no 索 ("7D22) in font nullfont!
Missing character: There is no 算 ("7B97) in font nullfont!
Missing character: There is no 法 ("6CD5) in font nullfont!
Missing character: There is no 来 ("6765) in font nullfont!
Missing character: There is no 求 ("6C42) in font nullfont!
Missing character: There is no 解 ("89E3) in font nullfont!
Missing character: There is no 此 ("6B64) in font nullfont!
Missing character: There is no 优 ("4F18) in font nullfont!
Missing character: There is no 化 ("5316) in font nullfont!
Missing character: There is no 问 ("95EE) in font nullfont!
Missing character: There is no 题 ("9898) in font nullfont!
Missing character: There is no 。 ("3002) in font nullfont!
Missing character: There is no 针 ("9488) in font nullfont!
Missing character: There is no 对 ("5BF9) in font nullfont!
Missing character: There is no 该 ("8BE5) in font nullfont!
Missing character: There is no 问 ("95EE) in font nullfont!
Missing character: There is no 题 ("9898) in font nullfont!
Missing character: There is no 的 ("7684) in font nullfont!
Missing character: There is no 混 ("6DF7) in font nullfont!
Missing character: There is no 合 ("5408) in font nullfont!
Missing character: There is no （ ("FF08) in font nullfont!
Missing character: There is no 离 ("79BB) in font nullfont!
Missing character: There is no 散 ("6563) in font nullfont!
Missing character: There is no 与 ("4E0E) in font nullfont!
Missing character: There is no 连 ("8FDE) in font nullfont!
Missing character: There is no 续 ("7EED) in font nullfont!
Missing character: There is no ） ("FF09) in font nullfont!
Missing character: There is no 参 ("53C2) in font nullfont!
Missing character: There is no 数 ("6570) in font nullfont!
Missing character: There is no 空 ("7A7A) in font nullfont!
Missing character: There is no 间 ("95F4) in font nullfont!
Missing character: There is no 特 ("7279) in font nullfont!
Missing character: There is no 性 ("6027) in font nullfont!
Missing character: There is no ， ("FF0C) in font nullfont!
Missing character: There is no 可 ("53EF) in font nullfont!
Missing character: There is no 以 ("4EE5) in font nullfont!
Missing character: There is no 选 ("9009) in font nullfont!
Missing character: There is no 择 ("62E9) in font nullfont!
Missing character: There is no 以 ("4EE5) in font nullfont!
Missing character: There is no 下 ("4E0B) in font nullfont!
Missing character: There is no 优 ("4F18) in font nullfont!
Missing character: There is no 化 ("5316) in font nullfont!
Missing character: There is no 策 ("7B56) in font nullfont!
Missing character: There is no 略 ("7565) in font nullfont!
Missing character: There is no ： ("FF1A) in font nullfont!

Overfull \hbox (10.2042pt too wide) in paragraph at lines 182--184
 $\OML/cmm/m/it/10 f[]$ 
 []

Missing character: There is no [ ("5B) in font nullfont!
Missing character: There is no l ("6C) in font nullfont!
Missing character: There is no e ("65) in font nullfont!
Missing character: There is no f ("66) in font nullfont!
Missing character: There is no t ("74) in font nullfont!
Missing character: There is no m ("6D) in font nullfont!
Missing character: There is no a ("61) in font nullfont!
Missing character: There is no r ("72) in font nullfont!
Missing character: There is no g ("67) in font nullfont!
Missing character: There is no i ("69) in font nullfont!
Missing character: There is no n ("6E) in font nullfont!
Missing character: There is no = ("3D) in font nullfont!
Missing character: There is no * ("2A) in font nullfont!
Missing character: There is no ] ("5D) in font nullfont!

! LaTeX Error: Something's wrong--perhaps a missing \item.

See the LaTeX manual or LaTeX Companion for explanation.
Type  H <return>  for immediate help.
 ...                                              
                                                  
l.185 ^^I\item \textbf
                      {贝叶斯优化 (Bayesian Optimization)}：尤其适用于“黑盒”且评估成本较高的函数优化，...

Try typing  <return>  to proceed.
If that doesn't work, type  X <return>  to quit.


! LaTeX Error: Something's wrong--perhaps a missing \item.

See the LaTeX manual or LaTeX Companion for explanation.
Type  H <return>  for immediate help.
 ...                                              
                                                  
l.185 ^^I\item \textbf
                      {贝叶斯优化 (Bayesian Optimization)}：尤其适用于“黑盒”且评估成本较高的函数优化，...

Try typing  <return>  to proceed.
If that doesn't work, type  X <return>  to quit.


! LaTeX Error: Something's wrong--perhaps a missing \item.

See the LaTeX manual or LaTeX Companion for explanation.
Type  H <return>  for immediate help.
 ...                                              
                                                  
l.185 ^^I\item \textbf
                      {贝叶斯优化 (Bayesian Optimization)}：尤其适用于“黑盒”且评估成本较高的函数优化，...

Try typing  <return>  to proceed.
If that doesn't work, type  X <return>  to quit.

Missing character: There is no 贝 (U+8D1D) in font [lmroman10-bold]:mapping=tex-
text;!
Missing character: There is no 叶 (U+53F6) in font [lmroman10-bold]:mapping=tex-
text;!
Missing character: There is no 斯 (U+65AF) in font [lmroman10-bold]:mapping=tex-
text;!
Missing character: There is no 优 (U+4F18) in font [lmroman10-bold]:mapping=tex-
text;!
Missing character: There is no 化 (U+5316) in font [lmroman10-bold]:mapping=tex-
text;!
Missing character: There is no ： ("FF1A) in font nullfont!
Missing character: There is no 尤 ("5C24) in font nullfont!
Missing character: There is no 其 ("5176) in font nullfont!
Missing character: There is no 适 ("9002) in font nullfont!
Missing character: There is no 用 ("7528) in font nullfont!
Missing character: There is no 于 ("4E8E) in font nullfont!
Missing character: There is no “ ("201C) in font nullfont!
Missing character: There is no 黑 ("9ED1) in font nullfont!
Missing character: There is no 盒 ("76D2) in font nullfont!
Missing character: There is no ” ("201D) in font nullfont!
Missing character: There is no 且 ("4E14) in font nullfont!
Missing character: There is no 评 ("8BC4) in font nullfont!
Missing character: There is no 估 ("4F30) in font nullfont!
Missing character: There is no 成 ("6210) in font nullfont!
Missing character: There is no 本 ("672C) in font nullfont!
Missing character: There is no 较 ("8F83) in font nullfont!
Missing character: There is no 高 ("9AD8) in font nullfont!
Missing character: There is no 的 ("7684) in font nullfont!
Missing character: There is no 函 ("51FD) in font nullfont!
Missing character: There is no 数 ("6570) in font nullfont!
Missing character: There is no 优 ("4F18) in font nullfont!
Missing character: There is no 化 ("5316) in font nullfont!
Missing character: There is no ， ("FF0C) in font nullfont!
Missing character: There is no 即 ("5373) in font nullfont!
Missing character: There is no 使 ("4F7F) in font nullfont!
Missing character: There is no 在 ("5728) in font nullfont!
Missing character: There is no 这 ("8FD9) in font nullfont!
Missing character: There is no 里 ("91CC) in font nullfont!
Missing character: There is no 评 ("8BC4) in font nullfont!
Missing character: There is no 估 ("4F30) in font nullfont!
Missing character: There is no 成 ("6210) in font nullfont!
Missing character: There is no 本 ("672C) in font nullfont!
Missing character: There is no 已 ("5DF2) in font nullfont!
Missing character: There is no 大 ("5927) in font nullfont!
Missing character: There is no 大 ("5927) in font nullfont!
Missing character: There is no 降 ("964D) in font nullfont!
Missing character: There is no 低 ("4F4E) in font nullfont!
Missing character: There is no ， ("FF0C) in font nullfont!
Missing character: There is no 它 ("5B83) in font nullfont!
Missing character: There is no 依 ("4F9D) in font nullfont!
Missing character: There is no 然 ("7136) in font nullfont!
Missing character: There is no 能 ("80FD) in font nullfont!
Missing character: There is no 够 ("591F) in font nullfont!
Missing character: There is no 高 ("9AD8) in font nullfont!
Missing character: There is no 效 ("6548) in font nullfont!
Missing character: There is no 地 ("5730) in font nullfont!
Missing character: There is no 平 ("5E73) in font nullfont!
Missing character: There is no 衡 ("8861) in font nullfont!
Missing character: There is no 探 ("63A2) in font nullfont!
Missing character: There is no 索 ("7D22) in font nullfont!
Missing character: There is no （ ("FF08) in font nullfont!
Missing character: There is no E ("45) in font nullfont!
Missing character: There is no x ("78) in font nullfont!
Missing character: There is no p ("70) in font nullfont!
Missing character: There is no l ("6C) in font nullfont!
Missing character: There is no o ("6F) in font nullfont!
Missing character: There is no r ("72) in font nullfont!
Missing character: There is no a ("61) in font nullfont!
Missing character: There is no t ("74) in font nullfont!
Missing character: There is no i ("69) in font nullfont!
Missing character: There is no o ("6F) in font nullfont!
Missing character: There is no n ("6E) in font nullfont!
Missing character: There is no ） ("FF09) in font nullfont!
Missing character: There is no 与 ("4E0E) in font nullfont!
Missing character: There is no 利 ("5229) in font nullfont!
Missing character: There is no 用 ("7528) in font nullfont!
Missing character: There is no （ ("FF08) in font nullfont!
Missing character: There is no E ("45) in font nullfont!
Missing character: There is no x ("78) in font nullfont!
Missing character: There is no p ("70) in font nullfont!
Missing character: There is no l ("6C) in font nullfont!
Missing character: There is no o ("6F) in font nullfont!
Missing character: There is no i ("69) in font nullfont!
Missing character: There is no t ("74) in font nullfont!
Missing character: There is no a ("61) in font nullfont!
Missing character: There is no t ("74) in font nullfont!
Missing character: There is no i ("69) in font nullfont!
Missing character: There is no o ("6F) in font nullfont!
Missing character: There is no n ("6E) in font nullfont!
Missing character: There is no ） ("FF09) in font nullfont!
Missing character: There is no ， ("FF0C) in font nullfont!
Missing character: There is no 以 ("4EE5) in font nullfont!
Missing character: There is no 较 ("8F83) in font nullfont!
Missing character: There is no 少 ("5C11) in font nullfont!
Missing character: There is no 的 ("7684) in font nullfont!
Missing character: There is no 迭 ("8FED) in font nullfont!
Missing character: There is no 代 ("4EE3) in font nullfont!
Missing character: There is no 次 ("6B21) in font nullfont!
Missing character: There is no 数 ("6570) in font nullfont!
Missing character: There is no 找 ("627E) in font nullfont!
Missing character: There is no 到 ("5230) in font nullfont!
Missing character: There is no 全 ("5168) in font nullfont!
Missing character: There is no 局 ("5C40) in font nullfont!
Missing character: There is no 最 ("6700) in font nullfont!
Missing character: There is no 优 ("4F18) in font nullfont!
Missing character: There is no 解 ("89E3) in font nullfont!
Missing character: There is no 。 ("3002) in font nullfont!

! LaTeX Error: Something's wrong--perhaps a missing \item.

See the LaTeX manual or LaTeX Companion for explanation.
Type  H <return>  for immediate help.
 ...                                              
                                                  
l.186 ^^I\item \textbf
                      {演化算法 (Evolutionary Algorithms)}：如遗传算法（Genetic Algorit...

Try typing  <return>  to proceed.
If that doesn't work, type  X <return>  to quit.


! LaTeX Error: Something's wrong--perhaps a missing \item.

See the LaTeX manual or LaTeX Companion for explanation.
Type  H <return>  for immediate help.
 ...                                              
                                                  
l.186 ^^I\item \textbf
                      {演化算法 (Evolutionary Algorithms)}：如遗传算法（Genetic Algorit...

Try typing  <return>  to proceed.
If that doesn't work, type  X <return>  to quit.


! LaTeX Error: Something's wrong--perhaps a missing \item.

See the LaTeX manual or LaTeX Companion for explanation.
Type  H <return>  for immediate help.
 ...                                              
                                                  
l.186 ^^I\item \textbf
                      {演化算法 (Evolutionary Algorithms)}：如遗传算法（Genetic Algorit...

Try typing  <return>  to proceed.
If that doesn't work, type  X <return>  to quit.

Missing character: There is no 演 (U+6F14) in font [lmroman10-bold]:mapping=tex-
text;!
Missing character: There is no 化 (U+5316) in font [lmroman10-bold]:mapping=tex-
text;!
Missing character: There is no 算 (U+7B97) in font [lmroman10-bold]:mapping=tex-
text;!
Missing character: There is no 法 (U+6CD5) in font [lmroman10-bold]:mapping=tex-
text;!
Missing character: There is no ： ("FF1A) in font nullfont!
Missing character: There is no 如 ("5982) in font nullfont!
Missing character: There is no 遗 ("9057) in font nullfont!
Missing character: There is no 传 ("4F20) in font nullfont!
Missing character: There is no 算 ("7B97) in font nullfont!
Missing character: There is no 法 ("6CD5) in font nullfont!
Missing character: There is no （ ("FF08) in font nullfont!
Missing character: There is no G ("47) in font nullfont!
Missing character: There is no e ("65) in font nullfont!
Missing character: There is no n ("6E) in font nullfont!
Missing character: There is no e ("65) in font nullfont!
Missing character: There is no t ("74) in font nullfont!
Missing character: There is no i ("69) in font nullfont!
Missing character: There is no c ("63) in font nullfont!
Missing character: There is no A ("41) in font nullfont!
Missing character: There is no l ("6C) in font nullfont!
Missing character: There is no g ("67) in font nullfont!
Missing character: There is no o ("6F) in font nullfont!
Missing character: There is no r ("72) in font nullfont!
Missing character: There is no i ("69) in font nullfont!
Missing character: There is no t ("74) in font nullfont!
Missing character: There is no h ("68) in font nullfont!
Missing character: There is no m ("6D) in font nullfont!
Missing character: There is no ） ("FF09) in font nullfont!
Missing character: There is no ， ("FF0C) in font nullfont!
Missing character: There is no 能 ("80FD) in font nullfont!
Missing character: There is no 够 ("591F) in font nullfont!
Missing character: There is no 并 ("5E76) in font nullfont!
Missing character: There is no 行 ("884C) in font nullfont!
Missing character: There is no 地 ("5730) in font nullfont!
Missing character: There is no 在 ("5728) in font nullfont!
Missing character: There is no 参 ("53C2) in font nullfont!
Missing character: There is no 数 ("6570) in font nullfont!
Missing character: There is no 空 ("7A7A) in font nullfont!
Missing character: There is no 间 ("95F4) in font nullfont!
Missing character: There is no 中 ("4E2D) in font nullfont!
Missing character: There is no 进 ("8FDB) in font nullfont!
Missing character: There is no 行 ("884C) in font nullfont!
Missing character: There is no 全 ("5168) in font nullfont!
Missing character: There is no 局 ("5C40) in font nullfont!
Missing character: There is no 搜 ("641C) in font nullfont!
Missing character: There is no 索 ("7D22) in font nullfont!
Missing character: There is no ， ("FF0C) in font nullfont!
Missing character: There is no 对 ("5BF9) in font nullfont!
Missing character: There is no 目 ("76EE) in font nullfont!
Missing character: There is no 标 ("6807) in font nullfont!
Missing character: There is no 函 ("51FD) in font nullfont!
Missing character: There is no 数 ("6570) in font nullfont!
Missing character: There is no 的 ("7684) in font nullfont!
Missing character: There is no 形 ("5F62) in font nullfont!
Missing character: There is no 态 ("6001) in font nullfont!
Missing character: There is no 要 ("8981) in font nullfont!
Missing character: There is no 求 ("6C42) in font nullfont!
Missing character: There is no 较 ("8F83) in font nullfont!
Missing character: There is no 低 ("4F4E) in font nullfont!
Missing character: There is no ， ("FF0C) in font nullfont!
Missing character: There is no 鲁 ("9C81) in font nullfont!
Missing character: There is no 棒 ("68D2) in font nullfont!
Missing character: There is no 性 ("6027) in font nullfont!
Missing character: There is no 好 ("597D) in font nullfont!
Missing character: There is no 。 ("3002) in font nullfont!

! LaTeX Error: Something's wrong--perhaps a missing \item.

See the LaTeX manual or LaTeX Companion for explanation.
Type  H <return>  for immediate help.
 ...                                              
                                                  
l.187 ^^I\item \textbf
                      {强化学习 (Reinforcement Learning)}：可将协议和参数选择视为一个决策过程，将代理模...

Try typing  <return>  to proceed.
If that doesn't work, type  X <return>  to quit.


! LaTeX Error: Something's wrong--perhaps a missing \item.

See the LaTeX manual or LaTeX Companion for explanation.
Type  H <return>  for immediate help.
 ...                                              
                                                  
l.187 ^^I\item \textbf
                      {强化学习 (Reinforcement Learning)}：可将协议和参数选择视为一个决策过程，将代理模...

Try typing  <return>  to proceed.
If that doesn't work, type  X <return>  to quit.


! LaTeX Error: Something's wrong--perhaps a missing \item.

See the LaTeX manual or LaTeX Companion for explanation.
Type  H <return>  for immediate help.
 ...                                              
                                                  
l.187 ^^I\item \textbf
                      {强化学习 (Reinforcement Learning)}：可将协议和参数选择视为一个决策过程，将代理模...

Try typing  <return>  to proceed.
If that doesn't work, type  X <return>  to quit.

Missing character: There is no 强 (U+5F3A) in font [lmroman10-bold]:mapping=tex-
text;!
Missing character: There is no 化 (U+5316) in font [lmroman10-bold]:mapping=tex-
text;!
Missing character: There is no 学 (U+5B66) in font [lmroman10-bold]:mapping=tex-
text;!
Missing character: There is no 习 (U+4E60) in font [lmroman10-bold]:mapping=tex-
text;!
Missing character: There is no ： ("FF1A) in font nullfont!
Missing character: There is no 可 ("53EF) in font nullfont!
Missing character: There is no 将 ("5C06) in font nullfont!
Missing character: There is no 协 ("534F) in font nullfont!
Missing character: There is no 议 ("8BAE) in font nullfont!
Missing character: There is no 和 ("548C) in font nullfont!
Missing character: There is no 参 ("53C2) in font nullfont!
Missing character: There is no 数 ("6570) in font nullfont!
Missing character: There is no 选 ("9009) in font nullfont!
Missing character: There is no 择 ("62E9) in font nullfont!
Missing character: There is no 视 ("89C6) in font nullfont!
Missing character: There is no 为 ("4E3A) in font nullfont!
Missing character: There is no 一 ("4E00) in font nullfont!
Missing character: There is no 个 ("4E2A) in font nullfont!
Missing character: There is no 决 ("51B3) in font nullfont!
Missing character: There is no 策 ("7B56) in font nullfont!
Missing character: There is no 过 ("8FC7) in font nullfont!
Missing character: There is no 程 ("7A0B) in font nullfont!
Missing character: There is no ， ("FF0C) in font nullfont!
Missing character: There is no 将 ("5C06) in font nullfont!
Missing character: There is no 代 ("4EE3) in font nullfont!
Missing character: There is no 理 ("7406) in font nullfont!
Missing character: There is no 模 ("6A21) in font nullfont!
Missing character: There is no 型 ("578B) in font nullfont!
Missing character: There is no 作 ("4F5C) in font nullfont!
Missing character: There is no 为 ("4E3A) in font nullfont!
Missing character: There is no 环 ("73AF) in font nullfont!
Missing character: There is no 境 ("5883) in font nullfont!
Missing character: There is no （ ("FF08) in font nullfont!
Missing character: There is no E ("45) in font nullfont!
Missing character: There is no n ("6E) in font nullfont!
Missing character: There is no v ("76) in font nullfont!
Missing character: There is no i ("69) in font nullfont!
Missing character: There is no r ("72) in font nullfont!
Missing character: There is no o ("6F) in font nullfont!
Missing character: There is no n ("6E) in font nullfont!
Missing character: There is no m ("6D) in font nullfont!
Missing character: There is no e ("65) in font nullfont!
Missing character: There is no n ("6E) in font nullfont!
Missing character: There is no t ("74) in font nullfont!
Missing character: There is no ） ("FF09) in font nullfont!
Missing character: There is no 的 ("7684) in font nullfont!
Missing character: There is no 一 ("4E00) in font nullfont!
Missing character: There is no 部 ("90E8) in font nullfont!
Missing character: There is no 分 ("5206) in font nullfont!
Missing character: There is no ， ("FF0C) in font nullfont!
Missing character: There is no 通 ("901A) in font nullfont!
Missing character: There is no 过 ("8FC7) in font nullfont!
Missing character: There is no 训 ("8BAD) in font nullfont!
Missing character: There is no 练 ("7EC3) in font nullfont!
Missing character: There is no 一 ("4E00) in font nullfont!
Missing character: There is no 个 ("4E2A) in font nullfont!
Missing character: There is no 智 ("667A) in font nullfont!
Missing character: There is no 能 ("80FD) in font nullfont!
Missing character: There is no 体 ("4F53) in font nullfont!
Missing character: There is no （ ("FF08) in font nullfont!
Missing character: There is no A ("41) in font nullfont!
Missing character: There is no g ("67) in font nullfont!
Missing character: There is no e ("65) in font nullfont!
Missing character: There is no n ("6E) in font nullfont!
Missing character: There is no t ("74) in font nullfont!
Missing character: There is no ） ("FF09) in font nullfont!
Missing character: There is no 来 ("6765) in font nullfont!
Missing character: There is no 学 ("5B66) in font nullfont!
Missing character: There is no 习 ("4E60) in font nullfont!
Missing character: There is no 最 ("6700) in font nullfont!
Missing character: There is no 优 ("4F18) in font nullfont!
Missing character: There is no 的 ("7684) in font nullfont!
Missing character: There is no 决 ("51B3) in font nullfont!
Missing character: There is no 策 ("7B56) in font nullfont!
Missing character: There is no 策 ("7B56) in font nullfont!
Missing character: There is no 略 ("7565) in font nullfont!
Missing character: There is no 。 ("3002) in font nullfont!

! LaTeX Error: Something's wrong--perhaps a missing \item.

See the LaTeX manual or LaTeX Companion for explanation.
Type  H <return>  for immediate help.
 ...                                              
                                                  
l.188 \end{itemize}
                   
Try typing  <return>  to proceed.
If that doesn't work, type  X <return>  to quit.


Overfull \hbox (14.0pt too wide) in paragraph at lines 184--188
[]\TU/lmr/bx/n/10 贝叶斯优化
 []


Overfull \hbox (48.65001pt too wide) in paragraph at lines 184--188
\TU/lmr/bx/n/10 (Bayesian
 []


Overfull \hbox (18.86pt too wide) in paragraph at lines 184--188
\TU/lmr/bx/n/10 Op-
 []


Overfull \hbox (11.49pt too wide) in paragraph at lines 184--188
\TU/lmr/bx/n/10 ti-
 []


Overfull \hbox (27.3pt too wide) in paragraph at lines 184--188
\TU/lmr/bx/n/10 miza-
 []


Overfull \hbox (24.27pt too wide) in paragraph at lines 184--188
\TU/lmr/bx/n/10 tion)
 []


Overfull \hbox (11.2pt too wide) in paragraph at lines 184--188
[]\TU/lmr/bx/n/10 演化算法
 []


Overfull \hbox (27.36pt too wide) in paragraph at lines 184--188
\TU/lmr/bx/n/10 (Evo-
 []


Overfull \hbox (13.41pt too wide) in paragraph at lines 184--188
\TU/lmr/bx/n/10 lu-
 []


Overfull \hbox (23.63pt too wide) in paragraph at lines 184--188
\TU/lmr/bx/n/10 tion-
 []


Overfull \hbox (16.4pt too wide) in paragraph at lines 184--188
\TU/lmr/bx/n/10 ary
 []


Overfull \hbox (15.71pt too wide) in paragraph at lines 184--188
\TU/lmr/bx/n/10 Al-
 []


Overfull \hbox (15.33pt too wide) in paragraph at lines 184--188
\TU/lmr/bx/n/10 go-
 []


Overfull \hbox (37.38pt too wide) in paragraph at lines 184--188
\TU/lmr/bx/n/10 rithms)
 []


Overfull \hbox (11.2pt too wide) in paragraph at lines 184--188
[]\TU/lmr/bx/n/10 强化学习
 []


Overfull \hbox (22.2pt too wide) in paragraph at lines 184--188
\TU/lmr/bx/n/10 (Re-
 []


Overfull \hbox (13.41pt too wide) in paragraph at lines 184--188
\TU/lmr/bx/n/10 in-
 []


Overfull \hbox (28.21pt too wide) in paragraph at lines 184--188
\TU/lmr/bx/n/10 force-
 []


Overfull \hbox (25.39pt too wide) in paragraph at lines 184--188
\TU/lmr/bx/n/10 ment
 []


Overfull \hbox (32.74pt too wide) in paragraph at lines 184--188
\TU/lmr/bx/n/10 Learn-
 []


Overfull \hbox (19.8pt too wide) in paragraph at lines 184--188
\TU/lmr/bx/n/10 ing) 
 []

Missing character: There is no 通 ("901A) in font nullfont!
Missing character: There is no 过 ("8FC7) in font nullfont!
Missing character: There is no 这 ("8FD9) in font nullfont!
Missing character: There is no 些 ("4E9B) in font nullfont!
Missing character: There is no 先 ("5148) in font nullfont!
Missing character: There is no 进 ("8FDB) in font nullfont!
Missing character: There is no 的 ("7684) in font nullfont!
Missing character: There is no 优 ("4F18) in font nullfont!
Missing character: There is no 化 ("5316) in font nullfont!
Missing character: There is no 算 ("7B97) in font nullfont!
Missing character: There is no 法 ("6CD5) in font nullfont!
Missing character: There is no ， ("FF0C) in font nullfont!
Missing character: There is no 系 ("7CFB) in font nullfont!
Missing character: There is no 统 ("7EDF) in font nullfont!
Missing character: There is no 能 ("80FD) in font nullfont!
Missing character: There is no 够 ("591F) in font nullfont!
Missing character: There is no 在 ("5728) in font nullfont!
Missing character: There is no 业 ("4E1A) in font nullfont!
Missing character: There is no 务 ("52A1) in font nullfont!
Missing character: There is no 状 ("72B6) in font nullfont!
Missing character: There is no 态 ("6001) in font nullfont!
Missing character: There is no 发 ("53D1) in font nullfont!
Missing character: There is no 生 ("751F) in font nullfont!
Missing character: There is no 变 ("53D8) in font nullfont!
Missing character: There is no 化 ("5316) in font nullfont!
Missing character: There is no 时 ("65F6) in font nullfont!
Missing character: There is no ， ("FF0C) in font nullfont!
Missing character: There is no 实 ("5B9E) in font nullfont!
Missing character: There is no 现 ("73B0) in font nullfont!
Missing character: There is no 对 ("5BF9) in font nullfont!
Missing character: There is no 接 ("63A5) in font nullfont!
Missing character: There is no 入 ("5165) in font nullfont!
Missing character: There is no 策 ("7B56) in font nullfont!
Missing character: There is no 略 ("7565) in font nullfont!
Missing character: There is no 的 ("7684) in font nullfont!
Missing character: There is no 快 ("5FEB) in font nullfont!
Missing character: There is no 速 ("901F) in font nullfont!
Missing character: There is no 、 ("3001) in font nullfont!
Missing character: There is no 自 ("81EA) in font nullfont!
Missing character: There is no 适 ("9002) in font nullfont!
Missing character: There is no 应 ("5E94) in font nullfont!
Missing character: There is no 调 ("8C03) in font nullfont!
Missing character: There is no 整 ("6574) in font nullfont!
Missing character: There is no 。 ("3002) in font nullfont!
! Undefined control sequence.
l.191 \section
              {仿真结果}
The control sequence at the end of the top line
of your error message was never \def'ed. If you have
misspelled it (e.g., `\hobx'), type `I' and the correct
spelling (e.g., `I\hbox'). Otherwise just continue,
and I'll forget about whatever was undefined.

Missing character: There is no 仿 ("4EFF) in font nullfont!
Missing character: There is no 真 ("771F) in font nullfont!
Missing character: There is no 结 ("7ED3) in font nullfont!
Missing character: There is no 果 ("679C) in font nullfont!

Overfull \hbox (20.0pt too wide) in paragraph at lines 191--192
[] 
 []

! Undefined control sequence.
l.194 \section
              {本章小结}
The control sequence at the end of the top line
of your error message was never \def'ed. If you have
misspelled it (e.g., `\hobx'), type `I' and the correct
spelling (e.g., `I\hbox'). Otherwise just continue,
and I'll forget about whatever was undefined.

Missing character: There is no 本 ("672C) in font nullfont!
Missing character: There is no 章 ("7AE0) in font nullfont!
Missing character: There is no 小 ("5C0F) in font nullfont!
Missing character: There is no 结 ("7ED3) in font nullfont!

Overfull \hbox (20.0pt too wide) in paragraph at lines 194--195
[] 
 []

Missing character: There is no 本 ("672C) in font nullfont!
Missing character: There is no 章 ("7AE0) in font nullfont!
Missing character: There is no 提 ("63D0) in font nullfont!
Missing character: There is no 出 ("51FA) in font nullfont!
Missing character: There is no 了 ("4E86) in font nullfont!
Missing character: There is no 一 ("4E00) in font nullfont!
Missing character: There is no 种 ("79CD) in font nullfont!
Missing character: There is no 基 ("57FA) in font nullfont!
Missing character: There is no 于 ("4E8E) in font nullfont!
Missing character: There is no 监 ("76D1) in font nullfont!
Missing character: There is no 督 ("7763) in font nullfont!
Missing character: There is no 学 ("5B66) in font nullfont!
Missing character: There is no 习 ("4E60) in font nullfont!
Missing character: There is no 的 ("7684) in font nullfont!
Missing character: There is no 智 ("667A) in font nullfont!
Missing character: There is no 能 ("80FD) in font nullfont!
Missing character: There is no 协 ("534F) in font nullfont!
Missing character: There is no 议 ("8BAE) in font nullfont!
Missing character: There is no 与 ("4E0E) in font nullfont!
Missing character: There is no 参 ("53C2) in font nullfont!
Missing character: There is no 数 ("6570) in font nullfont!
Missing character: There is no 联 ("8054) in font nullfont!
Missing character: There is no 合 ("5408) in font nullfont!
Missing character: There is no 选 ("9009) in font nullfont!
Missing character: There is no 择 ("62E9) in font nullfont!
Missing character: There is no 方 ("65B9) in font nullfont!
Missing character: There is no 法 ("6CD5) in font nullfont!
Missing character: There is no ， ("FF0C) in font nullfont!
Missing character: There is no 旨 ("65E8) in font nullfont!
Missing character: There is no 在 ("5728) in font nullfont!
Missing character: There is no 解 ("89E3) in font nullfont!
Missing character: There is no 决 ("51B3) in font nullfont!
Missing character: There is no 传 ("4F20) in font nullfont!
Missing character: There is no 统 ("7EDF) in font nullfont!
Missing character: There is no 单 ("5355) in font nullfont!
Missing character: There is no 一 ("4E00) in font nullfont!
Missing character: There is no 接 ("63A5) in font nullfont!
Missing character: There is no 入 ("5165) in font nullfont!
Missing character: There is no 协 ("534F) in font nullfont!
Missing character: There is no 议 ("8BAE) in font nullfont!
Missing character: There is no 在 ("5728) in font nullfont!
Missing character: There is no 复 ("590D) in font nullfont!
Missing character: There is no 杂 ("6742) in font nullfont!
Missing character: There is no 多 ("591A) in font nullfont!
Missing character: There is no 变 ("53D8) in font nullfont!
Missing character: There is no 业 ("4E1A) in font nullfont!
Missing character: There is no 务 ("52A1) in font nullfont!
Missing character: There is no 场 ("573A) in font nullfont!
Missing character: There is no 景 ("666F) in font nullfont!
Missing character: There is no 下 ("4E0B) in font nullfont!
Missing character: There is no 的 ("7684) in font nullfont!
Missing character: There is no 性 ("6027) in font nullfont!
Missing character: There is no 能 ("80FD) in font nullfont!
Missing character: There is no 局 ("5C40) in font nullfont!
Missing character: There is no 限 ("9650) in font nullfont!
Missing character: There is no 性 ("6027) in font nullfont!
Missing character: There is no 。 ("3002) in font nullfont!
Missing character: There is no 首 ("9996) in font nullfont!
Missing character: There is no 先 ("5148) in font nullfont!
Missing character: There is no ， ("FF0C) in font nullfont!
Missing character: There is no 我 ("6211) in font nullfont!
Missing character: There is no 们 ("4EEC) in font nullfont!
Missing character: There is no 设 ("8BBE) in font nullfont!
Missing character: There is no 计 ("8BA1) in font nullfont!
Missing character: There is no 了 ("4E86) in font nullfont!
Missing character: There is no 一 ("4E00) in font nullfont!
Missing character: There is no 个 ("4E2A) in font nullfont!
Missing character: There is no 统 ("7EDF) in font nullfont!
Missing character: There is no 一 ("4E00) in font nullfont!
Missing character: There is no 的 ("7684) in font nullfont!
Missing character: There is no 接 ("63A5) in font nullfont!
Missing character: There is no 入 ("5165) in font nullfont!
Missing character: There is no 框 ("6846) in font nullfont!
Missing character: There is no 架 ("67B6) in font nullfont!
Missing character: There is no ， ("FF0C) in font nullfont!
Missing character: There is no 通 ("901A) in font nullfont!
Missing character: There is no 过 ("8FC7) in font nullfont!
Missing character: There is no 标 ("6807) in font nullfont!
Missing character: There is no 准 ("51C6) in font nullfont!
Missing character: There is no 化 ("5316) in font nullfont!
Missing character: There is no 的 ("7684) in font nullfont!
Missing character: There is no 输 ("8F93) in font nullfont!
Missing character: There is no 入 ("5165) in font nullfont!
Missing character: There is no 特 ("7279) in font nullfont!
Missing character: There is no 征 ("5F81) in font nullfont!
Missing character: There is no 向 ("5411) in font nullfont!
Missing character: There is no 量 ("91CF) in font nullfont!
Missing character: There is no ， ("FF0C) in font nullfont!
Missing character: There is no 对 ("5BF9) in font nullfont!
Missing character: There is no 不 ("4E0D) in font nullfont!
Missing character: There is no 同 ("540C) in font nullfont!
Missing character: There is no 的 ("7684) in font nullfont!
Missing character: There is no 业 ("4E1A) in font nullfont!
Missing character: There is no 务 ("52A1) in font nullfont!
Missing character: There is no 流 ("6D41) in font nullfont!
Missing character: There is no 量 ("91CF) in font nullfont!
Missing character: There is no 、 ("3001) in font nullfont!
Missing character: There is no 网 ("7F51) in font nullfont!
Missing character: There is no 络 ("7EDC) in font nullfont!
Missing character: There is no 规 ("89C4) in font nullfont!
Missing character: There is no 模 ("6A21) in font nullfont!
Missing character: There is no 和 ("548C) in font nullfont!
Missing character: There is no 协 ("534F) in font nullfont!
Missing character: There is no 议 ("8BAE) in font nullfont!
Missing character: There is no 参 ("53C2) in font nullfont!
Missing character: There is no 数 ("6570) in font nullfont!
Missing character: There is no 进 ("8FDB) in font nullfont!
Missing character: There is no 行 ("884C) in font nullfont!
Missing character: There is no 统 ("7EDF) in font nullfont!
Missing character: There is no 一 ("4E00) in font nullfont!
Missing character: There is no 建 ("5EFA) in font nullfont!
Missing character: There is no 模 ("6A21) in font nullfont!
Missing character: There is no 。 ("3002) in font nullfont!
Missing character: There is no 随 ("968F) in font nullfont!
Missing character: There is no 后 ("540E) in font nullfont!
Missing character: There is no ， ("FF0C) in font nullfont!
Missing character: There is no 为 ("4E3A) in font nullfont!
Missing character: There is no 克 ("514B) in font nullfont!
Missing character: There is no 服 ("670D) in font nullfont!
Missing character: There is no 传 ("4F20) in font nullfont!
Missing character: There is no 统 ("7EDF) in font nullfont!
Missing character: There is no 网 ("7F51) in font nullfont!
Missing character: There is no 络 ("7EDC) in font nullfont!
Missing character: There is no 仿 ("4EFF) in font nullfont!
Missing character: There is no 真 ("771F) in font nullfont!
Missing character: There is no 的 ("7684) in font nullfont!
Missing character: There is no 高 ("9AD8) in font nullfont!
Missing character: There is no 时 ("65F6) in font nullfont!
Missing character: There is no 间 ("95F4) in font nullfont!
Missing character: There is no 成 ("6210) in font nullfont!
Missing character: There is no 本 ("672C) in font nullfont!
Missing character: There is no ， ("FF0C) in font nullfont!
Missing character: There is no 我 ("6211) in font nullfont!
Missing character: There is no 们 ("4EEC) in font nullfont!
Missing character: There is no 引 ("5F15) in font nullfont!
Missing character: There is no 入 ("5165) in font nullfont!
Missing character: There is no 了 ("4E86) in font nullfont!
Missing character: There is no A ("41) in font nullfont!
Missing character: There is no I ("49) in font nullfont!
Missing character: There is no 代 ("4EE3) in font nullfont!
Missing character: There is no 理 ("7406) in font nullfont!
Missing character: There is no 模 ("6A21) in font nullfont!
Missing character: There is no 型 ("578B) in font nullfont!
Missing character: There is no 的 ("7684) in font nullfont!
Missing character: There is no 思 ("601D) in font nullfont!
Missing character: There is no 想 ("60F3) in font nullfont!
Missing character: There is no ， ("FF0C) in font nullfont!
Missing character: There is no 利 ("5229) in font nullfont!
Missing character: There is no 用 ("7528) in font nullfont!
Missing character: There is no 多 ("591A) in font nullfont!
Missing character: There is no 任 ("4EFB) in font nullfont!
Missing character: There is no 务 ("52A1) in font nullfont!
Missing character: There is no 深 ("6DF1) in font nullfont!
Missing character: There is no 度 ("5EA6) in font nullfont!
Missing character: There is no 神 ("795E) in font nullfont!
Missing character: There is no 经 ("7ECF) in font nullfont!
Missing character: There is no 网 ("7F51) in font nullfont!
Missing character: There is no 络 ("7EDC) in font nullfont!
Missing character: There is no 学 ("5B66) in font nullfont!
Missing character: There is no 习 ("4E60) in font nullfont!
Missing character: There is no 并 ("5E76) in font nullfont!
Missing character: There is no 复 ("590D) in font nullfont!
Missing character: There is no 现 ("73B0) in font nullfont!
Missing character: There is no 了 ("4E86) in font nullfont!
Missing character: There is no 从 ("4ECE) in font nullfont!
Missing character: There is no 输 ("8F93) in font nullfont!
Missing character: There is no 入 ("5165) in font nullfont!
Missing character: There is no 特 ("7279) in font nullfont!
Missing character: There is no 征 ("5F81) in font nullfont!
Missing character: There is no 到 ("5230) in font nullfont!
Missing character: There is no 多 ("591A) in font nullfont!
Missing character: There is no 维 ("7EF4) in font nullfont!
Missing character: There is no 性 ("6027) in font nullfont!
Missing character: There is no 能 ("80FD) in font nullfont!
Missing character: There is no 指 ("6307) in font nullfont!
Missing character: There is no 标 ("6807) in font nullfont!
Missing character: There is no 的 ("7684) in font nullfont!
Missing character: There is no 复 ("590D) in font nullfont!
Missing character: There is no 杂 ("6742) in font nullfont!
Missing character: There is no 映 ("6620) in font nullfont!
Missing character: There is no 射 ("5C04) in font nullfont!
Missing character: There is no 关 ("5173) in font nullfont!
Missing character: There is no 系 ("7CFB) in font nullfont!
Missing character: There is no 。 ("3002) in font nullfont!
Missing character: There is no 最 ("6700) in font nullfont!
Missing character: There is no 后 ("540E) in font nullfont!
Missing character: There is no ， ("FF0C) in font nullfont!
Missing character: There is no 基 ("57FA) in font nullfont!
Missing character: There is no 于 ("4E8E) in font nullfont!
Missing character: There is no 训 ("8BAD) in font nullfont!
Missing character: There is no 练 ("7EC3) in font nullfont!
Missing character: There is no 好 ("597D) in font nullfont!
Missing character: There is no 的 ("7684) in font nullfont!
Missing character: There is no 、 ("3001) in font nullfont!
Missing character: There is no 能 ("80FD) in font nullfont!
Missing character: There is no 够 ("591F) in font nullfont!
Missing character: There is no 进 ("8FDB) in font nullfont!
Missing character: There is no 行 ("884C) in font nullfont!
Missing character: There is no 毫 ("6BEB) in font nullfont!
Missing character: There is no 秒 ("79D2) in font nullfont!
Missing character: There is no 级 ("7EA7) in font nullfont!
Missing character: There is no 预 ("9884) in font nullfont!
Missing character: There is no 测 ("6D4B) in font nullfont!
Missing character: There is no 的 ("7684) in font nullfont!
Missing character: There is no 代 ("4EE3) in font nullfont!
Missing character: There is no 理 ("7406) in font nullfont!
Missing character: There is no 模 ("6A21) in font nullfont!
Missing character: There is no 型 ("578B) in font nullfont!
Missing character: There is no ， ("FF0C) in font nullfont!
Missing character: There is no 将 ("5C06) in font nullfont!
Missing character: There is no 原 ("539F) in font nullfont!
Missing character: There is no 先 ("5148) in font nullfont!
Missing character: There is no 难 ("96BE) in font nullfont!
Missing character: There is no 以 ("4EE5) in font nullfont!
Missing character: There is no 处 ("5904) in font nullfont!
Missing character: There is no 理 ("7406) in font nullfont!
Missing character: There is no 的 ("7684) in font nullfont!
Missing character: There is no 协 ("534F) in font nullfont!
Missing character: There is no 议 ("8BAE) in font nullfont!
Missing character: There is no 优 ("4F18) in font nullfont!
Missing character: There is no 化 ("5316) in font nullfont!
Missing character: There is no 问 ("95EE) in font nullfont!
Missing character: There is no 题 ("9898) in font nullfont!
Missing character: There is no ， ("FF0C) in font nullfont!
Missing character: There is no 转 ("8F6C) in font nullfont!
Missing character: There is no 化 ("5316) in font nullfont!
Missing character: There is no 为 ("4E3A) in font nullfont!
Missing character: There is no 一 ("4E00) in font nullfont!
Missing character: There is no 个 ("4E2A) in font nullfont!
Missing character: There is no 可 ("53EF) in font nullfont!
Missing character: There is no 由 ("7531) in font nullfont!
Missing character: There is no 高 ("9AD8) in font nullfont!
Missing character: There is no 效 ("6548) in font nullfont!
Missing character: There is no 搜 ("641C) in font nullfont!
Missing character: There is no 索 ("7D22) in font nullfont!
Missing character: There is no 算 ("7B97) in font nullfont!
Missing character: There is no 法 ("6CD5) in font nullfont!
Missing character: There is no 求 ("6C42) in font nullfont!
Missing character: There is no 解 ("89E3) in font nullfont!
Missing character: There is no 的 ("7684) in font nullfont!
Missing character: There is no 数 ("6570) in font nullfont!
Missing character: There is no 学 ("5B66) in font nullfont!
Missing character: There is no 问 ("95EE) in font nullfont!
Missing character: There is no 题 ("9898) in font nullfont!
Missing character: There is no 。 ("3002) in font nullfont!

Overfull \hbox (20.0pt too wide) in paragraph at lines 196--197
[] 
 []

Missing character: There is no 综 ("7EFC) in font nullfont!
Missing character: There is no 上 ("4E0A) in font nullfont!
Missing character: There is no 所 ("6240) in font nullfont!
Missing character: There is no 述 ("8FF0) in font nullfont!
Missing character: There is no ， ("FF0C) in font nullfont!
Missing character: There is no 本 ("672C) in font nullfont!
Missing character: There is no 章 ("7AE0) in font nullfont!
Missing character: There is no 通 ("901A) in font nullfont!
Missing character: There is no 过 ("8FC7) in font nullfont!
Missing character: There is no “ ("201C) in font nullfont!
Missing character: There is no 统 ("7EDF) in font nullfont!
Missing character: There is no 一 ("4E00) in font nullfont!
Missing character: There is no 框 ("6846) in font nullfont!
Missing character: There is no 架 ("67B6) in font nullfont!
Missing character: There is no 设 ("8BBE) in font nullfont!
Missing character: There is no 计 ("8BA1) in font nullfont!
Missing character: There is no - ("2D) in font nullfont!
Missing character: There is no 代 ("4EE3) in font nullfont!
Missing character: There is no 理 ("7406) in font nullfont!
Missing character: There is no 模 ("6A21) in font nullfont!
Missing character: There is no 型 ("578B) in font nullfont!
Missing character: There is no 构 ("6784) in font nullfont!
Missing character: There is no 建 ("5EFA) in font nullfont!
Missing character: There is no - ("2D) in font nullfont!
Missing character: There is no 快 ("5FEB) in font nullfont!
Missing character: There is no 速 ("901F) in font nullfont!
Missing character: There is no 优 ("4F18) in font nullfont!
Missing character: There is no 化 ("5316) in font nullfont!
Missing character: There is no 求 ("6C42) in font nullfont!
Missing character: There is no 解 ("89E3) in font nullfont!
Missing character: There is no ” ("201D) in font nullfont!
Missing character: There is no 三 ("4E09) in font nullfont!
Missing character: There is no 步 ("6B65) in font nullfont!
Missing character: There is no ， ("FF0C) in font nullfont!
Missing character: There is no 为 ("4E3A) in font nullfont!
Missing character: There is no 实 ("5B9E) in font nullfont!
Missing character: There is no 现 ("73B0) in font nullfont!
Missing character: There is no 随 ("968F) in font nullfont!
Missing character: There is no 机 ("673A) in font nullfont!
Missing character: There is no 接 ("63A5) in font nullfont!
Missing character: There is no 入 ("5165) in font nullfont!
Missing character: There is no 机 ("673A) in font nullfont!
Missing character: There is no 制 ("5236) in font nullfont!
Missing character: There is no 的 ("7684) in font nullfont!
Missing character: There is no 智 ("667A) in font nullfont!
Missing character: There is no 能 ("80FD) in font nullfont!
Missing character: There is no 化 ("5316) in font nullfont!
Missing character: There is no 和 ("548C) in font nullfont!
Missing character: There is no 自 ("81EA) in font nullfont!
Missing character: There is no 适 ("9002) in font nullfont!
Missing character: There is no 应 ("5E94) in font nullfont!
Missing character: There is no 化 ("5316) in font nullfont!
Missing character: There is no 提 ("63D0) in font nullfont!
Missing character: There is no 供 ("4F9B) in font nullfont!
Missing character: There is no 了 ("4E86) in font nullfont!
Missing character: There is no 完 ("5B8C) in font nullfont!
Missing character: There is no 整 ("6574) in font nullfont!
Missing character: There is no 的 ("7684) in font nullfont!
Missing character: There is no 理 ("7406) in font nullfont!
Missing character: There is no 论 ("8BBA) in font nullfont!
Missing character: There is no 与 ("4E0E) in font nullfont!
Missing character: There is no 实 ("5B9E) in font nullfont!
Missing character: There is no 践 ("8DF5) in font nullfont!
Missing character: There is no 基 ("57FA) in font nullfont!
Missing character: There is no 础 ("7840) in font nullfont!
Missing character: There is no 。 ("3002) in font nullfont!

Overfull \hbox (20.0pt too wide) in paragraph at lines 198--199
[] 
 []

! Undefined control sequence.
l.201 \subsection
                 {ON--OFF 型突发流量模型（生成与统计量）}
The control sequence at the end of the top line
of your error message was never \def'ed. If you have
misspelled it (e.g., `\hobx'), type `I' and the correct
spelling (e.g., `I\hbox'). Otherwise just continue,
and I'll forget about whatever was undefined.

Missing character: There is no O ("4F) in font nullfont!
Missing character: There is no N ("4E) in font nullfont!
Missing character: There is no - ("2D) in font nullfont!
Missing character: There is no - ("2D) in font nullfont!
Missing character: There is no O ("4F) in font nullfont!
Missing character: There is no F ("46) in font nullfont!
Missing character: There is no F ("46) in font nullfont!
Missing character: There is no 型 ("578B) in font nullfont!
Missing character: There is no 突 ("7A81) in font nullfont!
Missing character: There is no 发 ("53D1) in font nullfont!
Missing character: There is no 流 ("6D41) in font nullfont!
Missing character: There is no 量 ("91CF) in font nullfont!
Missing character: There is no 模 ("6A21) in font nullfont!
Missing character: There is no 型 ("578B) in font nullfont!
Missing character: There is no （ ("FF08) in font nullfont!
Missing character: There is no 生 ("751F) in font nullfont!
Missing character: There is no 成 ("6210) in font nullfont!
Missing character: There is no 与 ("4E0E) in font nullfont!
Missing character: There is no 统 ("7EDF) in font nullfont!
Missing character: There is no 计 ("8BA1) in font nullfont!
Missing character: There is no 量 ("91CF) in font nullfont!
Missing character: There is no ） ("FF09) in font nullfont!

Overfull \hbox (20.0pt too wide) in paragraph at lines 201--202
[]
 []

Missing character: There is no 我 ("6211) in font nullfont!
Missing character: There is no 们 ("4EEC) in font nullfont!
Missing character: There is no 采 ("91C7) in font nullfont!
Missing character: There is no 用 ("7528) in font nullfont!
Missing character: There is no 一 ("4E00) in font nullfont!
Missing character: There is no 个 ("4E2A) in font nullfont!
Missing character: There is no 离 ("79BB) in font nullfont!
Missing character: There is no 散 ("6563) in font nullfont!
Missing character: There is no 时 ("65F6) in font nullfont!
Missing character: There is no 隙 ("9699) in font nullfont!
Missing character: There is no 的 ("7684) in font nullfont!
Missing character: There is no 两 ("4E24) in font nullfont!
Missing character: There is no 态 ("6001) in font nullfont!
Missing character: There is no （ ("FF08) in font nullfont!
Missing character: There is no O ("4F) in font nullfont!
Missing character: There is no N ("4E) in font nullfont!
Missing character: There is no ／ ("FF0F) in font nullfont!
Missing character: There is no O ("4F) in font nullfont!
Missing character: There is no F ("46) in font nullfont!
Missing character: There is no F ("46) in font nullfont!
Missing character: There is no ） ("FF09) in font nullfont!
Missing character: There is no 马 ("9A6C) in font nullfont!
Missing character: There is no 尔 ("5C14) in font nullfont!
Missing character: There is no 可 ("53EF) in font nullfont!
Missing character: There is no 夫 ("592B) in font nullfont!
Missing character: There is no 模 ("6A21) in font nullfont!
Missing character: There is no 型 ("578B) in font nullfont!
Missing character: There is no 来 ("6765) in font nullfont!
Missing character: There is no 刻 ("523B) in font nullfont!
Missing character: There is no 画 ("753B) in font nullfont!
Missing character: There is no 突 ("7A81) in font nullfont!
Missing character: There is no 发 ("53D1) in font nullfont!
Missing character: There is no （ ("FF08) in font nullfont!
Missing character: There is no b ("62) in font nullfont!
Missing character: There is no u ("75) in font nullfont!
Missing character: There is no r ("72) in font nullfont!
Missing character: There is no s ("73) in font nullfont!
Missing character: There is no t ("74) in font nullfont!
Missing character: There is no y ("79) in font nullfont!
Missing character: There is no ） ("FF09) in font nullfont!
Missing character: There is no 到 ("5230) in font nullfont!
Missing character: There is no 达 ("8FBE) in font nullfont!
Missing character: There is no 过 ("8FC7) in font nullfont!
Missing character: There is no 程 ("7A0B) in font nullfont!
Missing character: There is no 。 ("3002) in font nullfont!
Missing character: There is no 记 ("8BB0) in font nullfont!
Missing character: There is no 状 ("72B6) in font nullfont!
Missing character: There is no 态 ("6001) in font nullfont!
Missing character: There is no 序 ("5E8F) in font nullfont!
Missing character: There is no 列 ("5217) in font nullfont!
Missing character: There is no 为 ("4E3A) in font nullfont!
Missing character: There is no ， ("FF0C) in font nullfont!
Missing character: There is no 其 ("5176) in font nullfont!
Missing character: There is no 中 ("4E2D) in font nullfont!
Missing character: There is no 表 ("8868) in font nullfont!
Missing character: There is no 示 ("793A) in font nullfont!
Missing character: There is no 处 ("5904) in font nullfont!
Missing character: There is no 于 ("4E8E) in font nullfont!
Missing character: There is no 突 ("7A81) in font nullfont!
Missing character: There is no 发 ("53D1) in font nullfont!
Missing character: There is no （ ("FF08) in font nullfont!
Missing character: There is no O ("4F) in font nullfont!
Missing character: There is no N ("4E) in font nullfont!
Missing character: There is no ） ("FF09) in font nullfont!
Missing character: There is no 相 ("76F8) in font nullfont!
Missing character: There is no 位 ("4F4D) in font nullfont!
Missing character: There is no ， ("FF0C) in font nullfont!
Missing character: There is no 表 ("8868) in font nullfont!
Missing character: There is no 示 ("793A) in font nullfont!
Missing character: There is no 处 ("5904) in font nullfont!
Missing character: There is no 于 ("4E8E) in font nullfont!
Missing character: There is no 平 ("5E73) in font nullfont!
Missing character: There is no 稳 ("7A33) in font nullfont!
Missing character: There is no / ("2F) in font nullfont!
Missing character: There is no 空 ("7A7A) in font nullfont!
Missing character: There is no 闲 ("95F2) in font nullfont!
Missing character: There is no （ ("FF08) in font nullfont!
Missing character: There is no O ("4F) in font nullfont!
Missing character: There is no F ("46) in font nullfont!
Missing character: There is no F ("46) in font nullfont!
Missing character: There is no ） ("FF09) in font nullfont!
Missing character: There is no 相 ("76F8) in font nullfont!
Missing character: There is no 位 ("4F4D) in font nullfont!
Missing character: There is no 。 ("3002) in font nullfont!
Missing character: There is no 条 ("6761) in font nullfont!
Missing character: There is no 件 ("4EF6) in font nullfont!
Missing character: There is no 于 ("4E8E) in font nullfont!
Missing character: There is no 状 ("72B6) in font nullfont!
Missing character: There is no 态 ("6001) in font nullfont!
Missing character: There is no ， ("FF0C) in font nullfont!
Missing character: There is no 第 ("7B2C) in font nullfont!
Missing character: There is no 时 ("65F6) in font nullfont!
Missing character: There is no 隙 ("9699) in font nullfont!
Missing character: There is no 的 ("7684) in font nullfont!
Missing character: There is no 到 ("5230) in font nullfont!
Missing character: There is no 达 ("8FBE) in font nullfont!
Missing character: There is no 计 ("8BA1) in font nullfont!
Missing character: There is no 数 ("6570) in font nullfont!
Missing character: There is no （ ("FF08) in font nullfont!
Missing character: There is no 或 ("6216) in font nullfont!
Missing character: There is no 是 ("662F) in font nullfont!
Missing character: There is no 否 ("5426) in font nullfont!
Missing character: There is no 到 ("5230) in font nullfont!
Missing character: There is no 达 ("8FBE) in font nullfont!
Missing character: There is no ） ("FF09) in font nullfont!
Missing character: There is no 记 ("8BB0) in font nullfont!
Missing character: There is no 为 ("4E3A) in font nullfont!
Missing character: There is no 。 ("3002) in font nullfont!
Missing character: There is no 模 ("6A21) in font nullfont!
Missing character: There is no 型 ("578B) in font nullfont!
Missing character: There is no 参 ("53C2) in font nullfont!
Missing character: There is no 数 ("6570) in font nullfont!
Missing character: There is no 与 ("4E0E) in font nullfont!
Missing character: There is no 定 ("5B9A) in font nullfont!
Missing character: There is no 义 ("4E49) in font nullfont!
Missing character: There is no 如 ("5982) in font nullfont!
Missing character: There is no 下 ("4E0B) in font nullfont!
Missing character: There is no ： ("FF1A) in font nullfont!

Overfull \hbox (20.0pt too wide) in paragraph at lines 203--204
[]
 []


Overfull \hbox (19.09718pt too wide) in paragraph at lines 203--204
\OML/cmm/m/it/10 S[] \OMS/cmsy/m/n/10 2
 []


Overfull \hbox (24.44447pt too wide) in paragraph at lines 203--204
\OMS/cmsy/m/n/10 f\OT1/cmr/m/n/10 0\OML/cmm/m/it/10 ; \OT1/cmr/m/n/10 1\OMS/cms
y/m/n/10 g$
 []


Overfull \hbox (20.2083pt too wide) in paragraph at lines 203--204
\OML/cmm/m/it/10 S[] \OT1/cmr/m/n/10 =
 []


Overfull \hbox (5.00002pt too wide) in paragraph at lines 203--204
\OT1/cmr/m/n/10 1$
 []


Overfull \hbox (20.2083pt too wide) in paragraph at lines 203--204
\OML/cmm/m/it/10 S[] \OT1/cmr/m/n/10 =
 []


Overfull \hbox (5.00002pt too wide) in paragraph at lines 203--204
\OT1/cmr/m/n/10 0$
 []


Overfull \hbox (9.65279pt too wide) in paragraph at lines 203--204
\OML/cmm/m/it/10 S[]$
 []


Overfull \hbox (3.61111pt too wide) in paragraph at lines 203--204
\OML/cmm/m/it/10 t$
 []


Overfull \hbox (11.80557pt too wide) in paragraph at lines 203--204
\OML/cmm/m/it/10 X[]$ 
 []

Missing character: There is no 在 ("5728) in font nullfont!
Missing character: There is no O ("4F) in font nullfont!
Missing character: There is no N ("4E) in font nullfont!
Missing character: There is no 相 ("76F8) in font nullfont!
Missing character: There is no 位 ("4F4D) in font nullfont!
Missing character: There is no 每 ("6BCF) in font nullfont!
Missing character: There is no 时 ("65F6) in font nullfont!
Missing character: There is no 隙 ("9699) in font nullfont!
Missing character: There is no 的 ("7684) in font nullfont!
Missing character: There is no 到 ("5230) in font nullfont!
Missing character: There is no 达 ("8FBE) in font nullfont!
Missing character: There is no 率 ("7387) in font nullfont!
Missing character: There is no （ ("FF08) in font nullfont!
Missing character: There is no 或 ("6216) in font nullfont!
Missing character: There is no 到 ("5230) in font nullfont!
Missing character: There is no 达 ("8FBE) in font nullfont!
Missing character: There is no 概 ("6982) in font nullfont!
Missing character: There is no 率 ("7387) in font nullfont!
Missing character: There is no ） ("FF09) in font nullfont!
Missing character: There is no 为 ("4E3A) in font nullfont!
Missing character: There is no （ ("FF08) in font nullfont!
Missing character: There is no 常 ("5E38) in font nullfont!
Missing character: There is no 取 ("53D6) in font nullfont!
Missing character: There is no 对 ("5BF9) in font nullfont!
Missing character: There is no 于 ("4E8E) in font nullfont!
Missing character: There is no 每 ("6BCF) in font nullfont!
Missing character: There is no 时 ("65F6) in font nullfont!
Missing character: There is no 隙 ("9699) in font nullfont!
Missing character: There is no 必 ("5FC5) in font nullfont!
Missing character: There is no 到 ("5230) in font nullfont!
Missing character: There is no 达 ("8FBE) in font nullfont!
Missing character: There is no 的 ("7684) in font nullfont!
Missing character: There is no 情 ("60C5) in font nullfont!
Missing character: There is no 形 ("5F62) in font nullfont!
Missing character: There is no ） ("FF09) in font nullfont!
Missing character: There is no ； ("FF1B) in font nullfont!
Missing character: There is no 在 ("5728) in font nullfont!
Missing character: There is no O ("4F) in font nullfont!
Missing character: There is no F ("46) in font nullfont!
Missing character: There is no F ("46) in font nullfont!
Missing character: There is no 相 ("76F8) in font nullfont!
Missing character: There is no 位 ("4F4D) in font nullfont!
Missing character: There is no 为 ("4E3A) in font nullfont!
Missing character: There is no ， ("FF0C) in font nullfont!
Missing character: There is no 且 ("4E14) in font nullfont!
Missing character: There is no 。 ("3002) in font nullfont!

Overfull \hbox (10.31949pt too wide) in paragraph at lines 205--206
\OML/cmm/m/it/10 ^^U[]$
 []


Overfull \hbox (20.875pt too wide) in paragraph at lines 205--206
\OML/cmm/m/it/10 ^^U[] \OT1/cmr/m/n/10 =
 []


Overfull \hbox (5.00002pt too wide) in paragraph at lines 205--206
\OT1/cmr/m/n/10 1$
 []


Overfull \hbox (10.31949pt too wide) in paragraph at lines 205--206
\OML/cmm/m/it/10 ^^U[]$
 []


Overfull \hbox (15.55553pt too wide) in paragraph at lines 205--206
\OT1/cmr/m/n/10 0 \OMS/cmsy/m/n/10 ^^T
 []


Overfull \hbox (20.875pt too wide) in paragraph at lines 205--206
\OML/cmm/m/it/10 ^^U[] <
 []


Overfull \hbox (10.31949pt too wide) in paragraph at lines 205--206
\OML/cmm/m/it/10 ^^U[]$ 
 []

Missing character: There is no O ("4F) in font nullfont!
Missing character: There is no N ("4E) in font nullfont!
Missing character: There is no 相 ("76F8) in font nullfont!
Missing character: There is no 位 ("4F4D) in font nullfont!
Missing character: There is no 持 ("6301) in font nullfont!
Missing character: There is no 续 ("7EED) in font nullfont!
Missing character: There is no 时 ("65F6) in font nullfont!
Missing character: There is no 间 ("95F4) in font nullfont!
Missing character: There is no 服 ("670D) in font nullfont!
Missing character: There is no 从 ("4ECE) in font nullfont!
Missing character: There is no 参 ("53C2) in font nullfont!
Missing character: There is no 数 ("6570) in font nullfont!
Missing character: There is no 为 ("4E3A) in font nullfont!
Missing character: There is no 的 ("7684) in font nullfont!
Missing character: There is no 几 ("51E0) in font nullfont!
Missing character: There is no 何 ("4F55) in font nullfont!
Missing character: There is no 分 ("5206) in font nullfont!
Missing character: There is no 布 ("5E03) in font nullfont!
Missing character: There is no （ ("FF08) in font nullfont!
Missing character: There is no 即 ("5373) in font nullfont!
Missing character: There is no 每 ("6BCF) in font nullfont!
Missing character: There is no 时 ("65F6) in font nullfont!
Missing character: There is no 隙 ("9699) in font nullfont!
Missing character: There is no 从 ("4ECE) in font nullfont!
Missing character: There is no O ("4F) in font nullfont!
Missing character: There is no N ("4E) in font nullfont!
Missing character: There is no 转 ("8F6C) in font nullfont!
Missing character: There is no 为 ("4E3A) in font nullfont!
Missing character: There is no O ("4F) in font nullfont!
Missing character: There is no F ("46) in font nullfont!
Missing character: There is no F ("46) in font nullfont!
Missing character: There is no 的 ("7684) in font nullfont!
Missing character: There is no 概 ("6982) in font nullfont!
Missing character: There is no 率 ("7387) in font nullfont!
Missing character: There is no 为 ("4E3A) in font nullfont!
Missing character: There is no ， ("FF0C) in font nullfont!
Missing character: There is no 因 ("56E0) in font nullfont!
Missing character: There is no 此 ("6B64) in font nullfont!
! Undefined control sequence.
<recently read> \E 
                   
l.206 ...分布（即每时隙从 ON 转为 OFF 的概率为 $\sigma_1$，因此 $\E
                                                  [L_{\mathrm{on}}]=1/\sigma...
The control sequence at the end of the top line
of your error message was never \def'ed. If you have
misspelled it (e.g., `\hobx'), type `I' and the correct
spelling (e.g., `I\hbox'). Otherwise just continue,
and I'll forget about whatever was undefined.

Missing character: There is no ） ("FF09) in font nullfont!
Missing character: There is no ； ("FF1B) in font nullfont!
Missing character: There is no O ("4F) in font nullfont!
Missing character: There is no F ("46) in font nullfont!
Missing character: There is no F ("46) in font nullfont!
Missing character: There is no 相 ("76F8) in font nullfont!
Missing character: There is no 位 ("4F4D) in font nullfont!
Missing character: There is no 类 ("7C7B) in font nullfont!
Missing character: There is no 似 ("4F3C) in font nullfont!
Missing character: There is no ， ("FF0C) in font nullfont!
Missing character: There is no 转 ("8F6C) in font nullfont!
Missing character: There is no 入 ("5165) in font nullfont!
Missing character: There is no O ("4F) in font nullfont!
Missing character: There is no N ("4E) in font nullfont!
Missing character: There is no 的 ("7684) in font nullfont!
Missing character: There is no 概 ("6982) in font nullfont!
Missing character: There is no 率 ("7387) in font nullfont!
Missing character: There is no 为 ("4E3A) in font nullfont!
Missing character: There is no ， ("FF0C) in font nullfont!
! Undefined control sequence.
<recently read> \E 
                   
l.206 ...ma_1$）；OFF 相位类似，转入 ON 的概率为 $\sigma_0$，$\E
                                                  [L_{\mathrm{off}}]=1/\sigm...
The control sequence at the end of the top line
of your error message was never \def'ed. If you have
misspelled it (e.g., `\hobx'), type `I' and the correct
spelling (e.g., `I\hbox'). Otherwise just continue,
and I'll forget about whatever was undefined.

Missing character: There is no 。 ("3002) in font nullfont!

Overfull \hbox (10.20026pt too wide) in paragraph at lines 206--207
\OML/cmm/m/it/10 ^^[[]$
 []


Overfull \hbox (10.20026pt too wide) in paragraph at lines 206--207
\OML/cmm/m/it/10 ^^[[]$
 []


Overfull \hbox (31.81947pt too wide) in paragraph at lines 206--207
\OT1/cmr/m/n/10 [\OML/cmm/m/it/10 L[]\OT1/cmr/m/n/10 ] =
 []


Overfull \hbox (20.20029pt too wide) in paragraph at lines 206--207
\OT1/cmr/m/n/10 1\OML/cmm/m/it/10 =^^[[]$
 []


Overfull \hbox (42.90515pt too wide) in paragraph at lines 206--207
\OML/cmm/m/it/10 ^^[[]$$\OT1/cmr/m/n/10 [\OML/cmm/m/it/10 L[]\OT1/cmr/m/n/10 ] 
=
 []


Overfull \hbox (20.20029pt too wide) in paragraph at lines 206--207
\OT1/cmr/m/n/10 1\OML/cmm/m/it/10 =^^[[]$ 
 []

Missing character: There is no 该 ("8BE5) in font nullfont!
Missing character: There is no 两 ("4E24) in font nullfont!
Missing character: There is no 态 ("6001) in font nullfont!
Missing character: There is no 链 ("94FE) in font nullfont!
Missing character: There is no 的 ("7684) in font nullfont!
Missing character: There is no 平 ("5E73) in font nullfont!
Missing character: There is no 稳 ("7A33) in font nullfont!
Missing character: There is no 分 ("5206) in font nullfont!
Missing character: There is no 布 ("5E03) in font nullfont!
Missing character: There is no 为 ("4E3A) in font nullfont!

Overfull \hbox (20.0pt too wide) in paragraph at lines 209--210
[] 
 []


Overfull \hbox (234.55894pt too wide) detected at line 213
\OML/cmm/m/it/10 ^^Y[] \OT1/cmr/m/n/10 = [](\OML/cmm/m/it/10 S[] \OT1/cmr/m/n/1
0 = 1) = []\OML/cmm/m/it/10 ;  ^^Y[] \OT1/cmr/m/n/10 = 1 \OMS/cmsy/m/n/10 ^^@ \
OML/cmm/m/it/10 ^^Y[] \OT1/cmr/m/n/10 = []\OML/cmm/m/it/10 :
 []

Missing character: There is no 由 ("7531) in font nullfont!
Missing character: There is no 条 ("6761) in font nullfont!
Missing character: There is no 件 ("4EF6) in font nullfont!
Missing character: There is no 独 ("72EC) in font nullfont!
Missing character: There is no 立 ("7ACB) in font nullfont!
Missing character: There is no 性 ("6027) in font nullfont!
Missing character: There is no 的 ("7684) in font nullfont!
Missing character: There is no 假 ("5047) in font nullfont!
Missing character: There is no 设 ("8BBE) in font nullfont!
Missing character: There is no （ ("FF08) in font nullfont!
Missing character: There is no 条 ("6761) in font nullfont!
Missing character: There is no 件 ("4EF6) in font nullfont!
Missing character: There is no 于 ("4E8E) in font nullfont!
Missing character: There is no ， ("FF0C) in font nullfont!
Missing character: There is no 时 ("65F6) in font nullfont!
Missing character: There is no 隙 ("9699) in font nullfont!
Missing character: There is no 到 ("5230) in font nullfont!
Missing character: There is no 达 ("8FBE) in font nullfont!
Missing character: There is no 相 ("76F8) in font nullfont!
Missing character: There is no 互 ("4E92) in font nullfont!
Missing character: There is no 独 ("72EC) in font nullfont!
Missing character: There is no 立 ("7ACB) in font nullfont!
Missing character: There is no ） ("FF09) in font nullfont!
Missing character: There is no ， ("FF0C) in font nullfont!
Missing character: There is no 可 ("53EF) in font nullfont!
Missing character: There is no 得 ("5F97) in font nullfont!
Missing character: There is no 到 ("5230) in font nullfont!
Missing character: There is no 如 ("5982) in font nullfont!
Missing character: There is no 下 ("4E0B) in font nullfont!
Missing character: There is no 解 ("89E3) in font nullfont!
Missing character: There is no 析 ("6790) in font nullfont!
Missing character: There is no 量 ("91CF) in font nullfont!
Missing character: There is no ： ("FF1A) in font nullfont!

! LaTeX Error: Environment align undefined.

See the LaTeX manual or LaTeX Companion for explanation.
Type  H <return>  for immediate help.
 ...                                              
                                                  
l.216 \begin{align}
                   
Your command was ignored.
Type  I <command> <return>  to replace it with another command,
or  <return>  to continue without it.

! Undefined control sequence.
l.217 ^^I\text
              {平均到达率:}\qquad \bar A &= \E[X_t] \;=\; \pi_{\mathrm{on}}\lambd...
The control sequence at the end of the top line
of your error message was never \def'ed. If you have
misspelled it (e.g., `\hobx'), type `I' and the correct
spelling (e.g., `I\hbox'). Otherwise just continue,
and I'll forget about whatever was undefined.

Missing character: There is no 平 ("5E73) in font nullfont!
Missing character: There is no 均 ("5747) in font nullfont!
Missing character: There is no 到 ("5230) in font nullfont!
Missing character: There is no 达 ("8FBE) in font nullfont!
Missing character: There is no 率 ("7387) in font nullfont!
Missing character: There is no : ("3A) in font nullfont!
! Missing $ inserted.
<inserted text> 
                $
l.217 ^^I\text{平均到达率:}\qquad \bar
                                  A &= \E[X_t] \;=\; \pi_{\mathrm{on}}\lambd...
I've inserted a begin-math/end-math symbol since I think
you left one out. Proceed, with fingers crossed.

! Misplaced alignment tab character &.
l.217 ^^I\text{平均到达率:}\qquad \bar A &
                                     = \E[X_t] \;=\; \pi_{\mathrm{on}}\lambd...
I can't figure out why you would want to use a tab mark
here. If you just want an ampersand, the remedy is
simple: Just type `I\&' now. But if some right brace
up above has ended a previous alignment prematurely,
you're probably due for more error messages, and you
might try typing `S' now just to see what is salvageable.

! Undefined control sequence.
l.217 ^^I\text{平均到达率:}\qquad \bar A &= \E
                                         [X_t] \;=\; \pi_{\mathrm{on}}\lambd...
The control sequence at the end of the top line
of your error message was never \def'ed. If you have
misspelled it (e.g., `\hobx'), type `I' and the correct
spelling (e.g., `I\hbox'). Otherwise just continue,
and I'll forget about whatever was undefined.

! Undefined control sequence.
<recently read> \text 
                      
l.218 ^^I\text
              {状态方差:}\qquad \Var(S_t) &= \pi_{\mathrm{on}}(1-\pi_{\mathrm{on...
The control sequence at the end of the top line
of your error message was never \def'ed. If you have
misspelled it (e.g., `\hobx'), type `I' and the correct
spelling (e.g., `I\hbox'). Otherwise just continue,
and I'll forget about whatever was undefined.

! Undefined control sequence.
l.218 ^^I\text{状态方差:}\qquad \Var
                                (S_t) &= \pi_{\mathrm{on}}(1-\pi_{\mathrm{on...
The control sequence at the end of the top line
of your error message was never \def'ed. If you have
misspelled it (e.g., `\hobx'), type `I' and the correct
spelling (e.g., `I\hbox'). Otherwise just continue,
and I'll forget about whatever was undefined.

! Misplaced alignment tab character &.
l.218 ^^I\text{状态方差:}\qquad \Var(S_t) &
                                       = \pi_{\mathrm{on}}(1-\pi_{\mathrm{on...
I can't figure out why you would want to use a tab mark
here. If you just want an ampersand, the remedy is
simple: Just type `I\&' now. But if some right brace
up above has ended a previous alignment prematurely,
you're probably due for more error messages, and you
might try typing `S' now just to see what is salvageable.

! Undefined control sequence.
<recently read> \text 
                      
l.219 ^^I\text
              {状态自相关衰减因子:}\qquad \rho_{\mathrm{MC}} &= 1 - \sigma_0 - \sigma_1.
The control sequence at the end of the top line
of your error message was never \def'ed. If you have
misspelled it (e.g., `\hobx'), type `I' and the correct
spelling (e.g., `I\hbox'). Otherwise just continue,
and I'll forget about whatever was undefined.

! Misplaced alignment tab character &.
l.219 ...xt{状态自相关衰减因子:}\qquad \rho_{\mathrm{MC}} &
                                                  = 1 - \sigma_0 - \sigma_1.
I can't figure out why you would want to use a tab mark
here. If you just want an ampersand, the remedy is
simple: Just type `I\&' now. But if some right brace
up above has ended a previous alignment prematurely,
you're probably due for more error messages, and you
might try typing `S' now just to see what is salvageable.


! LaTeX Error: \begin{document} ended by \end{align}.

See the LaTeX manual or LaTeX Companion for explanation.
Type  H <return>  for immediate help.
 ...                                              
                                                  
l.220 \end{align}
                 
Your command was ignored.
Type  I <command> <return>  to replace it with another command,
or  <return>  to continue without it.

! Missing $ inserted.
<inserted text> 
                $
l.220 \end{align}
                 
I've inserted something that you may have forgotten.
(See the <inserted text> above.)
With luck, this will get me unwedged. But if you
really didn't forget anything, try typing `2' now; then
my insertion and my current dilemma will both disappear.

Missing character: There is no 状 ("72B6) in font cmr10!
Missing character: There is no 态 ("6001) in font cmr10!
Missing character: There is no 方 ("65B9) in font cmr10!
Missing character: There is no 差 ("5DEE) in font cmr10!
Missing character: There is no 状 ("72B6) in font cmr10!
Missing character: There is no 态 ("6001) in font cmr10!
Missing character: There is no 自 ("81EA) in font cmr10!
Missing character: There is no 相 ("76F8) in font cmr10!
Missing character: There is no 关 ("5173) in font cmr10!
Missing character: There is no 衰 ("8870) in font cmr10!
Missing character: There is no 减 ("51CF) in font cmr10!
Missing character: There is no 因 ("56E0) in font cmr10!
Missing character: There is no 子 ("5B50) in font cmr10!
Missing character: There is no 令 ("4EE4) in font nullfont!
Missing character: There is no ， ("FF0C) in font nullfont!
Missing character: There is no 则 ("5219) in font nullfont!
Missing character: There is no 到 ("5230) in font nullfont!
Missing character: There is no 达 ("8FBE) in font nullfont!
Missing character: There is no 过 ("8FC7) in font nullfont!
Missing character: There is no 程 ("7A0B) in font nullfont!
Missing character: There is no 的 ("7684) in font nullfont!
Missing character: There is no 自 ("81EA) in font nullfont!
Missing character: There is no 协 ("534F) in font nullfont!
Missing character: There is no 与 ("4E0E) in font nullfont!
Missing character: There is no 方 ("65B9) in font nullfont!
Missing character: There is no 差 ("5DEE) in font nullfont!
Missing character: There is no 为 ("4E3A) in font nullfont!

! LaTeX Error: Environment align undefined.

See the LaTeX manual or LaTeX Companion for explanation.
Type  H <return>  for immediate help.
 ...                                              
                                                  
l.222 \begin{align}
                   
Your command was ignored.
Type  I <command> <return>  to replace it with another command,
or  <return>  to continue without it.

! Undefined control sequence.
l.223 ^^I\Cov
             (X_t,X_{t+\tau}) &= \Delta^2\,\Cov(S_t,S_{t+\tau})
The control sequence at the end of the top line
of your error message was never \def'ed. If you have
misspelled it (e.g., `\hobx'), type `I' and the correct
spelling (e.g., `I\hbox'). Otherwise just continue,
and I'll forget about whatever was undefined.

Missing character: There is no ( ("28) in font nullfont!
Missing character: There is no X ("58) in font nullfont!
! Missing $ inserted.
<inserted text> 
                $
l.223 ^^I\Cov(X_
                t,X_{t+\tau}) &= \Delta^2\,\Cov(S_t,S_{t+\tau})
I've inserted a begin-math/end-math symbol since I think
you left one out. Proceed, with fingers crossed.

! Misplaced alignment tab character &.
l.223 ^^I\Cov(X_t,X_{t+\tau}) &
                               = \Delta^2\,\Cov(S_t,S_{t+\tau})
I can't figure out why you would want to use a tab mark
here. If you just want an ampersand, the remedy is
simple: Just type `I\&' now. But if some right brace
up above has ended a previous alignment prematurely,
you're probably due for more error messages, and you
might try typing `S' now just to see what is salvageable.

! Undefined control sequence.
l.223 ^^I\Cov(X_t,X_{t+\tau}) &= \Delta^2\,\Cov
                                               (S_t,S_{t+\tau})
The control sequence at the end of the top line
of your error message was never \def'ed. If you have
misspelled it (e.g., `\hobx'), type `I' and the correct
spelling (e.g., `I\hbox'). Otherwise just continue,
and I'll forget about whatever was undefined.

! Undefined control sequence.
l.224 ^^I= \Delta^2\,\Var
                         (S_t)\,\rho_{\mathrm{MC}}^{\tau},\qquad (\tau\ge 0),\\
The control sequence at the end of the top line
of your error message was never \def'ed. If you have
misspelled it (e.g., `\hobx'), type `I' and the correct
spelling (e.g., `I\hbox'). Otherwise just continue,
and I'll forget about whatever was undefined.

! Undefined control sequence.
<recently read> \Var 
                     
l.225 ^^I\Var
             (X_t) &= \Delta^2\Var(S_t) + \pi_{\mathrm{on}}\lambda_1(1-\lamb...
The control sequence at the end of the top line
of your error message was never \def'ed. If you have
misspelled it (e.g., `\hobx'), type `I' and the correct
spelling (e.g., `I\hbox'). Otherwise just continue,
and I'll forget about whatever was undefined.

! Misplaced alignment tab character &.
l.225 ^^I\Var(X_t) &
                    = \Delta^2\Var(S_t) + \pi_{\mathrm{on}}\lambda_1(1-\lamb...
I can't figure out why you would want to use a tab mark
here. If you just want an ampersand, the remedy is
simple: Just type `I\&' now. But if some right brace
up above has ended a previous alignment prematurely,
you're probably due for more error messages, and you
might try typing `S' now just to see what is salvageable.

! Undefined control sequence.
l.225 ^^I\Var(X_t) &= \Delta^2\Var
                                  (S_t) + \pi_{\mathrm{on}}\lambda_1(1-\lamb...
The control sequence at the end of the top line
of your error message was never \def'ed. If you have
misspelled it (e.g., `\hobx'), type `I' and the correct
spelling (e.g., `I\hbox'). Otherwise just continue,
and I'll forget about whatever was undefined.


! LaTeX Error: \begin{document} ended by \end{align}.

See the LaTeX manual or LaTeX Companion for explanation.
Type  H <return>  for immediate help.
 ...                                              
                                                  
l.226 \end{align}
                 
Your command was ignored.
Type  I <command> <return>  to replace it with another command,
or  <return>  to continue without it.

! Missing $ inserted.
<inserted text> 
                $
l.226 \end{align}
                 
I've inserted something that you may have forgotten.
(See the <inserted text> above.)
With luck, this will get me unwedged. But if you
really didn't forget anything, try typing `2' now; then
my insertion and my current dilemma will both disappear.

Missing character: There is no 其 ("5176) in font nullfont!
Missing character: There is no 中 ("4E2D) in font nullfont!
Missing character: There is no 方 ("65B9) in font nullfont!
Missing character: There is no 差 ("5DEE) in font nullfont!
Missing character: There is no 的 ("7684) in font nullfont!
Missing character: There is no 第 ("7B2C) in font nullfont!
Missing character: There is no 一 ("4E00) in font nullfont!
Missing character: There is no 项 ("9879) in font nullfont!
Missing character: There is no 由 ("7531) in font nullfont!
Missing character: There is no 状 ("72B6) in font nullfont!
Missing character: There is no 态 ("6001) in font nullfont!
Missing character: There is no 变 ("53D8) in font nullfont!
Missing character: There is no 动 ("52A8) in font nullfont!
Missing character: There is no 引 ("5F15) in font nullfont!
Missing character: There is no 起 ("8D77) in font nullfont!
Missing character: There is no （ ("FF08) in font nullfont!
Missing character: There is no 表 ("8868) in font nullfont!
Missing character: There is no 示 ("793A) in font nullfont!
Missing character: There is no 聚 ("805A) in font nullfont!
Missing character: There is no 集 ("96C6) in font nullfont!
Missing character: There is no / ("2F) in font nullfont!
Missing character: There is no 突 ("7A81) in font nullfont!
Missing character: There is no 发 ("53D1) in font nullfont!
Missing character: There is no ） ("FF09) in font nullfont!
Missing character: There is no ， ("FF0C) in font nullfont!
Missing character: There is no 后 ("540E) in font nullfont!
Missing character: There is no 两 ("4E24) in font nullfont!
Missing character: There is no 项 ("9879) in font nullfont!
Missing character: There is no 为 ("4E3A) in font nullfont!
Missing character: There is no 条 ("6761) in font nullfont!
Missing character: There is no 件 ("4EF6) in font nullfont!
Missing character: There is no 到 ("5230) in font nullfont!
Missing character: There is no 达 ("8FBE) in font nullfont!
Missing character: There is no 的 ("7684) in font nullfont!
Missing character: There is no 本 ("672C) in font nullfont!
Missing character: There is no 征 ("5F81) in font nullfont!
Missing character: There is no 波 ("6CE2) in font nullfont!
Missing character: There is no 动 ("52A8) in font nullfont!
Missing character: There is no （ ("FF08) in font nullfont!
Missing character: There is no 伯 ("4F2F) in font nullfont!
Missing character: There is no 努 ("52AA) in font nullfont!
Missing character: There is no 利 ("5229) in font nullfont!
Missing character: There is no 部 ("90E8) in font nullfont!
Missing character: There is no 分 ("5206) in font nullfont!
Missing character: There is no ） ("FF09) in font nullfont!
Missing character: There is no 。 ("3002) in font nullfont!

Overfull \hbox (20.0pt too wide) in paragraph at lines 215--228
[]
 []


Overfull \hbox (9.65279pt too wide) in paragraph at lines 215--228
\OML/cmm/m/it/10 S[]$
 []


Overfull \hbox (18.05553pt too wide) in paragraph at lines 215--228
[] \OT1/cmr/m/n/10 =
 []


Overfull \hbox (30.69437pt too wide) in paragraph at lines 215--228
\OT1/cmr/m/n/10 [\OML/cmm/m/it/10 X[]\OT1/cmr/m/n/10 ]  =
 []


Overfull \hbox (32.70038pt too wide) in paragraph at lines 215--228
\OML/cmm/m/it/10 ^^Y[]^^U[] \OT1/cmr/m/n/10 +
 []


Overfull \hbox (28.58578pt too wide) in paragraph at lines 215--228
\OML/cmm/m/it/10 ^^Y[]^^U[]:[] 
 []


Overfull \hbox (33.5416pt too wide) in paragraph at lines 215--228
[] \OT1/cmr/m/n/10 (\OML/cmm/m/it/10 S[]\OT1/cmr/m/n/10 ) =
 []


Overfull \hbox (31.2698pt too wide) in paragraph at lines 215--228
\OML/cmm/m/it/10 ^^Y[]\OT1/cmr/m/n/10 (1 \OMS/cmsy/m/n/10 ^^@
 []


Overfull \hbox (21.26978pt too wide) in paragraph at lines 215--228
\OML/cmm/m/it/10 ^^Y[]\OT1/cmr/m/n/10 )\OML/cmm/m/it/10 :[] 
 []


Overfull \hbox (34.684pt too wide) in paragraph at lines 215--228
[] \OML/cmm/m/it/10 ^^Z[] \OT1/cmr/m/n/10 =
 []


Overfull \hbox (12.77782pt too wide) in paragraph at lines 215--228
\OT1/cmr/m/n/10 1 \OMS/cmsy/m/n/10 ^^@
 []


Overfull \hbox (17.97806pt too wide) in paragraph at lines 215--228
\OML/cmm/m/it/10 ^^[[] \OMS/cmsy/m/n/10 ^^@
 []


Overfull \hbox (12.97804pt too wide) in paragraph at lines 215--228
\OML/cmm/m/it/10 ^^[[]:$
 []


Overfull \hbox (18.88887pt too wide) in paragraph at lines 215--228
\OT1/cmr/m/n/10 ^^A =
 []


Overfull \hbox (18.09729pt too wide) in paragraph at lines 215--228
\OML/cmm/m/it/10 ^^U[] \OMS/cmsy/m/n/10 ^^@
 []


Overfull \hbox (10.31949pt too wide) in paragraph at lines 215--228
\OML/cmm/m/it/10 ^^U[]$
 []


Overfull \hbox (44.85106pt too wide) in paragraph at lines 215--228
[]\OML/cmm/m/it/10 ; X[]\OT1/cmr/m/n/10 ) =
 []


Overfull \hbox (67.20523pt too wide) in paragraph at lines 215--228
\OT1/cmr/m/n/10 ^^A[] (\OML/cmm/m/it/10 S[]; S[]\OT1/cmr/m/n/10 ) =
 []


Overfull \hbox (76.54863pt too wide) in paragraph at lines 215--228
\OT1/cmr/m/n/10 ^^A[] (\OML/cmm/m/it/10 S[]\OT1/cmr/m/n/10 ) \OML/cmm/m/it/10 ^
^Z[];  \OT1/cmr/m/n/10 (\OML/cmm/m/it/10 ^^\ \OMS/cmsy/m/n/10 ^^U
 []


Overfull \hbox (13.33333pt too wide) in paragraph at lines 215--228
\OT1/cmr/m/n/10 0)\OML/cmm/m/it/10 ; [] 
 []


Overfull \hbox (30.13889pt too wide) in paragraph at lines 215--228
\OT1/cmr/m/n/10 (\OML/cmm/m/it/10 X[]\OT1/cmr/m/n/10 ) =
 []


Overfull \hbox (38.02788pt too wide) in paragraph at lines 215--228
\OT1/cmr/m/n/10 ^^A[](\OML/cmm/m/it/10 S[]\OT1/cmr/m/n/10 ) +
 []


Overfull \hbox (41.5893pt too wide) in paragraph at lines 215--228
\OML/cmm/m/it/10 ^^Y[]^^U[]\OT1/cmr/m/n/10 (1 \OMS/cmsy/m/n/10 ^^@
 []


Overfull \hbox (21.98619pt too wide) in paragraph at lines 215--228
\OML/cmm/m/it/10 ^^U[]\OT1/cmr/m/n/10 ) +
 []


Overfull \hbox (42.47472pt too wide) in paragraph at lines 215--228
\OML/cmm/m/it/10 ^^Y[]^^U[]\OT1/cmr/m/n/10 (1 \OMS/cmsy/m/n/10 ^^@
 []


Overfull \hbox (16.98618pt too wide) in paragraph at lines 215--228
\OML/cmm/m/it/10 ^^U[]\OT1/cmr/m/n/10 )\OML/cmm/m/it/10 ;$
 []

Missing character: There is no 基 ("57FA) in font nullfont!
Missing character: There is no 于 ("4E8E) in font nullfont!
Missing character: There is no 上 ("4E0A) in font nullfont!
Missing character: There is no 述 ("8FF0) in font nullfont!
Missing character: There is no 方 ("65B9) in font nullfont!
Missing character: There is no 差 ("5DEE) in font nullfont!
Missing character: There is no 与 ("4E0E) in font nullfont!
Missing character: There is no 均 ("5747) in font nullfont!
Missing character: There is no 值 ("503C) in font nullfont!
Missing character: There is no ， ("FF0C) in font nullfont!
Missing character: There is no 可 ("53EF) in font nullfont!
Missing character: There is no 以 ("4EE5) in font nullfont!
Missing character: There is no 定 ("5B9A) in font nullfont!
Missing character: There is no 义 ("4E49) in font nullfont!
Missing character: There is no 常 ("5E38) in font nullfont!
Missing character: There is no 用 ("7528) in font nullfont!
Missing character: There is no 的 ("7684) in font nullfont!
Missing character: There is no 突 ("7A81) in font nullfont!
Missing character: There is no 发 ("53D1) in font nullfont!
Missing character: There is no 性 ("6027) in font nullfont!
Missing character: There is no 测 ("6D4B) in font nullfont!
Missing character: There is no 度 ("5EA6) in font nullfont!
Missing character: There is no ： ("FF1A) in font nullfont!

! LaTeX Error: Environment align undefined.

See the LaTeX manual or LaTeX Companion for explanation.
Type  H <return>  for immediate help.
 ...                                              
                                                  
l.230 \begin{align}
                   
Your command was ignored.
Type  I <command> <return>  to replace it with another command,
or  <return>  to continue without it.


! LaTeX Error: \mathrm allowed only in math mode.

See the LaTeX manual or LaTeX Companion for explanation.
Type  H <return>  for immediate help.
 ...                                              
                                                  
l.231 ^^I\mathrm
                {ID} &= \frac{\Var(X_t)}{\E[X_t]}, \\
You're in trouble here.  Try typing  <return>  to proceed.
If that doesn't work, type  X <return>  to quit.

Missing character: There is no I ("49) in font nullfont!
Missing character: There is no D ("44) in font nullfont!
! Misplaced alignment tab character &.
l.231 ^^I\mathrm{ID} &
                      = \frac{\Var(X_t)}{\E[X_t]}, \\
I can't figure out why you would want to use a tab mark
here. If you just want an ampersand, the remedy is
simple: Just type `I\&' now. But if some right brace
up above has ended a previous alignment prematurely,
you're probably due for more error messages, and you
might try typing `S' now just to see what is salvageable.

Missing character: There is no = ("3D) in font nullfont!
! Undefined control sequence.
<argument> \Var 
                (X_t)
l.231 ^^I\mathrm{ID} &= \frac{\Var(X_t)}{\E[X_t]}
                                                 , \\
The control sequence at the end of the top line
of your error message was never \def'ed. If you have
misspelled it (e.g., `\hobx'), type `I' and the correct
spelling (e.g., `I\hbox'). Otherwise just continue,
and I'll forget about whatever was undefined.

Missing character: There is no ( ("28) in font nullfont!
Missing character: There is no X ("58) in font nullfont!
! Missing $ inserted.
<inserted text> 
                $
l.231 ^^I\mathrm{ID} &= \frac{\Var(X_t)}{\E[X_t]}
                                                 , \\
I've inserted a begin-math/end-math symbol since I think
you left one out. Proceed, with fingers crossed.

! Missing $ inserted.
<inserted text> 
                $
l.231 ^^I\mathrm{ID} &= \frac{\Var(X_t)}{\E[X_t]}
                                                 , \\
I've inserted something that you may have forgotten.
(See the <inserted text> above.)
With luck, this will get me unwedged. But if you
really didn't forget anything, try typing `2' now; then
my insertion and my current dilemma will both disappear.

! Missing $ inserted.
<inserted text> 
                $
l.231 ^^I\mathrm{ID} &= \frac{\Var(X_t)}{\E[X_t]}
                                                 , \\
I've inserted a begin-math/end-math symbol since I think
you left one out. Proceed, with fingers crossed.

! Undefined control sequence.
<argument> \E 
              [X_t]
l.231 ^^I\mathrm{ID} &= \frac{\Var(X_t)}{\E[X_t]}
                                                 , \\
The control sequence at the end of the top line
of your error message was never \def'ed. If you have
misspelled it (e.g., `\hobx'), type `I' and the correct
spelling (e.g., `I\hbox'). Otherwise just continue,
and I'll forget about whatever was undefined.

! Extra }, or forgotten $.
\frac  #1#2->{\begingroup #1\endgroup \over #2}
                                               
l.231 ^^I\mathrm{ID} &= \frac{\Var(X_t)}{\E[X_t]}
                                                 , \\
I've deleted a group-closing symbol because it seems to be
spurious, as in `$x}$'. But perhaps the } is legitimate and
you forgot something else, as in `\hbox{$x}'. In such cases
the way to recover is to insert both the forgotten and the
deleted material, e.g., by typing `I$}'.

! Misplaced alignment tab character &.
l.232 ^^I\mathrm{BI} &
                      = \frac{\mathrm{ID}-1}{\mathrm{ID}+1}.
I can't figure out why you would want to use a tab mark
here. If you just want an ampersand, the remedy is
simple: Just type `I\&' now. But if some right brace
up above has ended a previous alignment prematurely,
you're probably due for more error messages, and you
might try typing `S' now just to see what is salvageable.


! LaTeX Error: \begin{document} ended by \end{align}.

See the LaTeX manual or LaTeX Companion for explanation.
Type  H <return>  for immediate help.
 ...                                              
                                                  
l.233 \end{align}
                 
Your command was ignored.
Type  I <command> <return>  to replace it with another command,
or  <return>  to continue without it.

! Missing $ inserted.
<inserted text> 
                $
l.233 \end{align}
                 
I've inserted something that you may have forgotten.
(See the <inserted text> above.)
With luck, this will get me unwedged. But if you
really didn't forget anything, try typing `2' now; then
my insertion and my current dilemma will both disappear.

! Missing } inserted.
<inserted text> 
                }
l.233 \end{align}
                 
I've inserted something that you may have forgotten.
(See the <inserted text> above.)
With luck, this will get me unwedged. But if you
really didn't forget anything, try typing `2' now; then
my insertion and my current dilemma will both disappear.

Missing character: There is no 此 ("6B64) in font nullfont!
Missing character: There is no 外 ("5916) in font nullfont!
Missing character: There is no ， ("FF0C) in font nullfont!
Missing character: There is no 序 ("5E8F) in font nullfont!
Missing character: There is no 列 ("5217) in font nullfont!
Missing character: There is no 的 ("7684) in font nullfont!
Missing character: There is no 周 ("5468) in font nullfont!
Missing character: There is no 期 ("671F) in font nullfont!
Missing character: There is no 性 ("6027) in font nullfont!
Missing character: There is no 或 ("6216) in font nullfont!
Missing character: There is no 自 ("81EA) in font nullfont!
Missing character: There is no 相 ("76F8) in font nullfont!
Missing character: There is no 关 ("5173) in font nullfont!
Missing character: There is no 强 ("5F3A) in font nullfont!
Missing character: There is no 度 ("5EA6) in font nullfont!
Missing character: There is no 可 ("53EF) in font nullfont!
Missing character: There is no 由 ("7531) in font nullfont!
Missing character: There is no 归 ("5F52) in font nullfont!
Missing character: There is no 一 ("4E00) in font nullfont!
Missing character: There is no 化 ("5316) in font nullfont!
Missing character: There is no 自 ("81EA) in font nullfont!
Missing character: There is no 相 ("76F8) in font nullfont!
Missing character: There is no 关 ("5173) in font nullfont!
Missing character: There is no 函 ("51FD) in font nullfont!
Missing character: There is no 数 ("6570) in font nullfont!
Missing character: There is no 的 ("7684) in font nullfont!
Missing character: There is no 最 ("6700) in font nullfont!
Missing character: There is no 大 ("5927) in font nullfont!
Missing character: There is no 滞 ("6EDE) in font nullfont!
Missing character: There is no 后 ("540E) in font nullfont!
Missing character: There is no 值 ("503C) in font nullfont!
Missing character: There is no 表 ("8868) in font nullfont!
Missing character: There is no 示 ("793A) in font nullfont!
Missing character: There is no ， ("FF0C) in font nullfont!
Missing character: There is no 例 ("4F8B) in font nullfont!
Missing character: There is no 如 ("5982) in font nullfont!
Missing character: There is no 取 ("53D6) in font nullfont!

Overfull \hbox (20.0pt too wide) in paragraph at lines 229--235
[]
 []


Overfull \hbox (62.29471pt too wide) in paragraph at lines 229--235
[]\OT1/cmr/m/n/10 )$$[]$
 []

! Undefined control sequence.
<argument> \Cov 
                (X_t,X_{t+\tau })
l.236 ...frac{\Cov(X_t,X_{t+\tau})}{\Cov(X_t,X_t)}
                                                  
The control sequence at the end of the top line
of your error message was never \def'ed. If you have
misspelled it (e.g., `\hobx'), type `I' and the correct
spelling (e.g., `I\hbox'). Otherwise just continue,
and I'll forget about whatever was undefined.

! Undefined control sequence.
<argument> \Cov 
                (X_t,X_t)
l.236 ...frac{\Cov(X_t,X_{t+\tau})}{\Cov(X_t,X_t)}
                                                  
The control sequence at the end of the top line
of your error message was never \def'ed. If you have
misspelled it (e.g., `\hobx'), type `I' and the correct
spelling (e.g., `I\hbox'). Otherwise just continue,
and I'll forget about whatever was undefined.

! Undefined control sequence.
<argument> \Delta ^2\Var 
                         (S_t)
l.237 = \frac{\Delta^2\Var(S_t)}{\Var(X_t)}
                                           \cdot \rho_{\mathrm{MC}},
The control sequence at the end of the top line
of your error message was never \def'ed. If you have
misspelled it (e.g., `\hobx'), type `I' and the correct
spelling (e.g., `I\hbox'). Otherwise just continue,
and I'll forget about whatever was undefined.

! Undefined control sequence.
<argument> \Var 
                (X_t)
l.237 = \frac{\Delta^2\Var(S_t)}{\Var(X_t)}
                                           \cdot \rho_{\mathrm{MC}},
The control sequence at the end of the top line
of your error message was never \def'ed. If you have
misspelled it (e.g., `\hobx'), type `I' and the correct
spelling (e.g., `I\hbox'). Otherwise just continue,
and I'll forget about whatever was undefined.


Overfull \hbox (184.9505pt too wide) detected at line 238
\OT1/cmr/m/n/10 ^^I  =  [] [] = [] \OMS/cmsy/m/n/10 ^^A \OML/cmm/m/it/10 ^^Z[];

 []

Missing character: There is no （ ("FF08) in font nullfont!
Missing character: There is no 在 ("5728) in font nullfont!
Missing character: There is no 无 ("65E0) in font nullfont!
Missing character: There is no 其 ("5176) in font nullfont!
Missing character: There is no 他 ("4ED6) in font nullfont!
Missing character: There is no 周 ("5468) in font nullfont!
Missing character: There is no 期 ("671F) in font nullfont!
Missing character: There is no 激 ("6FC0) in font nullfont!
Missing character: There is no 励 ("52B1) in font nullfont!
Missing character: There is no 且 ("4E14) in font nullfont!
Missing character: There is no 时 ("65F6) in font nullfont!
Missing character: There is no ， ("FF0C) in font nullfont!
Missing character: There is no 滞 ("6EDE) in font nullfont!
Missing character: There is no 后 ("540E) in font nullfont!
Missing character: There is no 常 ("5E38) in font nullfont!
Missing character: There is no 给 ("7ED9) in font nullfont!
Missing character: There is no 出 ("51FA) in font nullfont!
Missing character: There is no 最 ("6700) in font nullfont!
Missing character: There is no 大 ("5927) in font nullfont!
Missing character: There is no 值 ("503C) in font nullfont!
Missing character: There is no ） ("FF09) in font nullfont!
Missing character: There is no 。 ("3002) in font nullfont!

Overfull \hbox (34.68408pt too wide) in paragraph at lines 238--240
 $\OMS/cmsy/m/n/10 j\OML/cmm/m/it/10 ^^Z[]\OMS/cmsy/m/n/10 j \OML/cmm/m/it/10 <

 []


Overfull \hbox (5.00002pt too wide) in paragraph at lines 238--240
\OT1/cmr/m/n/10 1$
 []


Overfull \hbox (16.05899pt too wide) in paragraph at lines 238--240
\OML/cmm/m/it/10 ^^\ \OT1/cmr/m/n/10 =
 []


Overfull \hbox (5.00002pt too wide) in paragraph at lines 238--240
\OT1/cmr/m/n/10 1$
 []

! Undefined control sequence.
l.241 \paragraph
                {生成算法（伪代码）}
The control sequence at the end of the top line
of your error message was never \def'ed. If you have
misspelled it (e.g., `\hobx'), type `I' and the correct
spelling (e.g., `I\hbox'). Otherwise just continue,
and I'll forget about whatever was undefined.

Missing character: There is no 生 ("751F) in font nullfont!
Missing character: There is no 成 ("6210) in font nullfont!
Missing character: There is no 算 ("7B97) in font nullfont!
Missing character: There is no 法 ("6CD5) in font nullfont!
Missing character: There is no （ ("FF08) in font nullfont!
Missing character: There is no 伪 ("4F2A) in font nullfont!
Missing character: There is no 代 ("4EE3) in font nullfont!
Missing character: There is no 码 ("7801) in font nullfont!
Missing character: There is no ） ("FF09) in font nullfont!
Missing character: There is no 基 ("57FA) in font nullfont!
Missing character: There is no 于 ("4E8E) in font nullfont!
Missing character: There is no 上 ("4E0A) in font nullfont!
Missing character: There is no 面 ("9762) in font nullfont!
Missing character: There is no 模 ("6A21) in font nullfont!
Missing character: There is no 型 ("578B) in font nullfont!
Missing character: There is no ， ("FF0C) in font nullfont!
Missing character: There is no 生 ("751F) in font nullfont!
Missing character: There is no 成 ("6210) in font nullfont!
Missing character: There is no 长 ("957F) in font nullfont!
Missing character: There is no 度 ("5EA6) in font nullfont!
Missing character: There is no 为 ("4E3A) in font nullfont!
Missing character: There is no 的 ("7684) in font nullfont!
Missing character: There is no 到 ("5230) in font nullfont!
Missing character: There is no 达 ("8FBE) in font nullfont!
Missing character: There is no 序 ("5E8F) in font nullfont!
Missing character: There is no 列 ("5217) in font nullfont!
Missing character: There is no 可 ("53EF) in font nullfont!
Missing character: There is no 采 ("91C7) in font nullfont!
Missing character: There is no 用 ("7528) in font nullfont!
Missing character: There is no 如 ("5982) in font nullfont!
Missing character: There is no 下 ("4E0B) in font nullfont!
Missing character: There is no 简 ("7B80) in font nullfont!
Missing character: There is no 单 ("5355) in font nullfont!
Missing character: There is no 步 ("6B65) in font nullfont!
Missing character: There is no 骤 ("9AA4) in font nullfont!
Missing character: There is no ： ("FF1A) in font nullfont!

Overfull \hbox (20.0pt too wide) in paragraph at lines 241--243
[]
 []


Overfull \hbox (7.23265pt too wide) in paragraph at lines 241--243
\OML/cmm/m/it/10 T$ 
 []

Missing character: There is no 初 ("521D) in font nullfont!
Missing character: There is no 始 ("59CB) in font nullfont!
Missing character: There is no 化 ("5316) in font nullfont!
Missing character: There is no ， ("FF0C) in font nullfont!
Missing character: There is no 从 ("4ECE) in font nullfont!
Missing character: There is no 平 ("5E73) in font nullfont!
Missing character: There is no 稳 ("7A33) in font nullfont!
Missing character: There is no 分 ("5206) in font nullfont!
Missing character: There is no 布 ("5E03) in font nullfont!
Missing character: There is no 抽 ("62BD) in font nullfont!
Missing character: There is no 取 ("53D6) in font nullfont!
Missing character: There is no 初 ("521D) in font nullfont!
Missing character: There is no 始 ("59CB) in font nullfont!
Missing character: There is no 状 ("72B6) in font nullfont!
Missing character: There is no 态 ("6001) in font nullfont!
Missing character: There is no 。 ("3002) in font nullfont!

Overfull \hbox (16.38884pt too wide) in paragraph at lines 244--245
\OML/cmm/m/it/10 t \OMS/cmsy/m/n/10  
 []


Overfull \hbox (5.00002pt too wide) in paragraph at lines 244--245
\OT1/cmr/m/n/10 0$
 []


Overfull \hbox (21.17358pt too wide) in paragraph at lines 244--245
\OML/cmm/m/it/10 S[] \OMS/cmsy/m/n/10 ^^X
 []


Overfull \hbox (62.26988pt too wide) in paragraph at lines 244--245
[]\OT1/cmr/m/n/10 (\OML/cmm/m/it/10 ^^Y[]\OT1/cmr/m/n/10 )$ 
 []

Missing character: There is no 对 ("5BF9) in font nullfont!
Missing character: There is no 每 ("6BCF) in font nullfont!
Missing character: There is no 个 ("4E2A) in font nullfont!
Missing character: There is no 时 ("65F6) in font nullfont!
Missing character: There is no 隙 ("9699) in font nullfont!
Missing character: There is no ： ("FF1A) in font nullfont!

Overfull \hbox (14.16663pt too wide) in paragraph at lines 245--246
\OML/cmm/m/it/10 t \OT1/cmr/m/n/10 =
 []


Overfull \hbox (51.67696pt too wide) in paragraph at lines 245--246
\OT1/cmr/m/n/10 0\OML/cmm/m/it/10 ; \OT1/cmr/m/n/10 1\OML/cmm/m/it/10 ; [] ; T 
\OMS/cmsy/m/n/10 ^^@
 []


Overfull \hbox (5.00002pt too wide) in paragraph at lines 245--246
\OT1/cmr/m/n/10 1$ 
 []

Missing character: There is no 条 ("6761) in font nullfont!
Missing character: There is no 件 ("4EF6) in font nullfont!
Missing character: There is no 于 ("4E8E) in font nullfont!
Missing character: There is no 当 ("5F53) in font nullfont!
Missing character: There is no 前 ("524D) in font nullfont!
Missing character: There is no 状 ("72B6) in font nullfont!
Missing character: There is no 态 ("6001) in font nullfont!
Missing character: There is no ， ("FF0C) in font nullfont!
Missing character: There is no 按 ("6309) in font nullfont!
Missing character: There is no （ ("FF08) in font nullfont!
Missing character: There is no 或 ("6216) in font nullfont!
Missing character: There is no 按 ("6309) in font nullfont!
Missing character: There is no P ("50) in font nullfont!
Missing character: There is no o ("6F) in font nullfont!
Missing character: There is no i ("69) in font nullfont!
Missing character: There is no s ("73) in font nullfont!
Missing character: There is no s ("73) in font nullfont!
Missing character: There is no o ("6F) in font nullfont!
Missing character: There is no n ("6E) in font nullfont!
Missing character: There is no ( ("28) in font nullfont!
Missing character: There is no ) ("29) in font nullfont!
Missing character: There is no 若 ("82E5) in font nullfont!
Missing character: There is no 允 ("5141) in font nullfont!
Missing character: There is no 许 ("8BB8) in font nullfont!
Missing character: There is no 多 ("591A) in font nullfont!
Missing character: There is no 包 ("5305) in font nullfont!
Missing character: There is no / ("2F) in font nullfont!
Missing character: There is no 时 ("65F6) in font nullfont!
Missing character: There is no 隙 ("9699) in font nullfont!
Missing character: There is no ） ("FF09) in font nullfont!
Missing character: There is no 生 ("751F) in font nullfont!
Missing character: There is no 成 ("6210) in font nullfont!
Missing character: There is no 到 ("5230) in font nullfont!
Missing character: There is no 达 ("8FBE) in font nullfont!
Missing character: There is no 数 ("6570) in font nullfont!
Missing character: There is no 。 ("3002) in font nullfont!

Overfull \hbox (9.65279pt too wide) in paragraph at lines 247--248
\OML/cmm/m/it/10 S[]$
 []


Overfull \hbox (36.97223pt too wide) in paragraph at lines 247--248
[]\OT1/cmr/m/n/10 (\OML/cmm/m/it/10 X[] \OT1/cmr/m/n/10 =
 []


Overfull \hbox (19.44443pt too wide) in paragraph at lines 247--248
\OT1/cmr/m/n/10 1) =
 []


Overfull \hbox (14.56212pt too wide) in paragraph at lines 247--248
\OML/cmm/m/it/10 ^^U[]$
 []


Overfull \hbox (14.56212pt too wide) in paragraph at lines 247--248
\OML/cmm/m/it/10 ^^U[]$
 []


Overfull \hbox (11.80557pt too wide) in paragraph at lines 247--248
\OML/cmm/m/it/10 X[]$ 
 []

Missing character: There is no 若 ("82E5) in font nullfont!
Missing character: There is no ， ("FF0C) in font nullfont!
Missing character: There is no 以 ("4EE5) in font nullfont!
Missing character: There is no 概 ("6982) in font nullfont!
Missing character: There is no 率 ("7387) in font nullfont!
Missing character: There is no 转 ("8F6C) in font nullfont!
Missing character: There is no 为 ("4E3A) in font nullfont!
Missing character: There is no ， ("FF0C) in font nullfont!
Missing character: There is no 否 ("5426) in font nullfont!
Missing character: There is no 则 ("5219) in font nullfont!
Missing character: There is no 保 ("4FDD) in font nullfont!
Missing character: There is no 持 ("6301) in font nullfont!
Missing character: There is no ； ("FF1B) in font nullfont!
Missing character: There is no 若 ("82E5) in font nullfont!
Missing character: There is no ， ("FF0C) in font nullfont!
Missing character: There is no 以 ("4EE5) in font nullfont!
Missing character: There is no 概 ("6982) in font nullfont!
Missing character: There is no 率 ("7387) in font nullfont!
Missing character: There is no 转 ("8F6C) in font nullfont!
Missing character: There is no 为 ("4E3A) in font nullfont!
Missing character: There is no ， ("FF0C) in font nullfont!
Missing character: There is no 否 ("5426) in font nullfont!
Missing character: There is no 则 ("5219) in font nullfont!
Missing character: There is no 保 ("4FDD) in font nullfont!
Missing character: There is no 持 ("6301) in font nullfont!
Missing character: There is no 。 ("3002) in font nullfont!

Overfull \hbox (20.2083pt too wide) in paragraph at lines 248--249
\OML/cmm/m/it/10 S[] \OT1/cmr/m/n/10 =
 []


Overfull \hbox (5.00002pt too wide) in paragraph at lines 248--249
\OT1/cmr/m/n/10 1$
 []


Overfull \hbox (10.20026pt too wide) in paragraph at lines 248--249
\OML/cmm/m/it/10 ^^[[]$
 []


Overfull \hbox (30.33334pt too wide) in paragraph at lines 248--249
\OML/cmm/m/it/10 S[] \OT1/cmr/m/n/10 =
 []


Overfull \hbox (5.00002pt too wide) in paragraph at lines 248--249
\OT1/cmr/m/n/10 0$
 []


Overfull \hbox (30.33334pt too wide) in paragraph at lines 248--249
\OML/cmm/m/it/10 S[] \OT1/cmr/m/n/10 =
 []


Overfull \hbox (5.00002pt too wide) in paragraph at lines 248--249
\OT1/cmr/m/n/10 1$
 []


Overfull \hbox (20.2083pt too wide) in paragraph at lines 248--249
\OML/cmm/m/it/10 S[] \OT1/cmr/m/n/10 =
 []


Overfull \hbox (5.00002pt too wide) in paragraph at lines 248--249
\OT1/cmr/m/n/10 0$
 []


Overfull \hbox (10.20026pt too wide) in paragraph at lines 248--249
\OML/cmm/m/it/10 ^^[[]$
 []


Overfull \hbox (30.33334pt too wide) in paragraph at lines 248--249
\OML/cmm/m/it/10 S[] \OT1/cmr/m/n/10 =
 []


Overfull \hbox (5.00002pt too wide) in paragraph at lines 248--249
\OT1/cmr/m/n/10 1$
 []


Overfull \hbox (30.33334pt too wide) in paragraph at lines 248--249
\OML/cmm/m/it/10 S[] \OT1/cmr/m/n/10 =
 []


Overfull \hbox (5.00002pt too wide) in paragraph at lines 248--249
\OT1/cmr/m/n/10 0$ 
 []

Missing character: There is no 令 ("4EE4) in font nullfont!
Missing character: There is no 并 ("5E76) in font nullfont!
Missing character: There is no 重 ("91CD) in font nullfont!
Missing character: There is no 复 ("590D) in font nullfont!
Missing character: There is no 。 ("3002) in font nullfont!

Overfull \hbox (16.38884pt too wide) in paragraph at lines 249--250
\OML/cmm/m/it/10 t \OMS/cmsy/m/n/10  
 []


Overfull \hbox (11.38892pt too wide) in paragraph at lines 249--250
\OML/cmm/m/it/10 t \OT1/cmr/m/n/10 +
 []


Overfull \hbox (5.00002pt too wide) in paragraph at lines 249--250
\OT1/cmr/m/n/10 1$ 
 []

! Undefined control sequence.
l.253 \paragraph
                {工程注意事项}
The control sequence at the end of the top line
of your error message was never \def'ed. If you have
misspelled it (e.g., `\hobx'), type `I' and the correct
spelling (e.g., `I\hbox'). Otherwise just continue,
and I'll forget about whatever was undefined.

Missing character: There is no 工 ("5DE5) in font nullfont!
Missing character: There is no 程 ("7A0B) in font nullfont!
Missing character: There is no 注 ("6CE8) in font nullfont!
Missing character: There is no 意 ("610F) in font nullfont!
Missing character: There is no 事 ("4E8B) in font nullfont!
Missing character: There is no 项 ("9879) in font nullfont!

Overfull \hbox (20.0pt too wide) in paragraph at lines 253--254
[] 
 []

Missing character: There is no 当 ("5F53) in font nullfont!
Missing character: There is no 要 ("8981) in font nullfont!
Missing character: There is no 求 ("6C42) in font nullfont!
Missing character: There is no 每 ("6BCF) in font nullfont!
Missing character: There is no 时 ("65F6) in font nullfont!
Missing character: There is no 隙 ("9699) in font nullfont!
Missing character: There is no 至 ("81F3) in font nullfont!
Missing character: There is no 多 ("591A) in font nullfont!
Missing character: There is no 一 ("4E00) in font nullfont!
Missing character: There is no 包 ("5305) in font nullfont!
Missing character: There is no （ ("FF08) in font nullfont!
Missing character: There is no 即 ("5373) in font nullfont!
Missing character: There is no 二 ("4E8C) in font nullfont!
Missing character: There is no 值 ("503C) in font nullfont!
Missing character: There is no 序 ("5E8F) in font nullfont!
Missing character: There is no 列 ("5217) in font nullfont!
Missing character: There is no ） ("FF09) in font nullfont!
Missing character: There is no 且 ("4E14) in font nullfont!
Missing character: There is no 取 ("53D6) in font nullfont!
Missing character: There is no 时 ("65F6) in font nullfont!
Missing character: There is no ， ("FF0C) in font nullfont!
Missing character: There is no 模 ("6A21) in font nullfont!
Missing character: There is no 型 ("578B) in font nullfont!
Missing character: There is no 仍 ("4ECD) in font nullfont!
Missing character: There is no 能 ("80FD) in font nullfont!
Missing character: There is no 产 ("4EA7) in font nullfont!
Missing character: There is no 生 ("751F) in font nullfont!
Missing character: There is no （ ("FF08) in font nullfont!
Missing character: There is no 因 ("56E0) in font nullfont!
Missing character: There is no 此 ("6B64) in font nullfont!
Missing character: There is no ） ("FF09) in font nullfont!
Missing character: There is no ， ("FF0C) in font nullfont!
Missing character: There is no 因 ("56E0) in font nullfont!
Missing character: There is no 为 ("4E3A) in font nullfont!
Missing character: There is no 状 ("72B6) in font nullfont!
Missing character: There is no 态 ("6001) in font nullfont!
Missing character: There is no 引 ("5F15) in font nullfont!
Missing character: There is no 入 ("5165) in font nullfont!
Missing character: There is no 的 ("7684) in font nullfont!
Missing character: There is no 长 ("957F) in font nullfont!
Missing character: There is no 时 ("65F6) in font nullfont!
Missing character: There is no 相 ("76F8) in font nullfont!
Missing character: There is no 关 ("5173) in font nullfont!
Missing character: There is no 使 ("4F7F) in font nullfont!
Missing character: There is no 总 ("603B) in font nullfont!
Missing character: There is no 体 ("4F53) in font nullfont!
Missing character: There is no 方 ("65B9) in font nullfont!
Missing character: There is no 差 ("5DEE) in font nullfont!
Missing character: There is no 可 ("53EF) in font nullfont!
Missing character: There is no 能 ("80FD) in font nullfont!
Missing character: There is no 超 ("8D85) in font nullfont!
Missing character: There is no 过 ("8FC7) in font nullfont!
Missing character: There is no 均 ("5747) in font nullfont!
Missing character: There is no 值 ("503C) in font nullfont!
Missing character: There is no ； ("FF1B) in font nullfont!
Missing character: There is no 使 ("4F7F) in font nullfont!
Missing character: There is no 用 ("7528) in font nullfont!
Missing character: There is no 上 ("4E0A) in font nullfont!
Missing character: There is no 面 ("9762) in font nullfont!
Missing character: There is no 的 ("7684) in font nullfont!
Missing character: There is no 解 ("89E3) in font nullfont!
Missing character: There is no 析 ("6790) in font nullfont!
Missing character: There is no 式 ("5F0F) in font nullfont!
Missing character: There is no 即 ("5373) in font nullfont!
Missing character: There is no 可 ("53EF) in font nullfont!
Missing character: There is no 判 ("5224) in font nullfont!
Missing character: There is no 定 ("5B9A) in font nullfont!
Missing character: There is no 参 ("53C2) in font nullfont!
Missing character: There is no 数 ("6570) in font nullfont!
Missing character: There is no 区 ("533A) in font nullfont!
Missing character: There is no 间 ("95F4) in font nullfont!
Missing character: There is no 是 ("662F) in font nullfont!
Missing character: There is no 否 ("5426) in font nullfont!
Missing character: There is no 产 ("4EA7) in font nullfont!
Missing character: There is no 生 ("751F) in font nullfont!
Missing character: There is no 显 ("663E) in font nullfont!
Missing character: There is no 著 ("8457) in font nullfont!
Missing character: There is no 突 ("7A81) in font nullfont!
Missing character: There is no 发 ("53D1) in font nullfont!
Missing character: There is no 性 ("6027) in font nullfont!
Missing character: There is no 。 ("3002) in font nullfont!

Overfull \hbox (20.875pt too wide) in paragraph at lines 255--256
\OML/cmm/m/it/10 ^^U[] \OT1/cmr/m/n/10 =
 []


Overfull \hbox (30.31943pt too wide) in paragraph at lines 255--256
\OT1/cmr/m/n/10 1\OML/cmm/m/it/10 ; ^^U[] \OT1/cmr/m/n/10 =
 []


Overfull \hbox (5.00002pt too wide) in paragraph at lines 255--256
\OT1/cmr/m/n/10 0$
 []


Overfull \hbox (21.80553pt too wide) in paragraph at lines 255--256
[] \OML/cmm/m/it/10 >
 []


Overfull \hbox (5.00002pt too wide) in paragraph at lines 255--256
\OT1/cmr/m/n/10 1$
 []


Overfull \hbox (21.24998pt too wide) in paragraph at lines 255--256
[] \OML/cmm/m/it/10 >
 []


Overfull \hbox (5.00002pt too wide) in paragraph at lines 255--256
\OT1/cmr/m/n/10 0$ 
 []

Missing character: There is no 指 ("6307) in font nullfont!
Missing character: There is no 标 ("6807) in font nullfont!
Missing character: There is no 估 ("4F30) in font nullfont!
Missing character: There is no 计 ("8BA1) in font nullfont!
Missing character: There is no 的 ("7684) in font nullfont!
Missing character: There is no 稳 ("7A33) in font nullfont!
Missing character: There is no 定 ("5B9A) in font nullfont!
Missing character: There is no 性 ("6027) in font nullfont!
Missing character: There is no 依 ("4F9D) in font nullfont!
Missing character: There is no 赖 ("8D56) in font nullfont!
Missing character: There is no 样 ("6837) in font nullfont!
Missing character: There is no 本 ("672C) in font nullfont!
Missing character: There is no 长 ("957F) in font nullfont!
Missing character: There is no 度 ("5EA6) in font nullfont!
Missing character: There is no ： ("FF1A) in font nullfont!
Missing character: There is no 若 ("82E5) in font nullfont!
Missing character: There is no 期 ("671F) in font nullfont!
Missing character: There is no 望 ("671B) in font nullfont!
Missing character: There is no O ("4F) in font nullfont!
Missing character: There is no N ("4E) in font nullfont!
Missing character: There is no / ("2F) in font nullfont!
Missing character: There is no O ("4F) in font nullfont!
Missing character: There is no F ("46) in font nullfont!
Missing character: There is no F ("46) in font nullfont!
Missing character: There is no 的 ("7684) in font nullfont!
Missing character: There is no 平 ("5E73) in font nullfont!
Missing character: There is no 均 ("5747) in font nullfont!
Missing character: There is no 长 ("957F) in font nullfont!
Missing character: There is no 度 ("5EA6) in font nullfont!
Missing character: There is no 较 ("8F83) in font nullfont!
Missing character: There is no 大 ("5927) in font nullfont!
Missing character: There is no ， ("FF0C) in font nullfont!
Missing character: There is no 应 ("5E94) in font nullfont!
Missing character: There is no 使 ("4F7F) in font nullfont!
Missing character: There is no 用 ("7528) in font nullfont!
Missing character: There is no 显 ("663E) in font nullfont!
Missing character: There is no 著 ("8457) in font nullfont!
Missing character: There is no 长 ("957F) in font nullfont!
Missing character: There is no 的 ("7684) in font nullfont!
Missing character: There is no 序 ("5E8F) in font nullfont!
Missing character: There is no 列 ("5217) in font nullfont!
Missing character: There is no （ ("FF08) in font nullfont!
Missing character: There is no 例 ("4F8B) in font nullfont!
Missing character: There is no 如 ("5982) in font nullfont!
! Undefined control sequence.
l.256 ...：若期望 ON/OFF 的平均长度较大，应使用显著长的序列（例如 $T\gg \E
                                                  [L_{\mathrm{on}}]+\E[L_{\m...
The control sequence at the end of the top line
of your error message was never \def'ed. If you have
misspelled it (e.g., `\hobx'), type `I' and the correct
spelling (e.g., `I\hbox'). Otherwise just continue,
and I'll forget about whatever was undefined.

! Undefined control sequence.
l.256 ...应使用显著长的序列（例如 $T\gg \E[L_{\mathrm{on}}]+\E
                                                  [L_{\mathrm{off}}]$ 的若干百倍）...
The control sequence at the end of the top line
of your error message was never \def'ed. If you have
misspelled it (e.g., `\hobx'), type `I' and the correct
spelling (e.g., `I\hbox'). Otherwise just continue,
and I'll forget about whatever was undefined.

Missing character: There is no 的 ("7684) in font nullfont!
Missing character: There is no 若 ("82E5) in font nullfont!
Missing character: There is no 干 ("5E72) in font nullfont!
Missing character: There is no 百 ("767E) in font nullfont!
Missing character: There is no 倍 ("500D) in font nullfont!
Missing character: There is no ） ("FF09) in font nullfont!
Missing character: There is no 以 ("4EE5) in font nullfont!
Missing character: There is no 降 ("964D) in font nullfont!
Missing character: There is no 低 ("4F4E) in font nullfont!
Missing character: There is no 采 ("91C7) in font nullfont!
Missing character: There is no 样 ("6837) in font nullfont!
Missing character: There is no 方 ("65B9) in font nullfont!
Missing character: There is no 差 ("5DEE) in font nullfont!
Missing character: There is no 。 ("3002) in font nullfont!

Overfull \hbox (7.23265pt too wide) in paragraph at lines 256--257
\OML/cmm/m/it/10 T$
 []


Overfull \hbox (20.01038pt too wide) in paragraph at lines 256--257
\OML/cmm/m/it/10 T \OMS/cmsy/m/n/10 ^^]
 []


Overfull \hbox (29.04176pt too wide) in paragraph at lines 256--257
\OT1/cmr/m/n/10 [\OML/cmm/m/it/10 L[]\OT1/cmr/m/n/10 ] +
 []


Overfull \hbox (22.14938pt too wide) in paragraph at lines 256--257
\OT1/cmr/m/n/10 [\OML/cmm/m/it/10 L[]\OT1/cmr/m/n/10 ]$ 
 []

Missing character: There is no 若 ("82E5) in font nullfont!
Missing character: There is no 需 ("9700) in font nullfont!
Missing character: There is no 要 ("8981) in font nullfont!
Missing character: There is no 在 ("5728) in font nullfont!
Missing character: There is no 不 ("4E0D) in font nullfont!
Missing character: There is no 同 ("540C) in font nullfont!
Missing character: There is no 时 ("65F6) in font nullfont!
Missing character: There is no 间 ("95F4) in font nullfont!
Missing character: There is no 尺 ("5C3A) in font nullfont!
Missing character: There is no 度 ("5EA6) in font nullfont!
Missing character: There is no 上 ("4E0A) in font nullfont!
Missing character: There is no 度 ("5EA6) in font nullfont!
Missing character: There is no 量 ("91CF) in font nullfont!
Missing character: There is no 突 ("7A81) in font nullfont!
Missing character: There is no 发 ("53D1) in font nullfont!
Missing character: There is no 性 ("6027) in font nullfont!
Missing character: There is no ， ("FF0C) in font nullfont!
Missing character: There is no 可 ("53EF) in font nullfont!
Missing character: There is no 先 ("5148) in font nullfont!
Missing character: There is no 按 ("6309) in font nullfont!
Missing character: There is no 窗 ("7A97) in font nullfont!
Missing character: There is no 口 ("53E3) in font nullfont!
Missing character: There is no 大 ("5927) in font nullfont!
Missing character: There is no 小 ("5C0F) in font nullfont!
Missing character: There is no 做 ("505A) in font nullfont!
Missing character: There is no 聚 ("805A) in font nullfont!
Missing character: There is no 合 ("5408) in font nullfont!
Missing character: There is no （ ("FF08) in font nullfont!
Missing character: There is no 每 ("6BCF) in font nullfont!
Missing character: There is no 时 ("65F6) in font nullfont!
Missing character: There is no 隙 ("9699) in font nullfont!
Missing character: There is no 求 ("6C42) in font nullfont!
Missing character: There is no 和 ("548C) in font nullfont!
Missing character: There is no ） ("FF09) in font nullfont!
Missing character: There is no ， ("FF0C) in font nullfont!
Missing character: There is no 再 ("518D) in font nullfont!
Missing character: There is no 计 ("8BA1) in font nullfont!
Missing character: There is no 算 ("7B97) in font nullfont!
Missing character: There is no 窗 ("7A97) in font nullfont!
Missing character: There is no 口 ("53E3) in font nullfont!
Missing character: There is no 级 ("7EA7) in font nullfont!
Missing character: There is no 别 ("522B) in font nullfont!
Missing character: There is no 的 ("7684) in font nullfont!
Missing character: There is no ／ ("FF0F) in font nullfont!
Missing character: There is no 或 ("6216) in font nullfont!
Missing character: There is no F ("46) in font nullfont!
Missing character: There is no a ("61) in font nullfont!
Missing character: There is no n ("6E) in font nullfont!
Missing character: There is no o ("6F) in font nullfont!
Missing character: There is no 因 ("56E0) in font nullfont!
Missing character: There is no 子 ("5B50) in font nullfont!
Missing character: There is no 以 ("4EE5) in font nullfont!
Missing character: There is no 观 ("89C2) in font nullfont!
Missing character: There is no 测 ("6D4B) in font nullfont!
Missing character: There is no 尺 ("5C3A) in font nullfont!
Missing character: There is no 度 ("5EA6) in font nullfont!
Missing character: There is no 演 ("6F14) in font nullfont!
Missing character: There is no 化 ("5316) in font nullfont!
Missing character: There is no 。 ("3002) in font nullfont!

Overfull \hbox (10.83334pt too wide) in paragraph at lines 257--258
\OML/cmm/m/it/10 W$
 []


Overfull \hbox (10.83334pt too wide) in paragraph at lines 257--258
\OML/cmm/m/it/10 W$
 []


Overfull \hbox (21.94449pt too wide) in paragraph at lines 257--258
[]$$[]$
 []

)
! Emergency stop.
<*> Chapter_051.tex
                   
*** (job aborted, no legal \end found)

 
Here is how much of TeX's memory you used:
 53 strings out of 476179
 752 string characters out of 5813072
 316507 words of memory out of 5000000
 20899 multiletter control sequences out of 15000+600000
 470202 words of font info for 33 fonts, out of 8000000 for 9000
 1348 hyphenation exceptions out of 8191
 24i,6n,23p,329b,126s stack positions out of 10000i,1000n,20000p,200000b,200000s
Output written on Chapter_051.pdf (1 page).
