This is XeTeX, Version 3.141592653-2.6-0.999994 (TeX Live 2022) (preloaded format=xelatex 2022.6.28)  15 MAR 2026 16:23
entering extended mode
 restricted \write18 enabled.
 %&-line parsing enabled.
**Chapter_05.tex
(./Chapter_05.tex
LaTeX2e <2021-11-15> patch level 1
L3 programming layer <2022-02-24>
! Undefined control sequence.
l.1 \chapter
            {基于监督学习的智能协议与参数联合选择方法}
The control sequence at the end of the top line
of your error message was never \def'ed. If you have
misspelled it (e.g., `\hobx'), type `I' and the correct
spelling (e.g., `I\hbox'). Otherwise just continue,
and I'll forget about whatever was undefined.


! LaTeX Error: Missing \begin{document}.

See the LaTeX manual or LaTeX Companion for explanation.
Type  H <return>  for immediate help.
 ...                                              
                                                  
l.1 \chapter{基
              于监督学习的智能协议与参数联合选择方法}
You're in trouble here.  Try typing  <return>  to proceed.
If that doesn't work, type  X <return>  to quit.

Missing character: There is no 基 ("57FA) in font nullfont!
Missing character: There is no 于 ("4E8E) in font nullfont!
Missing character: There is no 监 ("76D1) in font nullfont!
Missing character: There is no 督 ("7763) in font nullfont!
Missing character: There is no 学 ("5B66) in font nullfont!
Missing character: There is no 习 ("4E60) in font nullfont!
Missing character: There is no 的 ("7684) in font nullfont!
Missing character: There is no 智 ("667A) in font nullfont!
Missing character: There is no 能 ("80FD) in font nullfont!
Missing character: There is no 协 ("534F) in font nullfont!
Missing character: There is no 议 ("8BAE) in font nullfont!
Missing character: There is no 与 ("4E0E) in font nullfont!
Missing character: There is no 参 ("53C2) in font nullfont!
Missing character: There is no 数 ("6570) in font nullfont!
Missing character: There is no 联 ("8054) in font nullfont!
Missing character: There is no 合 ("5408) in font nullfont!
Missing character: There is no 选 ("9009) in font nullfont!
Missing character: There is no 择 ("62E9) in font nullfont!
Missing character: There is no 方 ("65B9) in font nullfont!
Missing character: There is no 法 ("6CD5) in font nullfont!

Overfull \hbox (20.0pt too wide) in paragraph at lines 1--2
[] 
 []


! LaTeX Error: Missing \begin{document}.

See the LaTeX manual or LaTeX Companion for explanation.
Type  H <return>  for immediate help.
 ...                                              
                                                  
l.4 现
     代无线网络，尤其是物联网场景，业务需求呈现出显著的多样性与动态性。不同业务在接入密度、数据包长度及时延敏感度等方面差异明显，使得单一随机接入协...

You're in trouble here.  Try typing  <return>  to proceed.
If that doesn't work, type  X <return>  to quit.

Missing character: There is no 现 ("73B0) in font nullfont!
Missing character: There is no 代 ("4EE3) in font nullfont!
Missing character: There is no 无 ("65E0) in font nullfont!
Missing character: There is no 线 ("7EBF) in font nullfont!
Missing character: There is no 网 ("7F51) in font nullfont!
Missing character: There is no 络 ("7EDC) in font nullfont!
Missing character: There is no ， ("FF0C) in font nullfont!
Missing character: There is no 尤 ("5C24) in font nullfont!
Missing character: There is no 其 ("5176) in font nullfont!
Missing character: There is no 是 ("662F) in font nullfont!
Missing character: There is no 物 ("7269) in font nullfont!
Missing character: There is no 联 ("8054) in font nullfont!
Missing character: There is no 网 ("7F51) in font nullfont!
Missing character: There is no 场 ("573A) in font nullfont!
Missing character: There is no 景 ("666F) in font nullfont!
Missing character: There is no ， ("FF0C) in font nullfont!
Missing character: There is no 业 ("4E1A) in font nullfont!
Missing character: There is no 务 ("52A1) in font nullfont!
Missing character: There is no 需 ("9700) in font nullfont!
Missing character: There is no 求 ("6C42) in font nullfont!
Missing character: There is no 呈 ("5448) in font nullfont!
Missing character: There is no 现 ("73B0) in font nullfont!
Missing character: There is no 出 ("51FA) in font nullfont!
Missing character: There is no 显 ("663E) in font nullfont!
Missing character: There is no 著 ("8457) in font nullfont!
Missing character: There is no 的 ("7684) in font nullfont!
Missing character: There is no 多 ("591A) in font nullfont!
Missing character: There is no 样 ("6837) in font nullfont!
Missing character: There is no 性 ("6027) in font nullfont!
Missing character: There is no 与 ("4E0E) in font nullfont!
Missing character: There is no 动 ("52A8) in font nullfont!
Missing character: There is no 态 ("6001) in font nullfont!
Missing character: There is no 性 ("6027) in font nullfont!
Missing character: There is no 。 ("3002) in font nullfont!
Missing character: There is no 不 ("4E0D) in font nullfont!
Missing character: There is no 同 ("540C) in font nullfont!
Missing character: There is no 业 ("4E1A) in font nullfont!
Missing character: There is no 务 ("52A1) in font nullfont!
Missing character: There is no 在 ("5728) in font nullfont!
Missing character: There is no 接 ("63A5) in font nullfont!
Missing character: There is no 入 ("5165) in font nullfont!
Missing character: There is no 密 ("5BC6) in font nullfont!
Missing character: There is no 度 ("5EA6) in font nullfont!
Missing character: There is no 、 ("3001) in font nullfont!
Missing character: There is no 数 ("6570) in font nullfont!
Missing character: There is no 据 ("636E) in font nullfont!
Missing character: There is no 包 ("5305) in font nullfont!
Missing character: There is no 长 ("957F) in font nullfont!
Missing character: There is no 度 ("5EA6) in font nullfont!
Missing character: There is no 及 ("53CA) in font nullfont!
Missing character: There is no 时 ("65F6) in font nullfont!
Missing character: There is no 延 ("5EF6) in font nullfont!
Missing character: There is no 敏 ("654F) in font nullfont!
Missing character: There is no 感 ("611F) in font nullfont!
Missing character: There is no 度 ("5EA6) in font nullfont!
Missing character: There is no 等 ("7B49) in font nullfont!
Missing character: There is no 方 ("65B9) in font nullfont!
Missing character: There is no 面 ("9762) in font nullfont!
Missing character: There is no 差 ("5DEE) in font nullfont!
Missing character: There is no 异 ("5F02) in font nullfont!
Missing character: There is no 明 ("660E) in font nullfont!
Missing character: There is no 显 ("663E) in font nullfont!
Missing character: There is no ， ("FF0C) in font nullfont!
Missing character: There is no 使 ("4F7F) in font nullfont!
Missing character: There is no 得 ("5F97) in font nullfont!
Missing character: There is no 单 ("5355) in font nullfont!
Missing character: There is no 一 ("4E00) in font nullfont!
Missing character: There is no 随 ("968F) in font nullfont!
Missing character: There is no 机 ("673A) in font nullfont!
Missing character: There is no 接 ("63A5) in font nullfont!
Missing character: There is no 入 ("5165) in font nullfont!
Missing character: There is no 协 ("534F) in font nullfont!
Missing character: There is no 议 ("8BAE) in font nullfont!
Missing character: There is no 难 ("96BE) in font nullfont!
Missing character: There is no 以 ("4EE5) in font nullfont!
Missing character: There is no 在 ("5728) in font nullfont!
Missing character: There is no 复 ("590D) in font nullfont!
Missing character: There is no 杂 ("6742) in font nullfont!
Missing character: There is no 多 ("591A) in font nullfont!
Missing character: There is no 变 ("53D8) in font nullfont!
Missing character: There is no 的 ("7684) in font nullfont!
Missing character: There is no 网 ("7F51) in font nullfont!
Missing character: There is no 络 ("7EDC) in font nullfont!
Missing character: There is no 条 ("6761) in font nullfont!
Missing character: There is no 件 ("4EF6) in font nullfont!
Missing character: There is no 下 ("4E0B) in font nullfont!
Missing character: There is no 始 ("59CB) in font nullfont!
Missing character: There is no 终 ("7EC8) in font nullfont!
Missing character: There is no 保 ("4FDD) in font nullfont!
Missing character: There is no 持 ("6301) in font nullfont!
Missing character: There is no 最 ("6700) in font nullfont!
Missing character: There is no 优 ("4F18) in font nullfont!
Missing character: There is no 性 ("6027) in font nullfont!
Missing character: There is no 能 ("80FD) in font nullfont!
Missing character: There is no 。 ("3002) in font nullfont!
Missing character: There is no 传 ("4F20) in font nullfont!
Missing character: There is no 统 ("7EDF) in font nullfont!
Missing character: There is no 基 ("57FA) in font nullfont!
Missing character: There is no 于 ("4E8E) in font nullfont!
Missing character: There is no 固 ("56FA) in font nullfont!
Missing character: There is no 定 ("5B9A) in font nullfont!
Missing character: There is no 协 ("534F) in font nullfont!
Missing character: There is no 议 ("8BAE) in font nullfont!
Missing character: There is no 与 ("4E0E) in font nullfont!
Missing character: There is no 静 ("9759) in font nullfont!
Missing character: There is no 态 ("6001) in font nullfont!
Missing character: There is no 参 ("53C2) in font nullfont!
Missing character: There is no 数 ("6570) in font nullfont!
Missing character: There is no 配 ("914D) in font nullfont!
Missing character: There is no 置 ("7F6E) in font nullfont!
Missing character: There is no 的 ("7684) in font nullfont!
Missing character: There is no 设 ("8BBE) in font nullfont!
Missing character: There is no 计 ("8BA1) in font nullfont!
Missing character: There is no ， ("FF0C) in font nullfont!
Missing character: There is no 难 ("96BE) in font nullfont!
Missing character: There is no 以 ("4EE5) in font nullfont!
Missing character: There is no 同 ("540C) in font nullfont!
Missing character: There is no 时 ("65F6) in font nullfont!
Missing character: There is no 兼 ("517C) in font nullfont!
Missing character: There is no 顾 ("987E) in font nullfont!
Missing character: There is no 吞 ("541E) in font nullfont!
Missing character: There is no 吐 ("5410) in font nullfont!
Missing character: There is no 量 ("91CF) in font nullfont!
Missing character: There is no 、 ("3001) in font nullfont!
Missing character: There is no 时 ("65F6) in font nullfont!
Missing character: There is no 延 ("5EF6) in font nullfont!
Missing character: There is no 、 ("3001) in font nullfont!
Missing character: There is no 公 ("516C) in font nullfont!
Missing character: There is no 平 ("5E73) in font nullfont!
Missing character: There is no 性 ("6027) in font nullfont!
Missing character: There is no 、 ("3001) in font nullfont!
Missing character: There is no 信 ("4FE1) in font nullfont!
Missing character: There is no 令 ("4EE4) in font nullfont!
Missing character: There is no 开 ("5F00) in font nullfont!
Missing character: There is no 销 ("9500) in font nullfont!
Missing character: There is no 多 ("591A) in font nullfont!
Missing character: There is no 维 ("7EF4) in font nullfont!
Missing character: There is no 性 ("6027) in font nullfont!
Missing character: There is no 能 ("80FD) in font nullfont!
Missing character: There is no 指 ("6307) in font nullfont!
Missing character: There is no 标 ("6807) in font nullfont!
Missing character: There is no ， ("FF0C) in font nullfont!
Missing character: There is no 存 ("5B58) in font nullfont!
Missing character: There is no 在 ("5728) in font nullfont!
Missing character: There is no 明 ("660E) in font nullfont!
Missing character: There is no 显 ("663E) in font nullfont!
Missing character: There is no 局 ("5C40) in font nullfont!
Missing character: There is no 限 ("9650) in font nullfont!
Missing character: There is no 。 ("3002) in font nullfont!
Missing character: There is no 不 ("4E0D) in font nullfont!
Missing character: There is no 同 ("540C) in font nullfont!
Missing character: There is no 随 ("968F) in font nullfont!
Missing character: There is no 机 ("673A) in font nullfont!
Missing character: There is no 接 ("63A5) in font nullfont!
Missing character: There is no 入 ("5165) in font nullfont!
Missing character: There is no 协 ("534F) in font nullfont!
Missing character: There is no 议 ("8BAE) in font nullfont!
Missing character: There is no 在 ("5728) in font nullfont!
Missing character: There is no 吞 ("541E) in font nullfont!
Missing character: There is no 吐 ("5410) in font nullfont!
Missing character: There is no 性 ("6027) in font nullfont!
Missing character: There is no 能 ("80FD) in font nullfont!
Missing character: There is no 、 ("3001) in font nullfont!
Missing character: There is no 时 ("65F6) in font nullfont!
Missing character: There is no 延 ("5EF6) in font nullfont!
Missing character: There is no 特 ("7279) in font nullfont!
Missing character: There is no 性 ("6027) in font nullfont!
Missing character: There is no 、 ("3001) in font nullfont!
Missing character: There is no 信 ("4FE1) in font nullfont!
Missing character: There is no 令 ("4EE4) in font nullfont!
Missing character: There is no 开 ("5F00) in font nullfont!
Missing character: There is no 销 ("9500) in font nullfont!
Missing character: There is no 方 ("65B9) in font nullfont!
Missing character: There is no 面 ("9762) in font nullfont!
Missing character: There is no 表 ("8868) in font nullfont!
Missing character: There is no 现 ("73B0) in font nullfont!
Missing character: There is no 各 ("5404) in font nullfont!
Missing character: There is no 异 ("5F02) in font nullfont!
Missing character: There is no 。 ("3002) in font nullfont!
Missing character: There is no 表 ("8868) in font nullfont!
! Undefined control sequence.
<write> ...:protocol_comparison' on page \thepage 
                                                  \space undefined\on@line .^^J
l.5 ...、信令开销方面表现各异。表~\ref{tab:protocol_comparison}
                                                   对 Slotted Aloha(SA)、SAST、...
The control sequence at the end of the top line
of your error message was never \def'ed. If you have
misspelled it (e.g., `\hobx'), type `I' and the correct
spelling (e.g., `I\hbox'). Otherwise just continue,
and I'll forget about whatever was undefined.


LaTeX Warning: Reference `tab:protocol_comparison' on page  undefined on input 
line 5.

Missing character: There is no 对 ("5BF9) in font nullfont!
Missing character: There is no S ("53) in font nullfont!
Missing character: There is no l ("6C) in font nullfont!
Missing character: There is no o ("6F) in font nullfont!
Missing character: There is no t ("74) in font nullfont!
Missing character: There is no t ("74) in font nullfont!
Missing character: There is no e ("65) in font nullfont!
Missing character: There is no d ("64) in font nullfont!
Missing character: There is no A ("41) in font nullfont!
Missing character: There is no l ("6C) in font nullfont!
Missing character: There is no o ("6F) in font nullfont!
Missing character: There is no h ("68) in font nullfont!
Missing character: There is no a ("61) in font nullfont!
Missing character: There is no ( ("28) in font nullfont!
Missing character: There is no S ("53) in font nullfont!
Missing character: There is no A ("41) in font nullfont!
Missing character: There is no ) ("29) in font nullfont!
Missing character: There is no 、 ("3001) in font nullfont!
Missing character: There is no S ("53) in font nullfont!
Missing character: There is no A ("41) in font nullfont!
Missing character: There is no S ("53) in font nullfont!
Missing character: There is no T ("54) in font nullfont!
Missing character: There is no 、 ("3001) in font nullfont!
Missing character: There is no C ("43) in font nullfont!
Missing character: There is no B ("42) in font nullfont!
Missing character: There is no A ("41) in font nullfont!
Missing character: There is no 典 ("5178) in font nullfont!
Missing character: There is no 型 ("578B) in font nullfont!
Missing character: There is no 协 ("534F) in font nullfont!
Missing character: There is no 议 ("8BAE) in font nullfont!
Missing character: There is no 进 ("8FDB) in font nullfont!
Missing character: There is no 行 ("884C) in font nullfont!
Missing character: There is no 了 ("4E86) in font nullfont!
Missing character: There is no 定 ("5B9A) in font nullfont!
Missing character: There is no 性 ("6027) in font nullfont!
Missing character: There is no 对 ("5BF9) in font nullfont!
Missing character: There is no 比 ("6BD4) in font nullfont!
Missing character: There is no ， ("FF0C) in font nullfont!
Missing character: There is no 可 ("53EF) in font nullfont!
Missing character: There is no 以 ("4EE5) in font nullfont!
Missing character: There is no 看 ("770B) in font nullfont!
Missing character: There is no 出 ("51FA) in font nullfont!
Missing character: There is no ， ("FF0C) in font nullfont!
Missing character: There is no 协 ("534F) in font nullfont!
Missing character: There is no 议 ("8BAE) in font nullfont!
Missing character: There is no 机 ("673A) in font nullfont!
Missing character: There is no 制 ("5236) in font nullfont!
Missing character: There is no 的 ("7684) in font nullfont!
Missing character: There is no 增 ("589E) in font nullfont!
Missing character: There is no 强 ("5F3A) in font nullfont!
Missing character: There is no 虽 ("867D) in font nullfont!
Missing character: There is no 可 ("53EF) in font nullfont!
Missing character: There is no 显 ("663E) in font nullfont!
Missing character: There is no 著 ("8457) in font nullfont!
Missing character: There is no 提 ("63D0) in font nullfont!
Missing character: There is no 升 ("5347) in font nullfont!
Missing character: There is no 系 ("7CFB) in font nullfont!
Missing character: There is no 统 ("7EDF) in font nullfont!
Missing character: There is no 吞 ("541E) in font nullfont!
Missing character: There is no 吐 ("5410) in font nullfont!
Missing character: There is no ， ("FF0C) in font nullfont!
Missing character: There is no 但 ("4F46) in font nullfont!
Missing character: There is no 同 ("540C) in font nullfont!
Missing character: There is no 时 ("65F6) in font nullfont!
Missing character: There is no 也 ("4E5F) in font nullfont!
Missing character: There is no 可 ("53EF) in font nullfont!
Missing character: There is no 能 ("80FD) in font nullfont!
Missing character: There is no 带 ("5E26) in font nullfont!
Missing character: There is no 来 ("6765) in font nullfont!
Missing character: There is no 更 ("66F4) in font nullfont!
Missing character: There is no 高 ("9AD8) in font nullfont!
Missing character: There is no 的 ("7684) in font nullfont!
Missing character: There is no 信 ("4FE1) in font nullfont!
Missing character: There is no 令 ("4EE4) in font nullfont!
Missing character: There is no 开 ("5F00) in font nullfont!
Missing character: There is no 销 ("9500) in font nullfont!
Missing character: There is no ， ("FF0C) in font nullfont!
Missing character: There is no 进 ("8FDB) in font nullfont!
Missing character: There is no 一 ("4E00) in font nullfont!
Missing character: There is no 步 ("6B65) in font nullfont!
Missing character: There is no 表 ("8868) in font nullfont!
Missing character: There is no 明 ("660E) in font nullfont!
Missing character: There is no 难 ("96BE) in font nullfont!
Missing character: There is no 以 ("4EE5) in font nullfont!
Missing character: There is no 依 ("4F9D) in font nullfont!
Missing character: There is no 靠 ("9760) in font nullfont!
Missing character: There is no 单 ("5355) in font nullfont!
Missing character: There is no 一 ("4E00) in font nullfont!
Missing character: There is no 协 ("534F) in font nullfont!
Missing character: There is no 议 ("8BAE) in font nullfont!
Missing character: There is no 适 ("9002) in font nullfont!
Missing character: There is no 应 ("5E94) in font nullfont!
Missing character: There is no 所 ("6240) in font nullfont!
Missing character: There is no 有 ("6709) in font nullfont!
Missing character: There is no 场 ("573A) in font nullfont!
Missing character: There is no 景 ("666F) in font nullfont!
Missing character: There is no 。 ("3002) in font nullfont!

Overfull \hbox (20.0pt too wide) in paragraph at lines 4--6
[]
 []


Overfull \hbox (10.86pt too wide) in paragraph at lines 4--6
[]
 []


! LaTeX Error: Environment table undefined.

See the LaTeX manual or LaTeX Companion for explanation.
Type  H <return>  for immediate help.
 ...                                              
                                                  
l.7 \begin{table}
                 [htbp]
Your command was ignored.
Type  I <command> <return>  to replace it with another command,
or  <return>  to continue without it.


! LaTeX Error: Missing \begin{document}.

See the LaTeX manual or LaTeX Companion for explanation.
Type  H <return>  for immediate help.
 ...                                              
                                                  
l.7 \begin{table}[
                  htbp]
You're in trouble here.  Try typing  <return>  to proceed.
If that doesn't work, type  X <return>  to quit.

Missing character: There is no [ ("5B) in font nullfont!
Missing character: There is no h ("68) in font nullfont!
Missing character: There is no t ("74) in font nullfont!
Missing character: There is no b ("62) in font nullfont!
Missing character: There is no p ("70) in font nullfont!
Missing character: There is no ] ("5D) in font nullfont!

! LaTeX Error: \caption outside float.

See the LaTeX manual or LaTeX Companion for explanation.
Type  H <return>  for immediate help.
 ...                                              
                                                  
l.9 \caption
            {不同随机接入协议的定性性能对比}
You're in trouble here.  Try typing  <return>  to proceed.
If that doesn't work, type  X <return>  to quit.

Missing character: There is no 不 ("4E0D) in font nullfont!
Missing character: There is no 同 ("540C) in font nullfont!
Missing character: There is no 随 ("968F) in font nullfont!
Missing character: There is no 机 ("673A) in font nullfont!
Missing character: There is no 接 ("63A5) in font nullfont!
Missing character: There is no 入 ("5165) in font nullfont!
Missing character: There is no 协 ("534F) in font nullfont!
Missing character: There is no 议 ("8BAE) in font nullfont!
Missing character: There is no 的 ("7684) in font nullfont!
Missing character: There is no 定 ("5B9A) in font nullfont!
Missing character: There is no 性 ("6027) in font nullfont!
Missing character: There is no 性 ("6027) in font nullfont!
Missing character: There is no 能 ("80FD) in font nullfont!
Missing character: There is no 对 ("5BF9) in font nullfont!
Missing character: There is no 比 ("6BD4) in font nullfont!
LaTeX Font Info:    External font `cmex10' loaded for size
(Font)              <7> on input line 12.
LaTeX Font Info:    External font `cmex10' loaded for size
(Font)              <5> on input line 12.
Missing character: There is no 协 (U+534F) in font [lmroman10-bold]:mapping=tex-
text;!
Missing character: There is no 议 (U+8BAE) in font [lmroman10-bold]:mapping=tex-
text;!
Missing character: There is no 吞 (U+541E) in font [lmroman10-bold]:mapping=tex-
text;!
Missing character: There is no 吐 (U+5410) in font [lmroman10-bold]:mapping=tex-
text;!
Missing character: There is no 性 (U+6027) in font [lmroman10-bold]:mapping=tex-
text;!
Missing character: There is no 能 (U+80FD) in font [lmroman10-bold]:mapping=tex-
text;!
Missing character: There is no 时 (U+65F6) in font [lmroman10-bold]:mapping=tex-
text;!
Missing character: There is no 延 (U+5EF6) in font [lmroman10-bold]:mapping=tex-
text;!
Missing character: There is no 特 (U+7279) in font [lmroman10-bold]:mapping=tex-
text;!
Missing character: There is no 性 (U+6027) in font [lmroman10-bold]:mapping=tex-
text;!
Missing character: There is no 信 (U+4FE1) in font [lmroman10-bold]:mapping=tex-
text;!
Missing character: There is no 令 (U+4EE4) in font [lmroman10-bold]:mapping=tex-
text;!
Missing character: There is no 开 (U+5F00) in font [lmroman10-bold]:mapping=tex-
text;!
Missing character: There is no 销 (U+9500) in font [lmroman10-bold]:mapping=tex-
text;!
Missing character: There is no S ("53) in font nullfont!
Missing character: There is no A ("41) in font nullfont!
Missing character: There is no 低 ("4F4E) in font nullfont!
Missing character: There is no 低 ("4F4E) in font nullfont!
Missing character: There is no 中 ("4E2D) in font nullfont!
Missing character: There is no S ("53) in font nullfont!
Missing character: There is no A ("41) in font nullfont!
Missing character: There is no S ("53) in font nullfont!
Missing character: There is no T ("54) in font nullfont!
Missing character: There is no 中 ("4E2D) in font nullfont!
Missing character: There is no 中 ("4E2D) in font nullfont!
Missing character: There is no 低 ("4F4E) in font nullfont!
Missing character: There is no C ("43) in font nullfont!
Missing character: There is no B ("42) in font nullfont!
Missing character: There is no A ("41) in font nullfont!
Missing character: There is no 高 ("9AD8) in font nullfont!
Missing character: There is no 中 ("4E2D) in font nullfont!
Missing character: There is no - ("2D) in font nullfont!
Missing character: There is no 高 ("9AD8) in font nullfont!
Missing character: There is no 高 ("9AD8) in font nullfont!

! LaTeX Error: \begin{document} ended by \end{table}.

See the LaTeX manual or LaTeX Companion for explanation.
Type  H <return>  for immediate help.
 ...                                              
                                                  
l.23 \end{table}
                
Your command was ignored.
Type  I <command> <return>  to replace it with another command,
or  <return>  to continue without it.


Overfull \hbox (20.0pt too wide) in paragraph at lines 7--24
[]
 []


Overfull \hbox (39.20006pt too wide) in paragraph at lines 7--24
[]
 []


! LaTeX Error: Missing \begin{document}.

See the LaTeX manual or LaTeX Companion for explanation.
Type  H <return>  for immediate help.
 ...                                              
                                                  
l.26 因
      此，依据场景特征动态选择接入协议并联合优化其关键参数，成为提升系统整体性能的有效途径。围绕这一需求，本章研究如何在多协议共存的统一框架下，根...

You're in trouble here.  Try typing  <return>  to proceed.
If that doesn't work, type  X <return>  to quit.

Missing character: There is no 因 ("56E0) in font nullfont!
Missing character: There is no 此 ("6B64) in font nullfont!
Missing character: There is no ， ("FF0C) in font nullfont!
Missing character: There is no 依 ("4F9D) in font nullfont!
Missing character: There is no 据 ("636E) in font nullfont!
Missing character: There is no 场 ("573A) in font nullfont!
Missing character: There is no 景 ("666F) in font nullfont!
Missing character: There is no 特 ("7279) in font nullfont!
Missing character: There is no 征 ("5F81) in font nullfont!
Missing character: There is no 动 ("52A8) in font nullfont!
Missing character: There is no 态 ("6001) in font nullfont!
Missing character: There is no 选 ("9009) in font nullfont!
Missing character: There is no 择 ("62E9) in font nullfont!
Missing character: There is no 接 ("63A5) in font nullfont!
Missing character: There is no 入 ("5165) in font nullfont!
Missing character: There is no 协 ("534F) in font nullfont!
Missing character: There is no 议 ("8BAE) in font nullfont!
Missing character: There is no 并 ("5E76) in font nullfont!
Missing character: There is no 联 ("8054) in font nullfont!
Missing character: There is no 合 ("5408) in font nullfont!
Missing character: There is no 优 ("4F18) in font nullfont!
Missing character: There is no 化 ("5316) in font nullfont!
Missing character: There is no 其 ("5176) in font nullfont!
Missing character: There is no 关 ("5173) in font nullfont!
Missing character: There is no 键 ("952E) in font nullfont!
Missing character: There is no 参 ("53C2) in font nullfont!
Missing character: There is no 数 ("6570) in font nullfont!
Missing character: There is no ， ("FF0C) in font nullfont!
Missing character: There is no 成 ("6210) in font nullfont!
Missing character: There is no 为 ("4E3A) in font nullfont!
Missing character: There is no 提 ("63D0) in font nullfont!
Missing character: There is no 升 ("5347) in font nullfont!
Missing character: There is no 系 ("7CFB) in font nullfont!
Missing character: There is no 统 ("7EDF) in font nullfont!
Missing character: There is no 整 ("6574) in font nullfont!
Missing character: There is no 体 ("4F53) in font nullfont!
Missing character: There is no 性 ("6027) in font nullfont!
Missing character: There is no 能 ("80FD) in font nullfont!
Missing character: There is no 的 ("7684) in font nullfont!
Missing character: There is no 有 ("6709) in font nullfont!
Missing character: There is no 效 ("6548) in font nullfont!
Missing character: There is no 途 ("9014) in font nullfont!
Missing character: There is no 径 ("5F84) in font nullfont!
Missing character: There is no 。 ("3002) in font nullfont!
Missing character: There is no 围 ("56F4) in font nullfont!
Missing character: There is no 绕 ("7ED5) in font nullfont!
Missing character: There is no 这 ("8FD9) in font nullfont!
Missing character: There is no 一 ("4E00) in font nullfont!
Missing character: There is no 需 ("9700) in font nullfont!
Missing character: There is no 求 ("6C42) in font nullfont!
Missing character: There is no ， ("FF0C) in font nullfont!
Missing character: There is no 本 ("672C) in font nullfont!
Missing character: There is no 章 ("7AE0) in font nullfont!
Missing character: There is no 研 ("7814) in font nullfont!
Missing character: There is no 究 ("7A76) in font nullfont!
Missing character: There is no 如 ("5982) in font nullfont!
Missing character: There is no 何 ("4F55) in font nullfont!
Missing character: There is no 在 ("5728) in font nullfont!
Missing character: There is no 多 ("591A) in font nullfont!
Missing character: There is no 协 ("534F) in font nullfont!
Missing character: There is no 议 ("8BAE) in font nullfont!
Missing character: There is no 共 ("5171) in font nullfont!
Missing character: There is no 存 ("5B58) in font nullfont!
Missing character: There is no 的 ("7684) in font nullfont!
Missing character: There is no 统 ("7EDF) in font nullfont!
Missing character: There is no 一 ("4E00) in font nullfont!
Missing character: There is no 框 ("6846) in font nullfont!
Missing character: There is no 架 ("67B6) in font nullfont!
Missing character: There is no 下 ("4E0B) in font nullfont!
Missing character: There is no ， ("FF0C) in font nullfont!
Missing character: There is no 根 ("6839) in font nullfont!
Missing character: There is no 据 ("636E) in font nullfont!
Missing character: There is no 业 ("4E1A) in font nullfont!
Missing character: There is no 务 ("52A1) in font nullfont!
Missing character: There is no 流 ("6D41) in font nullfont!
Missing character: There is no 量 ("91CF) in font nullfont!
Missing character: There is no 状 ("72B6) in font nullfont!
Missing character: There is no 态 ("6001) in font nullfont!
Missing character: There is no 智 ("667A) in font nullfont!
Missing character: There is no 能 ("80FD) in font nullfont!
Missing character: There is no 决 ("51B3) in font nullfont!
Missing character: There is no 策 ("7B56) in font nullfont!
Missing character: There is no 最 ("6700) in font nullfont!
Missing character: There is no 优 ("4F18) in font nullfont!
Missing character: There is no 协 ("534F) in font nullfont!
Missing character: There is no 议 ("8BAE) in font nullfont!
Missing character: There is no 及 ("53CA) in font nullfont!
Missing character: There is no 其 ("5176) in font nullfont!
Missing character: There is no 参 ("53C2) in font nullfont!
Missing character: There is no 数 ("6570) in font nullfont!
Missing character: There is no 配 ("914D) in font nullfont!
Missing character: There is no 置 ("7F6E) in font nullfont!
Missing character: There is no 。 ("3002) in font nullfont!
Missing character: There is no 针 ("9488) in font nullfont!
Missing character: There is no 对 ("5BF9) in font nullfont!
Missing character: There is no 此 ("6B64) in font nullfont!
Missing character: There is no 问 ("95EE) in font nullfont!
Missing character: There is no 题 ("9898) in font nullfont!
Missing character: There is no ， ("FF0C) in font nullfont!
Missing character: There is no 本 ("672C) in font nullfont!
Missing character: There is no 文 ("6587) in font nullfont!
Missing character: There is no 提 ("63D0) in font nullfont!
Missing character: There is no 出 ("51FA) in font nullfont!
Missing character: There is no 一 ("4E00) in font nullfont!
Missing character: There is no 种 ("79CD) in font nullfont!
Missing character: There is no 面 ("9762) in font nullfont!
Missing character: There is no 向 ("5411) in font nullfont!
Missing character: There is no 复 ("590D) in font nullfont!
Missing character: There is no 杂 ("6742) in font nullfont!
Missing character: There is no 业 ("4E1A) in font nullfont!
Missing character: There is no 务 ("52A1) in font nullfont!
Missing character: There is no 场 ("573A) in font nullfont!
Missing character: There is no 景 ("666F) in font nullfont!
Missing character: There is no 的 ("7684) in font nullfont!
Missing character: There is no 、 ("3001) in font nullfont!
Missing character: There is no 基 ("57FA) in font nullfont!
Missing character: There is no 于 ("4E8E) in font nullfont!
Missing character: There is no 监 ("76D1) in font nullfont!
Missing character: There is no 督 ("7763) in font nullfont!
Missing character: There is no 学 ("5B66) in font nullfont!
Missing character: There is no 习 ("4E60) in font nullfont!
Missing character: There is no 的 ("7684) in font nullfont!
Missing character: There is no 协 ("534F) in font nullfont!
Missing character: There is no 议 ("8BAE) in font nullfont!
Missing character: There is no 与 ("4E0E) in font nullfont!
Missing character: There is no 参 ("53C2) in font nullfont!
Missing character: There is no 数 ("6570) in font nullfont!
Missing character: There is no 联 ("8054) in font nullfont!
Missing character: There is no 合 ("5408) in font nullfont!
Missing character: There is no 选 ("9009) in font nullfont!
Missing character: There is no 择 ("62E9) in font nullfont!
Missing character: There is no 方 ("65B9) in font nullfont!
Missing character: There is no 法 ("6CD5) in font nullfont!
Missing character: There is no ， ("FF0C) in font nullfont!
Missing character: There is no 旨 ("65E8) in font nullfont!
Missing character: There is no 在 ("5728) in font nullfont!
Missing character: There is no 实 ("5B9E) in font nullfont!
Missing character: There is no 现 ("73B0) in font nullfont!
Missing character: There is no 网 ("7F51) in font nullfont!
Missing character: There is no 络 ("7EDC) in font nullfont!
Missing character: There is no 接 ("63A5) in font nullfont!
Missing character: There is no 入 ("5165) in font nullfont!
Missing character: There is no 策 ("7B56) in font nullfont!
Missing character: There is no 略 ("7565) in font nullfont!
Missing character: There is no 由 ("7531) in font nullfont!
Missing character: There is no 静 ("9759) in font nullfont!
Missing character: There is no 态 ("6001) in font nullfont!
Missing character: There is no 配 ("914D) in font nullfont!
Missing character: There is no 置 ("7F6E) in font nullfont!
Missing character: There is no 向 ("5411) in font nullfont!
Missing character: There is no 环 ("73AF) in font nullfont!
Missing character: There is no 境 ("5883) in font nullfont!
Missing character: There is no 感 ("611F) in font nullfont!
Missing character: There is no 知 ("77E5) in font nullfont!
Missing character: There is no 与 ("4E0E) in font nullfont!
Missing character: There is no 数 ("6570) in font nullfont!
Missing character: There is no 据 ("636E) in font nullfont!
Missing character: There is no 驱 ("9A71) in font nullfont!
Missing character: There is no 动 ("52A8) in font nullfont!
Missing character: There is no 决 ("51B3) in font nullfont!
Missing character: There is no 策 ("7B56) in font nullfont!
Missing character: There is no 的 ("7684) in font nullfont!
Missing character: There is no 转 ("8F6C) in font nullfont!
Missing character: There is no 变 ("53D8) in font nullfont!
Missing character: There is no ， ("FF0C) in font nullfont!
Missing character: There is no 从 ("4ECE) in font nullfont!
Missing character: There is no 而 ("800C) in font nullfont!
Missing character: There is no 在 ("5728) in font nullfont!
Missing character: There is no 吞 ("541E) in font nullfont!
Missing character: There is no 吐 ("5410) in font nullfont!
Missing character: There is no 量 ("91CF) in font nullfont!
Missing character: There is no 、 ("3001) in font nullfont!
Missing character: There is no 时 ("65F6) in font nullfont!
Missing character: There is no 延 ("5EF6) in font nullfont!
Missing character: There is no 与 ("4E0E) in font nullfont!
Missing character: There is no 公 ("516C) in font nullfont!
Missing character: There is no 平 ("5E73) in font nullfont!
Missing character: There is no 性 ("6027) in font nullfont!
Missing character: There is no 等 ("7B49) in font nullfont!
Missing character: There is no 多 ("591A) in font nullfont!
Missing character: There is no 维 ("7EF4) in font nullfont!
Missing character: There is no 性 ("6027) in font nullfont!
Missing character: There is no 能 ("80FD) in font nullfont!
Missing character: There is no 之 ("4E4B) in font nullfont!
Missing character: There is no 间 ("95F4) in font nullfont!
Missing character: There is no 取 ("53D6) in font nullfont!
Missing character: There is no 得 ("5F97) in font nullfont!
Missing character: There is no 更 ("66F4) in font nullfont!
Missing character: There is no 优 ("4F18) in font nullfont!
Missing character: There is no 平 ("5E73) in font nullfont!
Missing character: There is no 衡 ("8861) in font nullfont!
Missing character: There is no 。 ("3002) in font nullfont!

Overfull \hbox (20.0pt too wide) in paragraph at lines 26--28
[]
 []

! Undefined control sequence.
l.29 \section
             {问题建模与统一接入框架设计}
The control sequence at the end of the top line
of your error message was never \def'ed. If you have
misspelled it (e.g., `\hobx'), type `I' and the correct
spelling (e.g., `I\hbox'). Otherwise just continue,
and I'll forget about whatever was undefined.


! LaTeX Error: Missing \begin{document}.

See the LaTeX manual or LaTeX Companion for explanation.
Type  H <return>  for immediate help.
 ...                                              
                                                  
l.29 \section{问
               题建模与统一接入框架设计}
You're in trouble here.  Try typing  <return>  to proceed.
If that doesn't work, type  X <return>  to quit.

Missing character: There is no 问 ("95EE) in font nullfont!
Missing character: There is no 题 ("9898) in font nullfont!
Missing character: There is no 建 ("5EFA) in font nullfont!
Missing character: There is no 模 ("6A21) in font nullfont!
Missing character: There is no 与 ("4E0E) in font nullfont!
Missing character: There is no 统 ("7EDF) in font nullfont!
Missing character: There is no 一 ("4E00) in font nullfont!
Missing character: There is no 接 ("63A5) in font nullfont!
Missing character: There is no 入 ("5165) in font nullfont!
Missing character: There is no 框 ("6846) in font nullfont!
Missing character: There is no 架 ("67B6) in font nullfont!
Missing character: There is no 设 ("8BBE) in font nullfont!
Missing character: There is no 计 ("8BA1) in font nullfont!
Missing character: There is no 本 ("672C) in font nullfont!
Missing character: There is no 章 ("7AE0) in font nullfont!
Missing character: There is no 关 ("5173) in font nullfont!
Missing character: There is no 注 ("6CE8) in font nullfont!
Missing character: There is no 的 ("7684) in font nullfont!
Missing character: There is no 是 ("662F) in font nullfont!
Missing character: There is no 动 ("52A8) in font nullfont!
Missing character: There is no 态 ("6001) in font nullfont!
Missing character: There is no 业 ("4E1A) in font nullfont!
Missing character: There is no 务 ("52A1) in font nullfont!
Missing character: There is no 流 ("6D41) in font nullfont!
Missing character: There is no 量 ("91CF) in font nullfont!
Missing character: There is no 场 ("573A) in font nullfont!
Missing character: There is no 景 ("666F) in font nullfont!
Missing character: There is no ， ("FF0C) in font nullfont!
Missing character: There is no 节 ("8282) in font nullfont!
Missing character: There is no 点 ("70B9) in font nullfont!
Missing character: There is no 的 ("7684) in font nullfont!
Missing character: There is no 流 ("6D41) in font nullfont!
Missing character: There is no 量 ("91CF) in font nullfont!
Missing character: There is no 到 ("5230) in font nullfont!
Missing character: There is no 达 ("8FBE) in font nullfont!
Missing character: There is no 会 ("4F1A) in font nullfont!
Missing character: There is no 随 ("968F) in font nullfont!
Missing character: There is no 环 ("73AF) in font nullfont!
Missing character: There is no 境 ("5883) in font nullfont!
Missing character: There is no 变 ("53D8) in font nullfont!
Missing character: There is no 化 ("5316) in font nullfont!
Missing character: There is no 和 ("548C) in font nullfont!
Missing character: There is no 业 ("4E1A) in font nullfont!
Missing character: There is no 务 ("52A1) in font nullfont!
Missing character: There is no 需 ("9700) in font nullfont!
Missing character: There is no 求 ("6C42) in font nullfont!
Missing character: There is no 呈 ("5448) in font nullfont!
Missing character: There is no 现 ("73B0) in font nullfont!
Missing character: There is no 出 ("51FA) in font nullfont!
Missing character: There is no 显 ("663E) in font nullfont!
Missing character: There is no 著 ("8457) in font nullfont!
Missing character: There is no 的 ("7684) in font nullfont!
Missing character: There is no 动 ("52A8) in font nullfont!
Missing character: There is no 态 ("6001) in font nullfont!
Missing character: There is no 特 ("7279) in font nullfont!
Missing character: There is no 性 ("6027) in font nullfont!
Missing character: There is no ， ("FF0C) in font nullfont!
Missing character: There is no 这 ("8FD9) in font nullfont!
Missing character: There is no 导 ("5BFC) in font nullfont!
Missing character: There is no 致 ("81F4) in font nullfont!
Missing character: There is no 传 ("4F20) in font nullfont!
Missing character: There is no 统 ("7EDF) in font nullfont!
Missing character: There is no 针 ("9488) in font nullfont!
Missing character: There is no 对 ("5BF9) in font nullfont!
Missing character: There is no 单 ("5355) in font nullfont!
Missing character: There is no 一 ("4E00) in font nullfont!
Missing character: There is no 协 ("534F) in font nullfont!
Missing character: There is no 议 ("8BAE) in font nullfont!
Missing character: There is no 的 ("7684) in font nullfont!
Missing character: There is no 理 ("7406) in font nullfont!
Missing character: There is no 论 ("8BBA) in font nullfont!
Missing character: There is no 性 ("6027) in font nullfont!
Missing character: There is no 能 ("80FD) in font nullfont!
Missing character: There is no 分 ("5206) in font nullfont!
Missing character: There is no 析 ("6790) in font nullfont!
Missing character: There is no 方 ("65B9) in font nullfont!
Missing character: There is no 法 ("6CD5) in font nullfont!
Missing character: There is no 难 ("96BE) in font nullfont!
Missing character: There is no 以 ("4EE5) in font nullfont!
Missing character: There is no 适 ("9002) in font nullfont!
Missing character: There is no 应 ("5E94) in font nullfont!
Missing character: There is no 复 ("590D) in font nullfont!
Missing character: There is no 杂 ("6742) in font nullfont!
Missing character: There is no 多 ("591A) in font nullfont!
Missing character: There is no 变 ("53D8) in font nullfont!
Missing character: There is no 的 ("7684) in font nullfont!
Missing character: There is no 实 ("5B9E) in font nullfont!
Missing character: There is no 际 ("9645) in font nullfont!
Missing character: There is no 网 ("7F51) in font nullfont!
Missing character: There is no 络 ("7EDC) in font nullfont!
Missing character: There is no 环 ("73AF) in font nullfont!
Missing character: There is no 境 ("5883) in font nullfont!
Missing character: There is no 。 ("3002) in font nullfont!
Missing character: There is no 为 ("4E3A) in font nullfont!
Missing character: There is no 应 ("5E94) in font nullfont!
Missing character: There is no 对 ("5BF9) in font nullfont!
Missing character: There is no 这 ("8FD9) in font nullfont!
Missing character: There is no 一 ("4E00) in font nullfont!
Missing character: There is no 挑 ("6311) in font nullfont!
Missing character: There is no 战 ("6218) in font nullfont!
Missing character: There is no ， ("FF0C) in font nullfont!
Missing character: There is no 本 ("672C) in font nullfont!
Missing character: There is no 文 ("6587) in font nullfont!
Missing character: There is no 在 ("5728) in font nullfont!
! Undefined control sequence.
<write> ...general_system_model' on page \thepage 
                                                  \space undefined\on@line .^^J
l.30 ...。为应对这一挑战，本文在\ref{sec:general_system_model}
                                                  节的基础上，进一步构建了一种支持多协议并存运行且支持...
The control sequence at the end of the top line
of your error message was never \def'ed. If you have
misspelled it (e.g., `\hobx'), type `I' and the correct
spelling (e.g., `I\hbox'). Otherwise just continue,
and I'll forget about whatever was undefined.


LaTeX Warning: Reference `sec:general_system_model' on page  undefined on input
 line 30.

Missing character: There is no 节 ("8282) in font nullfont!
Missing character: There is no 的 ("7684) in font nullfont!
Missing character: There is no 基 ("57FA) in font nullfont!
Missing character: There is no 础 ("7840) in font nullfont!
Missing character: There is no 上 ("4E0A) in font nullfont!
Missing character: There is no ， ("FF0C) in font nullfont!
Missing character: There is no 进 ("8FDB) in font nullfont!
Missing character: There is no 一 ("4E00) in font nullfont!
Missing character: There is no 步 ("6B65) in font nullfont!
Missing character: There is no 构 ("6784) in font nullfont!
Missing character: There is no 建 ("5EFA) in font nullfont!
Missing character: There is no 了 ("4E86) in font nullfont!
Missing character: There is no 一 ("4E00) in font nullfont!
Missing character: There is no 种 ("79CD) in font nullfont!
Missing character: There is no 支 ("652F) in font nullfont!
Missing character: There is no 持 ("6301) in font nullfont!
Missing character: There is no 多 ("591A) in font nullfont!
Missing character: There is no 协 ("534F) in font nullfont!
Missing character: There is no 议 ("8BAE) in font nullfont!
Missing character: There is no 并 ("5E76) in font nullfont!
Missing character: There is no 存 ("5B58) in font nullfont!
Missing character: There is no 运 ("8FD0) in font nullfont!
Missing character: There is no 行 ("884C) in font nullfont!
Missing character: There is no 且 ("4E14) in font nullfont!
Missing character: There is no 支 ("652F) in font nullfont!
Missing character: There is no 持 ("6301) in font nullfont!
Missing character: There is no 动 ("52A8) in font nullfont!
Missing character: There is no 态 ("6001) in font nullfont!
Missing character: There is no 切 ("5207) in font nullfont!
Missing character: There is no 换 ("6362) in font nullfont!
Missing character: There is no 的 ("7684) in font nullfont!
Missing character: There is no 统 ("7EDF) in font nullfont!
Missing character: There is no 一 ("4E00) in font nullfont!
Missing character: There is no 随 ("968F) in font nullfont!
Missing character: There is no 机 ("673A) in font nullfont!
Missing character: There is no 接 ("63A5) in font nullfont!
Missing character: There is no 入 ("5165) in font nullfont!
Missing character: There is no 框 ("6846) in font nullfont!
Missing character: There is no 架 ("67B6) in font nullfont!
Missing character: There is no 。 ("3002) in font nullfont!
Missing character: There is no 在 ("5728) in font nullfont!
Missing character: There is no 该 ("8BE5) in font nullfont!
Missing character: There is no 框 ("6846) in font nullfont!
Missing character: There is no 架 ("67B6) in font nullfont!
Missing character: There is no 下 ("4E0B) in font nullfont!
Missing character: There is no ， ("FF0C) in font nullfont!
Missing character: There is no 节 ("8282) in font nullfont!
Missing character: There is no 点 ("70B9) in font nullfont!
Missing character: There is no 能 ("80FD) in font nullfont!
Missing character: There is no 够 ("591F) in font nullfont!
Missing character: There is no 根 ("6839) in font nullfont!
Missing character: There is no 据 ("636E) in font nullfont!
Missing character: There is no 当 ("5F53) in font nullfont!
Missing character: There is no 前 ("524D) in font nullfont!
Missing character: There is no 网 ("7F51) in font nullfont!
Missing character: There is no 络 ("7EDC) in font nullfont!
Missing character: There is no 状 ("72B6) in font nullfont!
Missing character: There is no 态 ("6001) in font nullfont!
Missing character: There is no 灵 ("7075) in font nullfont!
Missing character: There is no 活 ("6D3B) in font nullfont!
Missing character: There is no 选 ("9009) in font nullfont!
Missing character: There is no 择 ("62E9) in font nullfont!
Missing character: There is no 最 ("6700) in font nullfont!
Missing character: There is no 适 ("9002) in font nullfont!
Missing character: There is no 合 ("5408) in font nullfont!
Missing character: There is no 的 ("7684) in font nullfont!
Missing character: There is no 接 ("63A5) in font nullfont!
Missing character: There is no 入 ("5165) in font nullfont!
Missing character: There is no 协 ("534F) in font nullfont!
Missing character: There is no 议 ("8BAE) in font nullfont!
Missing character: There is no 及 ("53CA) in font nullfont!
Missing character: There is no 其 ("5176) in font nullfont!
Missing character: There is no 参 ("53C2) in font nullfont!
Missing character: There is no 数 ("6570) in font nullfont!
Missing character: There is no 配 ("914D) in font nullfont!
Missing character: There is no 置 ("7F6E) in font nullfont!
Missing character: There is no ， ("FF0C) in font nullfont!
Missing character: There is no 从 ("4ECE) in font nullfont!
Missing character: There is no 而 ("800C) in font nullfont!
Missing character: There is no 提 ("63D0) in font nullfont!
Missing character: There is no 升 ("5347) in font nullfont!
Missing character: There is no 系 ("7CFB) in font nullfont!
Missing character: There is no 统 ("7EDF) in font nullfont!
Missing character: There is no 整 ("6574) in font nullfont!
Missing character: There is no 体 ("4F53) in font nullfont!
Missing character: There is no 性 ("6027) in font nullfont!
Missing character: There is no 能 ("80FD) in font nullfont!
Missing character: There is no 。 ("3002) in font nullfont!

Overfull \hbox (20.0pt too wide) in paragraph at lines 29--31
[]
 []


Overfull \hbox (10.86pt too wide) in paragraph at lines 29--31
[] 
 []

! Undefined control sequence.
l.35 \subsection
                {问题建模}
The control sequence at the end of the top line
of your error message was never \def'ed. If you have
misspelled it (e.g., `\hobx'), type `I' and the correct
spelling (e.g., `I\hbox'). Otherwise just continue,
and I'll forget about whatever was undefined.


! LaTeX Error: Missing \begin{document}.

See the LaTeX manual or LaTeX Companion for explanation.
Type  H <return>  for immediate help.
 ...                                              
                                                  
l.35 \subsection{问
                  题建模}
You're in trouble here.  Try typing  <return>  to proceed.
If that doesn't work, type  X <return>  to quit.

Missing character: There is no 问 ("95EE) in font nullfont!
Missing character: There is no 题 ("9898) in font nullfont!
Missing character: There is no 建 ("5EFA) in font nullfont!
Missing character: There is no 模 ("6A21) in font nullfont!

Overfull \hbox (20.0pt too wide) in paragraph at lines 35--36
[] 
 []


! LaTeX Error: Missing \begin{document}.

See the LaTeX manual or LaTeX Companion for explanation.
Type  H <return>  for immediate help.
 ...                                              
                                                  
l.37 为
      便于后续章节统一叙述，这里首先对问题进行简要建模。对于任意网络场景，我们用统一输入向量 $\mathbf{X}_{\mathrm{in}}$...

You're in trouble here.  Try typing  <return>  to proceed.
If that doesn't work, type  X <return>  to quit.

Missing character: There is no 为 ("4E3A) in font nullfont!
Missing character: There is no 便 ("4FBF) in font nullfont!
Missing character: There is no 于 ("4E8E) in font nullfont!
Missing character: There is no 后 ("540E) in font nullfont!
Missing character: There is no 续 ("7EED) in font nullfont!
Missing character: There is no 章 ("7AE0) in font nullfont!
Missing character: There is no 节 ("8282) in font nullfont!
Missing character: There is no 统 ("7EDF) in font nullfont!
Missing character: There is no 一 ("4E00) in font nullfont!
Missing character: There is no 叙 ("53D9) in font nullfont!
Missing character: There is no 述 ("8FF0) in font nullfont!
Missing character: There is no ， ("FF0C) in font nullfont!
Missing character: There is no 这 ("8FD9) in font nullfont!
Missing character: There is no 里 ("91CC) in font nullfont!
Missing character: There is no 首 ("9996) in font nullfont!
Missing character: There is no 先 ("5148) in font nullfont!
Missing character: There is no 对 ("5BF9) in font nullfont!
Missing character: There is no 问 ("95EE) in font nullfont!
Missing character: There is no 题 ("9898) in font nullfont!
Missing character: There is no 进 ("8FDB) in font nullfont!
Missing character: There is no 行 ("884C) in font nullfont!
Missing character: There is no 简 ("7B80) in font nullfont!
Missing character: There is no 要 ("8981) in font nullfont!
Missing character: There is no 建 ("5EFA) in font nullfont!
Missing character: There is no 模 ("6A21) in font nullfont!
Missing character: There is no 。 ("3002) in font nullfont!
Missing character: There is no 对 ("5BF9) in font nullfont!
Missing character: There is no 于 ("4E8E) in font nullfont!
Missing character: There is no 任 ("4EFB) in font nullfont!
Missing character: There is no 意 ("610F) in font nullfont!
Missing character: There is no 网 ("7F51) in font nullfont!
Missing character: There is no 络 ("7EDC) in font nullfont!
Missing character: There is no 场 ("573A) in font nullfont!
Missing character: There is no 景 ("666F) in font nullfont!
Missing character: There is no ， ("FF0C) in font nullfont!
Missing character: There is no 我 ("6211) in font nullfont!
Missing character: There is no 们 ("4EEC) in font nullfont!
Missing character: There is no 用 ("7528) in font nullfont!
Missing character: There is no 统 ("7EDF) in font nullfont!
Missing character: There is no 一 ("4E00) in font nullfont!
Missing character: There is no 输 ("8F93) in font nullfont!
Missing character: There is no 入 ("5165) in font nullfont!
Missing character: There is no 向 ("5411) in font nullfont!
Missing character: There is no 量 ("91CF) in font nullfont!
Missing character: There is no 表 ("8868) in font nullfont!
Missing character: There is no 征 ("5F81) in font nullfont!
Missing character: There is no 其 ("5176) in font nullfont!
Missing character: There is no 关 ("5173) in font nullfont!
Missing character: There is no 键 ("952E) in font nullfont!
Missing character: There is no 配 ("914D) in font nullfont!
Missing character: There is no 置 ("7F6E) in font nullfont!
Missing character: There is no 与 ("4E0E) in font nullfont!
Missing character: There is no 状 ("72B6) in font nullfont!
Missing character: There is no 态 ("6001) in font nullfont!
Missing character: There is no 特 ("7279) in font nullfont!
Missing character: There is no 征 ("5F81) in font nullfont!
Missing character: There is no ， ("FF0C) in font nullfont!
Missing character: There is no 包 ("5305) in font nullfont!
Missing character: There is no 括 ("62EC) in font nullfont!
Missing character: There is no 业 ("4E1A) in font nullfont!
Missing character: There is no 务 ("52A1) in font nullfont!
Missing character: There is no 流 ("6D41) in font nullfont!
Missing character: There is no 量 ("91CF) in font nullfont!
Missing character: There is no 特 ("7279) in font nullfont!
Missing character: There is no 征 ("5F81) in font nullfont!
Missing character: There is no 、 ("3001) in font nullfont!
Missing character: There is no 网 ("7F51) in font nullfont!
Missing character: There is no 络 ("7EDC) in font nullfont!
Missing character: There is no 规 ("89C4) in font nullfont!
Missing character: There is no 模 ("6A21) in font nullfont!
Missing character: There is no 以 ("4EE5) in font nullfont!
Missing character: There is no 及 ("53CA) in font nullfont!
Missing character: There is no 可 ("53EF) in font nullfont!
Missing character: There is no 选 ("9009) in font nullfont!
Missing character: There is no 接 ("63A5) in font nullfont!
Missing character: There is no 入 ("5165) in font nullfont!
Missing character: There is no 协 ("534F) in font nullfont!
Missing character: There is no 议 ("8BAE) in font nullfont!
Missing character: There is no 的 ("7684) in font nullfont!
Missing character: There is no 候 ("5019) in font nullfont!
Missing character: There is no 选 ("9009) in font nullfont!
Missing character: There is no 范 ("8303) in font nullfont!
Missing character: There is no 围 ("56F4) in font nullfont!
Missing character: There is no 及 ("53CA) in font nullfont!
Missing character: There is no 协 ("534F) in font nullfont!
Missing character: There is no 议 ("8BAE) in font nullfont!
Missing character: There is no 参 ("53C2) in font nullfont!
Missing character: There is no 数 ("6570) in font nullfont!
Missing character: There is no 等 ("7B49) in font nullfont!
Missing character: There is no 。 ("3002) in font nullfont!
Missing character: There is no 在 ("5728) in font nullfont!
Missing character: There is no 给 ("7ED9) in font nullfont!
Missing character: There is no 定 ("5B9A) in font nullfont!
Missing character: There is no 后 ("540E) in font nullfont!
Missing character: There is no ， ("FF0C) in font nullfont!
Missing character: There is no 我 ("6211) in font nullfont!
Missing character: There is no 们 ("4EEC) in font nullfont!
Missing character: There is no 通 ("901A) in font nullfont!
Missing character: There is no 过 ("8FC7) in font nullfont!
Missing character: There is no 统 ("7EDF) in font nullfont!
Missing character: There is no 一 ("4E00) in font nullfont!
Missing character: There is no 仿 ("4EFF) in font nullfont!
Missing character: There is no 真 ("771F) in font nullfont!
Missing character: There is no 器 ("5668) in font nullfont!
Missing character: There is no 或 ("6216) in font nullfont!
Missing character: There is no 监 ("76D1) in font nullfont!
Missing character: There is no 督 ("7763) in font nullfont!
Missing character: There is no 学 ("5B66) in font nullfont!
Missing character: There is no 习 ("4E60) in font nullfont!
Missing character: There is no 代 ("4EE3) in font nullfont!
Missing character: There is no 理 ("7406) in font nullfont!
Missing character: There is no 模 ("6A21) in font nullfont!
Missing character: There is no 型 ("578B) in font nullfont!
Missing character: There is no 评 ("8BC4) in font nullfont!
Missing character: There is no 估 ("4F30) in font nullfont!
Missing character: There is no 该 ("8BE5) in font nullfont!
Missing character: There is no 配 ("914D) in font nullfont!
Missing character: There is no 置 ("7F6E) in font nullfont!
Missing character: There is no 下 ("4E0B) in font nullfont!
Missing character: There is no 的 ("7684) in font nullfont!
Missing character: There is no 系 ("7CFB) in font nullfont!
Missing character: There is no 统 ("7EDF) in font nullfont!
Missing character: There is no 性 ("6027) in font nullfont!
Missing character: There is no 能 ("80FD) in font nullfont!
Missing character: There is no 。 ("3002) in font nullfont!
Missing character: There is no 记 ("8BB0) in font nullfont!
Missing character: There is no 该 ("8BE5) in font nullfont!
Missing character: There is no 评 ("8BC4) in font nullfont!
Missing character: There is no 估 ("4F30) in font nullfont!
Missing character: There is no 过 ("8FC7) in font nullfont!
Missing character: There is no 程 ("7A0B) in font nullfont!
Missing character: There is no 为 ("4E3A) in font nullfont!
Missing character: There is no 一 ("4E00) in font nullfont!
Missing character: There is no 个 ("4E2A) in font nullfont!
Missing character: There is no 映 ("6620) in font nullfont!
Missing character: There is no 射 ("5C04) in font nullfont!
Missing character: There is no ， ("FF0C) in font nullfont!
Missing character: There is no 其 ("5176) in font nullfont!
Missing character: There is no 输 ("8F93) in font nullfont!
Missing character: There is no 出 ("51FA) in font nullfont!
Missing character: There is no 为 ("4E3A) in font nullfont!
Missing character: There is no 多 ("591A) in font nullfont!
Missing character: There is no 维 ("7EF4) in font nullfont!
Missing character: There is no 性 ("6027) in font nullfont!
Missing character: There is no 能 ("80FD) in font nullfont!
Missing character: There is no 指 ("6307) in font nullfont!
Missing character: There is no 标 ("6807) in font nullfont!
Missing character: There is no 向 ("5411) in font nullfont!
Missing character: There is no 量 ("91CF) in font nullfont!
Missing character: There is no 。 ("3002) in font nullfont!
Missing character: There is no 为 ("4E3A) in font nullfont!
Missing character: There is no 便 ("4FBF) in font nullfont!
Missing character: There is no 于 ("4E8E) in font nullfont!
Missing character: There is no 跨 ("8DE8) in font nullfont!
Missing character: There is no 场 ("573A) in font nullfont!
Missing character: There is no 景 ("666F) in font nullfont!
Missing character: There is no 与 ("4E0E) in font nullfont!
Missing character: There is no 跨 ("8DE8) in font nullfont!
Missing character: There is no 协 ("534F) in font nullfont!
Missing character: There is no 议 ("8BAE) in font nullfont!
Missing character: There is no 比 ("6BD4) in font nullfont!
Missing character: There is no 较 ("8F83) in font nullfont!
Missing character: There is no ， ("FF0C) in font nullfont!
Missing character: There is no 引 ("5F15) in font nullfont!
Missing character: There is no 入 ("5165) in font nullfont!
Missing character: There is no 归 ("5F52) in font nullfont!
Missing character: There is no 一 ("4E00) in font nullfont!
Missing character: There is no 化 ("5316) in font nullfont!
Missing character: There is no 算 ("7B97) in font nullfont!
Missing character: There is no 子 ("5B50) in font nullfont!
Missing character: There is no ， ("FF0C) in font nullfont!
Missing character: There is no 得 ("5F97) in font nullfont!
Missing character: There is no 到 ("5230) in font nullfont!
Missing character: There is no 归 ("5F52) in font nullfont!
Missing character: There is no 一 ("4E00) in font nullfont!
Missing character: There is no 化 ("5316) in font nullfont!
Missing character: There is no 后 ("540E) in font nullfont!
Missing character: There is no 的 ("7684) in font nullfont!
Missing character: There is no 指 ("6307) in font nullfont!
Missing character: There is no 标 ("6807) in font nullfont!
Missing character: There is no 向 ("5411) in font nullfont!
Missing character: There is no 量 ("91CF) in font nullfont!
Missing character: There is no 。 ("3002) in font nullfont!
Missing character: There is no 在 ("5728) in font nullfont!
Missing character: There is no 此 ("6B64) in font nullfont!
Missing character: There is no 基 ("57FA) in font nullfont!
Missing character: There is no 础 ("7840) in font nullfont!
Missing character: There is no 上 ("4E0A) in font nullfont!
Missing character: There is no ， ("FF0C) in font nullfont!
Missing character: There is no 用 ("7528) in font nullfont!
Missing character: There is no 综 ("7EFC) in font nullfont!
Missing character: There is no 合 ("5408) in font nullfont!
Missing character: There is no 效 ("6548) in font nullfont!
Missing character: There is no 用 ("7528) in font nullfont!
Missing character: There is no 函 ("51FD) in font nullfont!
Missing character: There is no 数 ("6570) in font nullfont!
Missing character: There is no 将 ("5C06) in font nullfont!
Missing character: There is no 映 ("6620) in font nullfont!
Missing character: There is no 射 ("5C04) in font nullfont!
Missing character: There is no 为 ("4E3A) in font nullfont!
Missing character: There is no 单 ("5355) in font nullfont!
Missing character: There is no 一 ("4E00) in font nullfont!
Missing character: There is no 的 ("7684) in font nullfont!
Missing character: There is no 效 ("6548) in font nullfont!
Missing character: There is no 用 ("7528) in font nullfont!
Missing character: There is no 得 ("5F97) in font nullfont!
Missing character: There is no 分 ("5206) in font nullfont!
Missing character: There is no 。 ("3002) in font nullfont!

Overfull \hbox (20.0pt too wide) in paragraph at lines 37--39
[]
 []


Overfull \hbox (15.87498pt too wide) in paragraph at lines 37--39
\OT1/cmr/bx/n/10 X[]$
 []


Overfull \hbox (15.87498pt too wide) in paragraph at lines 37--39
\OT1/cmr/bx/n/10 X[]$
 []


Overfull \hbox (17.2639pt too wide) in paragraph at lines 37--39
\OML/cmm/m/it/10 S\OT1/cmr/m/n/10 (\OMS/cmsy/m/n/10 ^^A\OT1/cmr/m/n/10 )$
 []


Overfull \hbox (16.78465pt too wide) in paragraph at lines 37--39
\OT1/cmr/bx/n/10 y \OT1/cmr/m/n/10 =
 []


Overfull \hbox (31.75002pt too wide) in paragraph at lines 37--39
\OML/cmm/m/it/10 S[]\OT1/cmr/bx/n/10 X[][]$
 []


Overfull \hbox (33.3612pt too wide) in paragraph at lines 37--39
[]\OT1/cmr/m/n/10 (\OMS/cmsy/m/n/10 ^^A\OT1/cmr/m/n/10 )$
 []


Overfull \hbox (16.78465pt too wide) in paragraph at lines 37--39
[] \OT1/cmr/m/n/10 =
 []


Overfull \hbox (36.81256pt too wide) in paragraph at lines 37--39
[]\OT1/cmr/m/n/10 (\OT1/cmr/bx/n/10 y\OT1/cmr/m/n/10 )$
 []


Overfull \hbox (18.47362pt too wide) in paragraph at lines 37--39
\OML/cmm/m/it/10 U\OT1/cmr/m/n/10 (\OMS/cmsy/m/n/10 ^^A\OT1/cmr/m/n/10 )$
 []


Overfull \hbox (6.22914pt too wide) in paragraph at lines 37--39
[]$
 []


! LaTeX Error: Missing \begin{document}.

See the LaTeX manual or LaTeX Companion for explanation.
Type  H <return>  for immediate help.
 ...                                              
                                                  
l.40 在
      上述定义下，我们希望从若干候选接入协议及其允许的参数配置中，选出使综合效用最大的那一组。该联合选择问题可形式化表述为：
You're in trouble here.  Try typing  <return>  to proceed.
If that doesn't work, type  X <return>  to quit.

Missing character: There is no 在 ("5728) in font nullfont!
Missing character: There is no 上 ("4E0A) in font nullfont!
Missing character: There is no 述 ("8FF0) in font nullfont!
Missing character: There is no 定 ("5B9A) in font nullfont!
Missing character: There is no 义 ("4E49) in font nullfont!
Missing character: There is no 下 ("4E0B) in font nullfont!
Missing character: There is no ， ("FF0C) in font nullfont!
Missing character: There is no 我 ("6211) in font nullfont!
Missing character: There is no 们 ("4EEC) in font nullfont!
Missing character: There is no 希 ("5E0C) in font nullfont!
Missing character: There is no 望 ("671B) in font nullfont!
Missing character: There is no 从 ("4ECE) in font nullfont!
Missing character: There is no 若 ("82E5) in font nullfont!
Missing character: There is no 干 ("5E72) in font nullfont!
Missing character: There is no 候 ("5019) in font nullfont!
Missing character: There is no 选 ("9009) in font nullfont!
Missing character: There is no 接 ("63A5) in font nullfont!
Missing character: There is no 入 ("5165) in font nullfont!
Missing character: There is no 协 ("534F) in font nullfont!
Missing character: There is no 议 ("8BAE) in font nullfont!
Missing character: There is no 及 ("53CA) in font nullfont!
Missing character: There is no 其 ("5176) in font nullfont!
Missing character: There is no 允 ("5141) in font nullfont!
Missing character: There is no 许 ("8BB8) in font nullfont!
Missing character: There is no 的 ("7684) in font nullfont!
Missing character: There is no 参 ("53C2) in font nullfont!
Missing character: There is no 数 ("6570) in font nullfont!
Missing character: There is no 配 ("914D) in font nullfont!
Missing character: There is no 置 ("7F6E) in font nullfont!
Missing character: There is no 中 ("4E2D) in font nullfont!
Missing character: There is no ， ("FF0C) in font nullfont!
Missing character: There is no 选 ("9009) in font nullfont!
Missing character: There is no 出 ("51FA) in font nullfont!
Missing character: There is no 使 ("4F7F) in font nullfont!
Missing character: There is no 综 ("7EFC) in font nullfont!
Missing character: There is no 合 ("5408) in font nullfont!
Missing character: There is no 效 ("6548) in font nullfont!
Missing character: There is no 用 ("7528) in font nullfont!
Missing character: There is no 最 ("6700) in font nullfont!
Missing character: There is no 大 ("5927) in font nullfont!
Missing character: There is no 的 ("7684) in font nullfont!
Missing character: There is no 那 ("90A3) in font nullfont!
Missing character: There is no 一 ("4E00) in font nullfont!
Missing character: There is no 组 ("7EC4) in font nullfont!
Missing character: There is no 。 ("3002) in font nullfont!
Missing character: There is no 该 ("8BE5) in font nullfont!
Missing character: There is no 联 ("8054) in font nullfont!
Missing character: There is no 合 ("5408) in font nullfont!
Missing character: There is no 选 ("9009) in font nullfont!
Missing character: There is no 择 ("62E9) in font nullfont!
Missing character: There is no 问 ("95EE) in font nullfont!
Missing character: There is no 题 ("9898) in font nullfont!
Missing character: There is no 可 ("53EF) in font nullfont!
Missing character: There is no 形 ("5F62) in font nullfont!
Missing character: There is no 式 ("5F0F) in font nullfont!
Missing character: There is no 化 ("5316) in font nullfont!
Missing character: There is no 表 ("8868) in font nullfont!
Missing character: There is no 述 ("8FF0) in font nullfont!
Missing character: There is no 为 ("4E3A) in font nullfont!
Missing character: There is no ： ("FF1A) in font nullfont!

Overfull \hbox (20.0pt too wide) in paragraph at lines 40--41
[] 
 []


Overfull \hbox (162.43355pt too wide) detected at line 46
[]\OT1/cmr/bx/n/10 x[] \OT1/cmr/m/n/10 = [] [] \OML/cmm/m/it/10 U  [] ;
 []

Missing character: There is no 其 ("5176) in font nullfont!
Missing character: There is no 中 ("4E2D) in font nullfont!
Missing character: There is no 决 ("51B3) in font nullfont!
Missing character: There is no 策 ("7B56) in font nullfont!
Missing character: There is no 变 ("53D8) in font nullfont!
Missing character: There is no 量 ("91CF) in font nullfont!
Missing character: There is no 为 ("4E3A) in font nullfont!
Missing character: There is no 统 ("7EDF) in font nullfont!
Missing character: There is no 一 ("4E00) in font nullfont!
Missing character: There is no 参 ("53C2) in font nullfont!
Missing character: There is no 数 ("6570) in font nullfont!
Missing character: There is no 向 ("5411) in font nullfont!
Missing character: There is no 量 ("91CF) in font nullfont!
Missing character: There is no ， ("FF0C) in font nullfont!
Missing character: There is no 其 ("5176) in font nullfont!
Missing character: There is no 首 ("9996) in font nullfont!
Missing character: There is no 个 ("4E2A) in font nullfont!
Missing character: There is no 分 ("5206) in font nullfont!
Missing character: There is no 量 ("91CF) in font nullfont!
Missing character: There is no 为 ("4E3A) in font nullfont!
Missing character: There is no 协 ("534F) in font nullfont!
Missing character: There is no 议 ("8BAE) in font nullfont!
Missing character: There is no 类 ("7C7B) in font nullfont!
Missing character: There is no 型 ("578B) in font nullfont!
Missing character: There is no 标 ("6807) in font nullfont!
Missing character: There is no 识 ("8BC6) in font nullfont!
Missing character: There is no 符 ("7B26) in font nullfont!
Missing character: There is no ， ("FF0C) in font nullfont!
Missing character: There is no 其 ("5176) in font nullfont!
Missing character: There is no 余 ("4F59) in font nullfont!
Missing character: There is no 分 ("5206) in font nullfont!
Missing character: There is no 量 ("91CF) in font nullfont!
Missing character: There is no 为 ("4E3A) in font nullfont!
Missing character: There is no 对 ("5BF9) in font nullfont!
Missing character: There is no 应 ("5E94) in font nullfont!
Missing character: There is no 协 ("534F) in font nullfont!
Missing character: There is no 议 ("8BAE) in font nullfont!
Missing character: There is no 参 ("53C2) in font nullfont!
Missing character: There is no 数 ("6570) in font nullfont!
Missing character: There is no 。 ("3002) in font nullfont!
Missing character: There is no 记 ("8BB0) in font nullfont!
Missing character: There is no ， ("FF0C) in font nullfont!
Missing character: There is no 其 ("5176) in font nullfont!
Missing character: There is no 中 ("4E2D) in font nullfont!
Missing character: There is no 表 ("8868) in font nullfont!
Missing character: There is no 示 ("793A) in font nullfont!
Missing character: There is no 从 ("4ECE) in font nullfont!
Missing character: There is no 候 ("5019) in font nullfont!
Missing character: There is no 选 ("9009) in font nullfont!
Missing character: There is no 集 ("96C6) in font nullfont!
Missing character: There is no 合 ("5408) in font nullfont!
Missing character: There is no 中 ("4E2D) in font nullfont!
Missing character: There is no 选 ("9009) in font nullfont!
Missing character: There is no 取 ("53D6) in font nullfont!
Missing character: There is no 的 ("7684) in font nullfont!
Missing character: There is no 协 ("534F) in font nullfont!
Missing character: There is no 议 ("8BAE) in font nullfont!
Missing character: There is no 类 ("7C7B) in font nullfont!
Missing character: There is no 型 ("578B) in font nullfont!
Missing character: There is no ， ("FF0C) in font nullfont!
Missing character: There is no 为 ("4E3A) in font nullfont!
Missing character: There is no 该 ("8BE5) in font nullfont!
Missing character: There is no 协 ("534F) in font nullfont!
Missing character: There is no 议 ("8BAE) in font nullfont!
Missing character: There is no 的 ("7684) in font nullfont!
Missing character: There is no 参 ("53C2) in font nullfont!
Missing character: There is no 数 ("6570) in font nullfont!
Missing character: There is no 向 ("5411) in font nullfont!
Missing character: There is no 量 ("91CF) in font nullfont!
Missing character: There is no ， ("FF0C) in font nullfont!
Missing character: There is no 为 ("4E3A) in font nullfont!
Missing character: There is no 协 ("534F) in font nullfont!
Missing character: There is no 议 ("8BAE) in font nullfont!
Missing character: There is no 的 ("7684) in font nullfont!
Missing character: There is no 合 ("5408) in font nullfont!
Missing character: There is no 法 ("6CD5) in font nullfont!
Missing character: There is no 参 ("53C2) in font nullfont!
Missing character: There is no 数 ("6570) in font nullfont!
Missing character: There is no 空 ("7A7A) in font nullfont!
Missing character: There is no 间 ("95F4) in font nullfont!
Missing character: There is no 。 ("3002) in font nullfont!
Missing character: There is no 图 ("56FE) in font nullfont!
! Undefined control sequence.
<write> ...`fig:chap5_framework' on page \thepage 
                                                  \space undefined\on@line .^^J
l.47 ...协议 $a$ 的合法参数空间。图~\ref{fig:chap5_framework}
                                                   给出了统一接入框架及协议选择流程的示意，后续内容将...
The control sequence at the end of the top line
of your error message was never \def'ed. If you have
misspelled it (e.g., `\hobx'), type `I' and the correct
spelling (e.g., `I\hbox'). Otherwise just continue,
and I'll forget about whatever was undefined.


LaTeX Warning: Reference `fig:chap5_framework' on page  undefined on input line
 47.

Missing character: There is no 给 ("7ED9) in font nullfont!
Missing character: There is no 出 ("51FA) in font nullfont!
Missing character: There is no 了 ("4E86) in font nullfont!
Missing character: There is no 统 ("7EDF) in font nullfont!
Missing character: There is no 一 ("4E00) in font nullfont!
Missing character: There is no 接 ("63A5) in font nullfont!
Missing character: There is no 入 ("5165) in font nullfont!
Missing character: There is no 框 ("6846) in font nullfont!
Missing character: There is no 架 ("67B6) in font nullfont!
Missing character: There is no 及 ("53CA) in font nullfont!
Missing character: There is no 协 ("534F) in font nullfont!
Missing character: There is no 议 ("8BAE) in font nullfont!
Missing character: There is no 选 ("9009) in font nullfont!
Missing character: There is no 择 ("62E9) in font nullfont!
Missing character: There is no 流 ("6D41) in font nullfont!
Missing character: There is no 程 ("7A0B) in font nullfont!
Missing character: There is no 的 ("7684) in font nullfont!
Missing character: There is no 示 ("793A) in font nullfont!
Missing character: There is no 意 ("610F) in font nullfont!
Missing character: There is no ， ("FF0C) in font nullfont!
Missing character: There is no 后 ("540E) in font nullfont!
Missing character: There is no 续 ("7EED) in font nullfont!
Missing character: There is no 内 ("5185) in font nullfont!
Missing character: There is no 容 ("5BB9) in font nullfont!
Missing character: There is no 将 ("5C06) in font nullfont!
Missing character: There is no 围 ("56F4) in font nullfont!
Missing character: There is no 绕 ("7ED5) in font nullfont!
Missing character: There is no 式 ("5F0F) in font nullfont!
! Undefined control sequence.
l.47 ...ework} 给出了统一接入框架及协议选择流程的示意，后续内容将围绕式~\eqref
                                                  {eq:chap5_overview} 分别展开统一...
The control sequence at the end of the top line
of your error message was never \def'ed. If you have
misspelled it (e.g., `\hobx'), type `I' and the correct
spelling (e.g., `I\hbox'). Otherwise just continue,
and I'll forget about whatever was undefined.

Missing character: There is no e ("65) in font nullfont!
Missing character: There is no q ("71) in font nullfont!
Missing character: There is no : ("3A) in font nullfont!
Missing character: There is no c ("63) in font nullfont!
Missing character: There is no h ("68) in font nullfont!
Missing character: There is no a ("61) in font nullfont!
Missing character: There is no p ("70) in font nullfont!
Missing character: There is no 5 ("35) in font nullfont!
! Missing $ inserted.
<inserted text> 
                $
l.47 ...统一接入框架及协议选择流程的示意，后续内容将围绕式~\eqref{eq:chap5_
                                                  overview} 分别展开统一输入构造、性能指标与...
I've inserted a begin-math/end-math symbol since I think
you left one out. Proceed, with fingers crossed.

! Extra }, or forgotten $.
l.47 ...选择流程的示意，后续内容将围绕式~\eqref{eq:chap5_overview}
                                                   分别展开统一输入构造、性能指标与效用定义以及数据驱...
I've deleted a group-closing symbol because it seems to be
spurious, as in `$x}$'. But perhaps the } is legitimate and
you forgot something else, as in `\hbox{$x}'. In such cases
the way to recover is to insert both the forgotten and the
deleted material, e.g., by typing `I$}'.


! LaTeX Error: Environment figure undefined.

See the LaTeX manual or LaTeX Companion for explanation.
Type  H <return>  for immediate help.
 ...                                              
                                                  
l.48 \begin{figure}
                   [t]
Your command was ignored.
Type  I <command> <return>  to replace it with another command,
or  <return>  to continue without it.

! Undefined control sequence.
l.50 \includegraphics
                     [width=0.95\textwidth]{figure/chap5/model1.pdf}
The control sequence at the end of the top line
of your error message was never \def'ed. If you have
misspelled it (e.g., `\hobx'), type `I' and the correct
spelling (e.g., `I\hbox'). Otherwise just continue,
and I'll forget about whatever was undefined.

! Missing number, treated as zero.
<to be read again> 
                   ]
l.50 \includegraphics[width=0.95\textwidth]
                                           {figure/chap5/model1.pdf}
A number should have been here; I inserted `0'.
(If you can't figure out why I needed to see a number,
look up `weird error' in the index to The TeXbook.)

! Illegal unit of measure (pt inserted).
<to be read again> 
                   ]
l.50 \includegraphics[width=0.95\textwidth]
                                           {figure/chap5/model1.pdf}
Dimensions can be in units of em, ex, in, pt, pc,
cm, mm, dd, cc, bp, or sp; but yours is a new one!
I'll assume that you meant to say pt, for printer's points.
To recover gracefully from this error, it's best to
delete the erroneous units; e.g., type `2' to delete
two letters. (See Chapter 27 of The TeXbook.)


! LaTeX Error: \caption outside float.

See the LaTeX manual or LaTeX Companion for explanation.
Type  H <return>  for immediate help.
 ...                                              
                                                  
l.51 \caption
             {统一接入框架与协议选择流程}
You're in trouble here.  Try typing  <return>  to proceed.
If that doesn't work, type  X <return>  to quit.


! LaTeX Error: \begin{document} ended by \end{figure}.

See the LaTeX manual or LaTeX Companion for explanation.
Type  H <return>  for immediate help.
 ...                                              
                                                  
l.53 \end{figure}
                 
Your command was ignored.
Type  I <command> <return>  to replace it with another command,
or  <return>  to continue without it.

! Missing $ inserted.
<inserted text> 
                $
l.54 
     
I've inserted a begin-math/end-math symbol since I think
you left one out. Proceed, with fingers crossed.

Missing character: There is no 分 ("5206) in font cmr10!
Missing character: There is no 别 ("522B) in font cmr10!
Missing character: There is no 展 ("5C55) in font cmr10!
Missing character: There is no 开 ("5F00) in font cmr10!
Missing character: There is no 统 ("7EDF) in font cmr10!
Missing character: There is no 一 ("4E00) in font cmr10!
Missing character: There is no 输 ("8F93) in font cmr10!
Missing character: There is no 入 ("5165) in font cmr10!
Missing character: There is no 构 ("6784) in font cmr10!
Missing character: There is no 造 ("9020) in font cmr10!
Missing character: There is no 、 ("3001) in font cmr10!
Missing character: There is no 性 ("6027) in font cmr10!
Missing character: There is no 能 ("80FD) in font cmr10!
Missing character: There is no 指 ("6307) in font cmr10!
Missing character: There is no 标 ("6807) in font cmr10!
Missing character: There is no 与 ("4E0E) in font cmr10!
Missing character: There is no 效 ("6548) in font cmr10!
Missing character: There is no 用 ("7528) in font cmr10!
Missing character: There is no 定 ("5B9A) in font cmr10!
Missing character: There is no 义 ("4E49) in font cmr10!
Missing character: There is no 以 ("4EE5) in font cmr10!
Missing character: There is no 及 ("53CA) in font cmr10!
Missing character: There is no 数 ("6570) in font cmr10!
Missing character: There is no 据 ("636E) in font cmr10!
Missing character: There is no 驱 ("9A71) in font cmr10!
Missing character: There is no 动 ("52A8) in font cmr10!
Missing character: There is no 决 ("51B3) in font cmr10!
Missing character: There is no 策 ("7B56) in font cmr10!
Missing character: There is no 方 ("65B9) in font cmr10!
Missing character: There is no 法 ("6CD5) in font cmr10!
Missing character: There is no 的 ("7684) in font cmr10!
Missing character: There is no 设 ("8BBE) in font cmr10!
Missing character: There is no 计 ("8BA1) in font cmr10!
Missing character: There is no 。 ("3002) in font cmr10!
Missing character: There is no 统 ("7EDF) in font cmr10!
Missing character: There is no 一 ("4E00) in font cmr10!
Missing character: There is no 接 ("63A5) in font cmr10!
Missing character: There is no 入 ("5165) in font cmr10!
Missing character: There is no 框 ("6846) in font cmr10!
Missing character: There is no 架 ("67B6) in font cmr10!
Missing character: There is no 与 ("4E0E) in font cmr10!
Missing character: There is no 协 ("534F) in font cmr10!
Missing character: There is no 议 ("8BAE) in font cmr10!
Missing character: There is no 选 ("9009) in font cmr10!
Missing character: There is no 择 ("62E9) in font cmr10!
Missing character: There is no 流 ("6D41) in font cmr10!
Missing character: There is no 程 ("7A0B) in font cmr10!

Overfull \hbox (25.20839pt too wide) in paragraph at lines 46--54
 $\OT1/cmr/bx/n/10 x[]$
 []


Overfull \hbox (35.7639pt too wide) in paragraph at lines 46--54
\OT1/cmr/bx/n/10 x[] \OT1/cmr/m/n/10 =
 []


Overfull \hbox (34.85532pt too wide) in paragraph at lines 46--54
\OT1/cmr/m/n/10 [\OML/cmm/m/it/10 a; \OT1/cmr/bx/n/10 x[]\OT1/cmr/m/n/10 ][]$
 []


Overfull \hbox (14.73029pt too wide) in paragraph at lines 46--54
\OML/cmm/m/it/10 a \OMS/cmsy/m/n/10 2
 []


Overfull \hbox (7.7778pt too wide) in paragraph at lines 46--54
\OMS/cmsy/m/n/10 P$
 []


Overfull \hbox (20.13615pt too wide) in paragraph at lines 46--54
\OT1/cmr/bx/n/10 x[] \OMS/cmsy/m/n/10 2
 []


Overfull \hbox (11.75531pt too wide) in paragraph at lines 46--54
\OMS/cmsy/m/n/10 X[]$
 []


Overfull \hbox (11.97061pt too wide) in paragraph at lines 46--54
\OMS/cmsy/m/n/10 X[]$
 []


Overfull \hbox (5.28589pt too wide) in paragraph at lines 46--54
\OML/cmm/m/it/10 a$
 []


Overfull \hbox (10.86pt too wide) in paragraph at lines 46--54
[]
 []


Overfull \hbox (87.78545pt too wide) in paragraph at lines 46--54
[]\OML/cmm/m/it/10 verview\OT1/cmr/m/n/10 [\OML/cmm/m/it/10 t\OT1/cmr/m/n/10 ][
\OML/cmm/m/it/10 width \OT1/cmr/m/n/10 =
 []


Overfull \hbox (134.66658pt too wide) in paragraph at lines 46--54
\OT1/cmr/m/n/10 0\OML/cmm/m/it/10 :\OT1/cmr/m/n/10 95][][][]$ 
 []

! Undefined control sequence.
l.56 \subsection
                {输入特征标准化与统一接口}
The control sequence at the end of the top line
of your error message was never \def'ed. If you have
misspelled it (e.g., `\hobx'), type `I' and the correct
spelling (e.g., `I\hbox'). Otherwise just continue,
and I'll forget about whatever was undefined.


! LaTeX Error: Missing \begin{document}.

See the LaTeX manual or LaTeX Companion for explanation.
Type  H <return>  for immediate help.
 ...                                              
                                                  
l.56 \subsection{输
                  入特征标准化与统一接口}
You're in trouble here.  Try typing  <return>  to proceed.
If that doesn't work, type  X <return>  to quit.

Missing character: There is no 输 ("8F93) in font nullfont!
Missing character: There is no 入 ("5165) in font nullfont!
Missing character: There is no 特 ("7279) in font nullfont!
Missing character: There is no 征 ("5F81) in font nullfont!
Missing character: There is no 标 ("6807) in font nullfont!
Missing character: There is no 准 ("51C6) in font nullfont!
Missing character: There is no 化 ("5316) in font nullfont!
Missing character: There is no 与 ("4E0E) in font nullfont!
Missing character: There is no 统 ("7EDF) in font nullfont!
Missing character: There is no 一 ("4E00) in font nullfont!
Missing character: There is no 接 ("63A5) in font nullfont!
Missing character: There is no 口 ("53E3) in font nullfont!
Missing character: There is no 为 ("4E3A) in font nullfont!
Missing character: There is no 实 ("5B9E) in font nullfont!
Missing character: There is no 现 ("73B0) in font nullfont!
Missing character: There is no 式 ("5F0F) in font nullfont!
! Undefined control sequence.
l.57 为实现式~\eqref
                {eq:chap5_overview} 所需的输入表达，本小节给出统一输入 $\mathbf{X}_{\mathrm{i...
The control sequence at the end of the top line
of your error message was never \def'ed. If you have
misspelled it (e.g., `\hobx'), type `I' and the correct
spelling (e.g., `I\hbox'). Otherwise just continue,
and I'll forget about whatever was undefined.

Missing character: There is no e ("65) in font nullfont!
Missing character: There is no q ("71) in font nullfont!
Missing character: There is no : ("3A) in font nullfont!
Missing character: There is no c ("63) in font nullfont!
Missing character: There is no h ("68) in font nullfont!
Missing character: There is no a ("61) in font nullfont!
Missing character: There is no p ("70) in font nullfont!
Missing character: There is no 5 ("35) in font nullfont!
! Missing $ inserted.
<inserted text> 
                $
l.57 为实现式~\eqref{eq:chap5_
                          overview} 所需的输入表达，本小节给出统一输入 $\mathbf{X}_{\mathrm{i...
I've inserted a begin-math/end-math symbol since I think
you left one out. Proceed, with fingers crossed.

! Extra }, or forgotten $.
l.57 为实现式~\eqref{eq:chap5_overview}
                                    所需的输入表达，本小节给出统一输入 $\mathbf{X}_{\mathrm{i...
I've deleted a group-closing symbol because it seems to be
spurious, as in `$x}$'. But perhaps the } is legitimate and
you forgot something else, as in `\hbox{$x}'. In such cases
the way to recover is to insert both the forgotten and the
deleted material, e.g., by typing `I$}'.

Missing character: There is no 所 ("6240) in font cmr10!
Missing character: There is no 需 ("9700) in font cmr10!
Missing character: There is no 的 ("7684) in font cmr10!
Missing character: There is no 输 ("8F93) in font cmr10!
Missing character: There is no 入 ("5165) in font cmr10!
Missing character: There is no 表 ("8868) in font cmr10!
Missing character: There is no 达 ("8FBE) in font cmr10!
Missing character: There is no ， ("FF0C) in font cmr10!
Missing character: There is no 本 ("672C) in font cmr10!
Missing character: There is no 小 ("5C0F) in font cmr10!
Missing character: There is no 节 ("8282) in font cmr10!
Missing character: There is no 给 ("7ED9) in font cmr10!
Missing character: There is no 出 ("51FA) in font cmr10!
Missing character: There is no 统 ("7EDF) in font cmr10!
Missing character: There is no 一 ("4E00) in font cmr10!
Missing character: There is no 输 ("8F93) in font cmr10!
Missing character: There is no 入 ("5165) in font cmr10!

! LaTeX Error: \mathbf allowed only in math mode.

See the LaTeX manual or LaTeX Companion for explanation.
Type  H <return>  for immediate help.
 ...                                              
                                                  
l.57 ...p5_overview} 所需的输入表达，本小节给出统一输入 $\mathbf{X}
                                                  _{\mathrm{in}}$ 的可实现构造方法。本...

You're in trouble here.  Try typing  <return>  to proceed.
If that doesn't work, type  X <return>  to quit.

Missing character: There is no X ("58) in font nullfont!
! Missing $ inserted.
<inserted text> 
                $
l.57 ...5_overview} 所需的输入表达，本小节给出统一输入 $\mathbf{X}_
                                                  {\mathrm{in}}$ 的可实现构造方法。本文...
I've inserted a begin-math/end-math symbol since I think
you left one out. Proceed, with fingers crossed.

Missing character: There is no 的 ("7684) in font nullfont!
Missing character: There is no 可 ("53EF) in font nullfont!
Missing character: There is no 实 ("5B9E) in font nullfont!
Missing character: There is no 现 ("73B0) in font nullfont!
Missing character: There is no 构 ("6784) in font nullfont!
Missing character: There is no 造 ("9020) in font nullfont!
Missing character: There is no 方 ("65B9) in font nullfont!
Missing character: There is no 法 ("6CD5) in font nullfont!
Missing character: There is no 。 ("3002) in font nullfont!
Missing character: There is no 本 ("672C) in font nullfont!
Missing character: There is no 文 ("6587) in font nullfont!
Missing character: There is no 将 ("5C06) in font nullfont!
Missing character: There is no 特 ("7279) in font nullfont!
Missing character: There is no 征 ("5F81) in font nullfont!
Missing character: There is no 划 ("5212) in font nullfont!
Missing character: There is no 分 ("5206) in font nullfont!
Missing character: There is no 为 ("4E3A) in font nullfont!
Missing character: There is no 三 ("4E09) in font nullfont!
Missing character: There is no 类 ("7C7B) in font nullfont!
Missing character: There is no ： ("FF1A) in font nullfont!
Missing character: There is no 通 ("901A) in font nullfont!
Missing character: There is no 用 ("7528) in font nullfont!
Missing character: There is no 网 ("7F51) in font nullfont!
Missing character: There is no 络 ("7EDC) in font nullfont!
Missing character: There is no 参 ("53C2) in font nullfont!
Missing character: There is no 数 ("6570) in font nullfont!
Missing character: There is no ， ("FF0C) in font nullfont!
Missing character: There is no 业 ("4E1A) in font nullfont!
Missing character: There is no 务 ("52A1) in font nullfont!
Missing character: There is no 流 ("6D41) in font nullfont!
Missing character: There is no 量 ("91CF) in font nullfont!
Missing character: There is no 特 ("7279) in font nullfont!
Missing character: There is no 征 ("5F81) in font nullfont!
Missing character: There is no 参 ("53C2) in font nullfont!
Missing character: There is no 数 ("6570) in font nullfont!
! Undefined control sequence.
l.57 ...thrm{common}}$，业务流量特征参数 $\mathbf{x}_{\text
                                                  {traffic}}$，以及协议专属参数 $\mat...
The control sequence at the end of the top line
of your error message was never \def'ed. If you have
misspelled it (e.g., `\hobx'), type `I' and the correct
spelling (e.g., `I\hbox'). Otherwise just continue,
and I'll forget about whatever was undefined.

Missing character: There is no ， ("FF0C) in font nullfont!
Missing character: There is no 以 ("4EE5) in font nullfont!
Missing character: There is no 及 ("53CA) in font nullfont!
Missing character: There is no 协 ("534F) in font nullfont!
Missing character: There is no 议 ("8BAE) in font nullfont!
Missing character: There is no 专 ("4E13) in font nullfont!
Missing character: There is no 属 ("5C5E) in font nullfont!
Missing character: There is no 参 ("53C2) in font nullfont!
Missing character: There is no 数 ("6570) in font nullfont!
Missing character: There is no 及 ("53CA) in font nullfont!
Missing character: There is no 其 ("5176) in font nullfont!
Missing character: There is no 有 ("6709) in font nullfont!
Missing character: There is no 效 ("6548) in font nullfont!
Missing character: There is no 性 ("6027) in font nullfont!
Missing character: There is no 掩 ("63A9) in font nullfont!
Missing character: There is no 码 ("7801) in font nullfont!
Missing character: There is no 。 ("3002) in font nullfont!

Overfull \hbox (20.0pt too wide) in paragraph at lines 56--58
[]
 []


Overfull \hbox (47.0151pt too wide) in paragraph at lines 56--58
[]\OML/cmm/m/it/10 verview$$[]$
 []


Overfull \hbox (35.65288pt too wide) in paragraph at lines 56--58
\OT1/cmr/bx/n/10 x[]$
 []


Overfull \hbox (33.62735pt too wide) in paragraph at lines 56--58
\OT1/cmr/bx/n/10 x[]$
 []


Overfull \hbox (25.20839pt too wide) in paragraph at lines 56--58
\OT1/cmr/bx/n/10 x[]$
 []


Overfull \hbox (9.58328pt too wide) in paragraph at lines 56--58
\OT1/cmr/bx/n/10 m$ 
 []


! LaTeX Error: Missing \begin{document}.

See the LaTeX manual or LaTeX Companion for explanation.
Type  H <return>  for immediate help.
 ...                                              
                                                  
l.59 对
      于通用网络参数 $\mathbf{x}_{\mathrm{common}}$，将其定义为包含网络规模与仿真配置的向量：
You're in trouble here.  Try typing  <return>  to proceed.
If that doesn't work, type  X <return>  to quit.

Missing character: There is no 对 ("5BF9) in font nullfont!
Missing character: There is no 于 ("4E8E) in font nullfont!
Missing character: There is no 通 ("901A) in font nullfont!
Missing character: There is no 用 ("7528) in font nullfont!
Missing character: There is no 网 ("7F51) in font nullfont!
Missing character: There is no 络 ("7EDC) in font nullfont!
Missing character: There is no 参 ("53C2) in font nullfont!
Missing character: There is no 数 ("6570) in font nullfont!
Missing character: There is no ， ("FF0C) in font nullfont!
Missing character: There is no 将 ("5C06) in font nullfont!
Missing character: There is no 其 ("5176) in font nullfont!
Missing character: There is no 定 ("5B9A) in font nullfont!
Missing character: There is no 义 ("4E49) in font nullfont!
Missing character: There is no 为 ("4E3A) in font nullfont!
Missing character: There is no 包 ("5305) in font nullfont!
Missing character: There is no 含 ("542B) in font nullfont!
Missing character: There is no 网 ("7F51) in font nullfont!
Missing character: There is no 络 ("7EDC) in font nullfont!
Missing character: There is no 规 ("89C4) in font nullfont!
Missing character: There is no 模 ("6A21) in font nullfont!
Missing character: There is no 与 ("4E0E) in font nullfont!
Missing character: There is no 仿 ("4EFF) in font nullfont!
Missing character: There is no 真 ("771F) in font nullfont!
Missing character: There is no 配 ("914D) in font nullfont!
Missing character: There is no 置 ("7F6E) in font nullfont!
Missing character: There is no 的 ("7684) in font nullfont!
Missing character: There is no 向 ("5411) in font nullfont!
Missing character: There is no 量 ("91CF) in font nullfont!
Missing character: There is no ： ("FF1A) in font nullfont!
Missing character: There is no , ("2C) in font nullfont!
Missing character: There is no 其 ("5176) in font nullfont!
Missing character: There is no 中 ("4E2D) in font nullfont!
! Undefined control sequence.
l.61 其中 $n \in \mathbb
                      {N}^+$ 表示网络节点总数，$T \in \mathbb{N}^+$ 表示仿真或观测的时隙总数。上述参数...
The control sequence at the end of the top line
of your error message was never \def'ed. If you have
misspelled it (e.g., `\hobx'), type `I' and the correct
spelling (e.g., `I\hbox'). Otherwise just continue,
and I'll forget about whatever was undefined.

Missing character: There is no 表 ("8868) in font nullfont!
Missing character: There is no 示 ("793A) in font nullfont!
Missing character: There is no 网 ("7F51) in font nullfont!
Missing character: There is no 络 ("7EDC) in font nullfont!
Missing character: There is no 节 ("8282) in font nullfont!
Missing character: There is no 点 ("70B9) in font nullfont!
Missing character: There is no 总 ("603B) in font nullfont!
Missing character: There is no 数 ("6570) in font nullfont!
Missing character: There is no ， ("FF0C) in font nullfont!
! Undefined control sequence.
l.61 ... \in \mathbb{N}^+$ 表示网络节点总数，$T \in \mathbb
                                                  {N}^+$ 表示仿真或观测的时隙总数。上述参数既用...
The control sequence at the end of the top line
of your error message was never \def'ed. If you have
misspelled it (e.g., `\hobx'), type `I' and the correct
spelling (e.g., `I\hbox'). Otherwise just continue,
and I'll forget about whatever was undefined.

Missing character: There is no 表 ("8868) in font nullfont!
Missing character: There is no 示 ("793A) in font nullfont!
Missing character: There is no 仿 ("4EFF) in font nullfont!
Missing character: There is no 真 ("771F) in font nullfont!
Missing character: There is no 或 ("6216) in font nullfont!
Missing character: There is no 观 ("89C2) in font nullfont!
Missing character: There is no 测 ("6D4B) in font nullfont!
Missing character: There is no 的 ("7684) in font nullfont!
Missing character: There is no 时 ("65F6) in font nullfont!
Missing character: There is no 隙 ("9699) in font nullfont!
Missing character: There is no 总 ("603B) in font nullfont!
Missing character: There is no 数 ("6570) in font nullfont!
Missing character: There is no 。 ("3002) in font nullfont!
Missing character: There is no 上 ("4E0A) in font nullfont!
Missing character: There is no 述 ("8FF0) in font nullfont!
Missing character: There is no 参 ("53C2) in font nullfont!
Missing character: There is no 数 ("6570) in font nullfont!
Missing character: There is no 既 ("65E2) in font nullfont!
Missing character: There is no 用 ("7528) in font nullfont!
Missing character: There is no 于 ("4E8E) in font nullfont!
Missing character: There is no 构 ("6784) in font nullfont!
Missing character: There is no 建 ("5EFA) in font nullfont!
Missing character: There is no 仿 ("4EFF) in font nullfont!
Missing character: There is no 真 ("771F) in font nullfont!
Missing character: There is no 场 ("573A) in font nullfont!
Missing character: There is no 景 ("666F) in font nullfont!
Missing character: There is no ， ("FF0C) in font nullfont!
Missing character: There is no 也 ("4E5F) in font nullfont!
Missing character: There is no 作 ("4F5C) in font nullfont!
Missing character: There is no 为 ("4E3A) in font nullfont!
Missing character: There is no 后 ("540E) in font nullfont!
Missing character: There is no 续 ("7EED) in font nullfont!
Missing character: There is no 学 ("5B66) in font nullfont!
Missing character: There is no 习 ("4E60) in font nullfont!
Missing character: There is no 模 ("6A21) in font nullfont!
Missing character: There is no 型 ("578B) in font nullfont!
Missing character: There is no 的 ("7684) in font nullfont!
Missing character: There is no 输 ("8F93) in font nullfont!
Missing character: There is no 入 ("5165) in font nullfont!
Missing character: There is no 特 ("7279) in font nullfont!
Missing character: There is no 征 ("5F81) in font nullfont!
Missing character: There is no ， ("FF0C) in font nullfont!
Missing character: There is no 共 ("5171) in font nullfont!
Missing character: There is no 同 ("540C) in font nullfont!
Missing character: There is no 刻 ("523B) in font nullfont!
Missing character: There is no 画 ("753B) in font nullfont!
Missing character: There is no 系 ("7CFB) in font nullfont!
Missing character: There is no 统 ("7EDF) in font nullfont!
Missing character: There is no 的 ("7684) in font nullfont!
Missing character: There is no 整 ("6574) in font nullfont!
Missing character: There is no 体 ("4F53) in font nullfont!
Missing character: There is no 运 ("8FD0) in font nullfont!
Missing character: There is no 行 ("884C) in font nullfont!
Missing character: There is no 条 ("6761) in font nullfont!
Missing character: There is no 件 ("4EF6) in font nullfont!
Missing character: There is no 。 ("3002) in font nullfont!

Overfull \hbox (20.0pt too wide) in paragraph at lines 59--62
[]
 []


Overfull \hbox (35.65288pt too wide) in paragraph at lines 59--62
\OT1/cmr/bx/n/10 x[]$
 []


Overfull \hbox (46.20839pt too wide) in paragraph at lines 59--62
\OT1/cmr/bx/n/10 x[] \OT1/cmr/m/n/10 =
 []


Overfull \hbox (29.985pt too wide) in paragraph at lines 59--62
\OT1/cmr/m/n/10 [\OML/cmm/m/it/10 n;  T\OT1/cmr/m/n/10 ][]$
 []


Overfull \hbox (15.44675pt too wide) in paragraph at lines 59--62
\OML/cmm/m/it/10 n \OMS/cmsy/m/n/10 2
 []


Overfull \hbox (15.76389pt too wide) in paragraph at lines 59--62
\OML/cmm/m/it/10 N[]$
 []


Overfull \hbox (16.67705pt too wide) in paragraph at lines 59--62
\OML/cmm/m/it/10 T \OMS/cmsy/m/n/10 2
 []


Overfull \hbox (15.76389pt too wide) in paragraph at lines 59--62
\OML/cmm/m/it/10 N[]$
 []


! LaTeX Error: Missing \begin{document}.

See the LaTeX manual or LaTeX Companion for explanation.
Type  H <return>  for immediate help.
 ...                                              
                                                  
l.63 对
      于业务流量特征 $\mathbf{x}_{\text{traffic}}$，为准确刻画业务到达的多尺度时空统计特性，本文从网络层与节点层两个...

You're in trouble here.  Try typing  <return>  to proceed.
If that doesn't work, type  X <return>  to quit.

Missing character: There is no 对 ("5BF9) in font nullfont!
Missing character: There is no 于 ("4E8E) in font nullfont!
Missing character: There is no 业 ("4E1A) in font nullfont!
Missing character: There is no 务 ("52A1) in font nullfont!
Missing character: There is no 流 ("6D41) in font nullfont!
Missing character: There is no 量 ("91CF) in font nullfont!
Missing character: There is no 特 ("7279) in font nullfont!
Missing character: There is no 征 ("5F81) in font nullfont!
! Undefined control sequence.
l.63 对于业务流量特征 $\mathbf{x}_{\text
                                {traffic}}$，为准确刻画业务到达的多尺度时空统计特性，本文从网络层与节点层两个...
The control sequence at the end of the top line
of your error message was never \def'ed. If you have
misspelled it (e.g., `\hobx'), type `I' and the correct
spelling (e.g., `I\hbox'). Otherwise just continue,
and I'll forget about whatever was undefined.

Missing character: There is no ， ("FF0C) in font nullfont!
Missing character: There is no 为 ("4E3A) in font nullfont!
Missing character: There is no 准 ("51C6) in font nullfont!
Missing character: There is no 确 ("786E) in font nullfont!
Missing character: There is no 刻 ("523B) in font nullfont!
Missing character: There is no 画 ("753B) in font nullfont!
Missing character: There is no 业 ("4E1A) in font nullfont!
Missing character: There is no 务 ("52A1) in font nullfont!
Missing character: There is no 到 ("5230) in font nullfont!
Missing character: There is no 达 ("8FBE) in font nullfont!
Missing character: There is no 的 ("7684) in font nullfont!
Missing character: There is no 多 ("591A) in font nullfont!
Missing character: There is no 尺 ("5C3A) in font nullfont!
Missing character: There is no 度 ("5EA6) in font nullfont!
Missing character: There is no 时 ("65F6) in font nullfont!
Missing character: There is no 空 ("7A7A) in font nullfont!
Missing character: There is no 统 ("7EDF) in font nullfont!
Missing character: There is no 计 ("8BA1) in font nullfont!
Missing character: There is no 特 ("7279) in font nullfont!
Missing character: There is no 性 ("6027) in font nullfont!
Missing character: There is no ， ("FF0C) in font nullfont!
Missing character: There is no 本 ("672C) in font nullfont!
Missing character: There is no 文 ("6587) in font nullfont!
Missing character: There is no 从 ("4ECE) in font nullfont!
Missing character: There is no 网 ("7F51) in font nullfont!
Missing character: There is no 络 ("7EDC) in font nullfont!
Missing character: There is no 层 ("5C42) in font nullfont!
Missing character: There is no 与 ("4E0E) in font nullfont!
Missing character: There is no 节 ("8282) in font nullfont!
Missing character: There is no 点 ("70B9) in font nullfont!
Missing character: There is no 层 ("5C42) in font nullfont!
Missing character: There is no 两 ("4E24) in font nullfont!
Missing character: There is no 个 ("4E2A) in font nullfont!
Missing character: There is no 层 ("5C42) in font nullfont!
Missing character: There is no 级 ("7EA7) in font nullfont!
Missing character: There is no ， ("FF0C) in font nullfont!
Missing character: There is no 分 ("5206) in font nullfont!
Missing character: There is no 别 ("522B) in font nullfont!
Missing character: There is no 提 ("63D0) in font nullfont!
Missing character: There is no 取 ("53D6) in font nullfont!
Missing character: There is no 负 ("8D1F) in font nullfont!
Missing character: There is no 载 ("8F7D) in font nullfont!
Missing character: There is no 强 ("5F3A) in font nullfont!
Missing character: There is no 度 ("5EA6) in font nullfont!
Missing character: There is no 、 ("3001) in font nullfont!
Missing character: There is no 突 ("7A81) in font nullfont!
Missing character: There is no 发 ("53D1) in font nullfont!
Missing character: There is no 性 ("6027) in font nullfont!
Missing character: There is no 与 ("4E0E) in font nullfont!
Missing character: There is no 周 ("5468) in font nullfont!
Missing character: There is no 期 ("671F) in font nullfont!
Missing character: There is no 性 ("6027) in font nullfont!
Missing character: There is no 三 ("4E09) in font nullfont!
Missing character: There is no 类 ("7C7B) in font nullfont!
Missing character: There is no 特 ("7279) in font nullfont!
Missing character: There is no 征 ("5F81) in font nullfont!
Missing character: There is no 。 ("3002) in font nullfont!
Missing character: There is no 具 ("5177) in font nullfont!
Missing character: There is no 体 ("4F53) in font nullfont!
Missing character: There is no 地 ("5730) in font nullfont!
Missing character: There is no ， ("FF0C) in font nullfont!
Missing character: There is no 定 ("5B9A) in font nullfont!
Missing character: There is no 义 ("4E49) in font nullfont!
Missing character: There is no 五 ("4E94) in font nullfont!
Missing character: There is no 维 ("7EF4) in font nullfont!
Missing character: There is no 流 ("6D41) in font nullfont!
Missing character: There is no 量 ("91CF) in font nullfont!
Missing character: There is no 特 ("7279) in font nullfont!
Missing character: There is no 征 ("5F81) in font nullfont!
Missing character: There is no 向 ("5411) in font nullfont!
Missing character: There is no 量 ("91CF) in font nullfont!
! Undefined control sequence.
l.63 ...与周期性三类特征。具体地，定义五维流量特征向量 $\mathbf{x}_{\text
                                                  {traffic}} = [\hat{\lambda...
The control sequence at the end of the top line
of your error message was never \def'ed. If you have
misspelled it (e.g., `\hobx'), type `I' and the correct
spelling (e.g., `I\hbox'). Otherwise just continue,
and I'll forget about whatever was undefined.

Missing character: There is no 。 ("3002) in font nullfont!

Overfull \hbox (20.0pt too wide) in paragraph at lines 63--64
[]
 []


Overfull \hbox (33.62735pt too wide) in paragraph at lines 63--64
\OT1/cmr/bx/n/10 x[]$
 []


Overfull \hbox (44.18286pt too wide) in paragraph at lines 63--64
\OT1/cmr/bx/n/10 x[] \OT1/cmr/m/n/10 =
 []


Overfull \hbox (130.23639pt too wide) in paragraph at lines 63--64
\OT1/cmr/m/n/10 [[]\OML/cmm/m/it/10 ;  [][];  [][];  \OT1/cmr/m/n/10 ^^I[]\OML/
cmm/m/it/10 ;  \OT1/cmr/m/n/10 ^^I[]][]$ 
 []


! LaTeX Error: Missing \begin{document}.

See the LaTeX manual or LaTeX Companion for explanation.
Type  H <return>  for immediate help.
 ...                                              
                                                  
l.65 设
      到达矩阵 $\mathbf{A} \in \{0,1\}^{n \times T}$，其中 $A_{i,t}$ 表示节点 $i$ 在时隙 $...

You're in trouble here.  Try typing  <return>  to proceed.
If that doesn't work, type  X <return>  to quit.

Missing character: There is no 设 ("8BBE) in font nullfont!
Missing character: There is no 到 ("5230) in font nullfont!
Missing character: There is no 达 ("8FBE) in font nullfont!
Missing character: There is no 矩 ("77E9) in font nullfont!
Missing character: There is no 阵 ("9635) in font nullfont!
Missing character: There is no ， ("FF0C) in font nullfont!
Missing character: There is no 其 ("5176) in font nullfont!
Missing character: There is no 中 ("4E2D) in font nullfont!
Missing character: There is no 表 ("8868) in font nullfont!
Missing character: There is no 示 ("793A) in font nullfont!
Missing character: There is no 节 ("8282) in font nullfont!
Missing character: There is no 点 ("70B9) in font nullfont!
Missing character: There is no 在 ("5728) in font nullfont!
Missing character: There is no 时 ("65F6) in font nullfont!
Missing character: There is no 隙 ("9699) in font nullfont!
Missing character: There is no 是 ("662F) in font nullfont!
Missing character: There is no 否 ("5426) in font nullfont!
Missing character: There is no 有 ("6709) in font nullfont!
Missing character: There is no 包 ("5305) in font nullfont!
Missing character: There is no 到 ("5230) in font nullfont!
Missing character: There is no 达 ("8FBE) in font nullfont!
Missing character: There is no 。 ("3002) in font nullfont!
Missing character: There is no 记 ("8BB0) in font nullfont!
Missing character: There is no 网 ("7F51) in font nullfont!
Missing character: There is no 络 ("7EDC) in font nullfont!
Missing character: There is no 聚 ("805A) in font nullfont!
Missing character: There is no 合 ("5408) in font nullfont!
Missing character: There is no 到 ("5230) in font nullfont!
Missing character: There is no 达 ("8FBE) in font nullfont!
Missing character: There is no 序 ("5E8F) in font nullfont!
Missing character: There is no 列 ("5217) in font nullfont!
Missing character: There is no 为 ("4E3A) in font nullfont!
Missing character: There is no ， ("FF0C) in font nullfont!
Missing character: There is no 节 ("8282) in font nullfont!
Missing character: There is no 点 ("70B9) in font nullfont!
Missing character: There is no 的 ("7684) in font nullfont!
Missing character: There is no 到 ("5230) in font nullfont!
Missing character: There is no 达 ("8FBE) in font nullfont!
Missing character: There is no 时 ("65F6) in font nullfont!
Missing character: There is no 刻 ("523B) in font nullfont!
Missing character: There is no 集 ("96C6) in font nullfont!
Missing character: There is no 合 ("5408) in font nullfont!
Missing character: There is no 为 ("4E3A) in font nullfont!
Missing character: There is no ， ("FF0C) in font nullfont!
Missing character: There is no 到 ("5230) in font nullfont!
Missing character: There is no 达 ("8FBE) in font nullfont!
Missing character: There is no 间 ("95F4) in font nullfont!
Missing character: There is no 隔 ("9694) in font nullfont!
Missing character: There is no 序 ("5E8F) in font nullfont!
Missing character: There is no 列 ("5217) in font nullfont!
Missing character: There is no 为 ("4E3A) in font nullfont!
Missing character: There is no ， ("FF0C) in font nullfont!
Missing character: There is no 其 ("5176) in font nullfont!
Missing character: There is no 中 ("4E2D) in font nullfont!
Missing character: There is no 为 ("4E3A) in font nullfont!
Missing character: There is no 节 ("8282) in font nullfont!
Missing character: There is no 点 ("70B9) in font nullfont!
Missing character: There is no 第 ("7B2C) in font nullfont!
Missing character: There is no 次 ("6B21) in font nullfont!
Missing character: There is no 与 ("4E0E) in font nullfont!
Missing character: There is no 第 ("7B2C) in font nullfont!
Missing character: There is no 次 ("6B21) in font nullfont!
Missing character: There is no 到 ("5230) in font nullfont!
Missing character: There is no 达 ("8FBE) in font nullfont!
Missing character: There is no 的 ("7684) in font nullfont!
Missing character: There is no 时 ("65F6) in font nullfont!
Missing character: There is no 间 ("95F4) in font nullfont!
Missing character: There is no 间 ("95F4) in font nullfont!
Missing character: There is no 隔 ("9694) in font nullfont!
Missing character: There is no 。 ("3002) in font nullfont!
Missing character: There is no 基 ("57FA) in font nullfont!
Missing character: There is no 于 ("4E8E) in font nullfont!
Missing character: There is no 此 ("6B64) in font nullfont!
Missing character: There is no ， ("FF0C) in font nullfont!
Missing character: There is no 五 ("4E94) in font nullfont!
Missing character: There is no 维 ("7EF4) in font nullfont!
Missing character: There is no 特 ("7279) in font nullfont!
Missing character: There is no 征 ("5F81) in font nullfont!
Missing character: There is no 定 ("5B9A) in font nullfont!
Missing character: There is no 义 ("4E49) in font nullfont!
Missing character: There is no 如 ("5982) in font nullfont!
Missing character: There is no 下 ("4E0B) in font nullfont!
Missing character: There is no ： ("FF1A) in font nullfont!

Overfull \hbox (20.0pt too wide) in paragraph at lines 65--66
[]
 []


Overfull \hbox (18.1388pt too wide) in paragraph at lines 65--66
\OT1/cmr/bx/n/10 A \OMS/cmsy/m/n/10 2
 []


Overfull \hbox (41.93747pt too wide) in paragraph at lines 65--66
\OMS/cmsy/m/n/10 f\OT1/cmr/m/n/10 0\OML/cmm/m/it/10 ; \OT1/cmr/m/n/10 1\OMS/cms
y/m/n/10 g[]$
 []


Overfull \hbox (16.22514pt too wide) in paragraph at lines 65--66
\OML/cmm/m/it/10 A[]$
 []


Overfull \hbox (3.44513pt too wide) in paragraph at lines 65--66
\OML/cmm/m/it/10 i$
 []


Overfull \hbox (3.61111pt too wide) in paragraph at lines 65--66
\OML/cmm/m/it/10 t$
 []


Overfull \hbox (31.01385pt too wide) in paragraph at lines 65--66
\OML/cmm/m/it/10 X\OT1/cmr/m/n/10 (\OML/cmm/m/it/10 t\OT1/cmr/m/n/10 ) =
 []


Overfull \hbox (41.90169pt too wide) in paragraph at lines 65--66
[][] \OML/cmm/m/it/10 A[]$
 []


Overfull \hbox (3.44513pt too wide) in paragraph at lines 65--66
\OML/cmm/m/it/10 i$
 []


Overfull \hbox (19.33124pt too wide) in paragraph at lines 65--66
\OMS/cmsy/m/n/10 T[] \OT1/cmr/m/n/10 =
 []


Overfull \hbox (14.16663pt too wide) in paragraph at lines 65--66
\OMS/cmsy/m/n/10 f\OML/cmm/m/it/10 t \OT1/cmr/m/n/10 :
 []


Overfull \hbox (26.78065pt too wide) in paragraph at lines 65--66
\OML/cmm/m/it/10 A[] \OT1/cmr/m/n/10 =
 []


Overfull \hbox (10.00003pt too wide) in paragraph at lines 65--66
\OT1/cmr/m/n/10 1\OMS/cmsy/m/n/10 g$
 []


Overfull \hbox (33.1147pt too wide) in paragraph at lines 65--66
\OMS/cmsy/m/n/10 f\OT1/cmr/m/n/10 ^^A\OML/cmm/m/it/10 t[]\OMS/cmsy/m/n/10 g$
 []


Overfull \hbox (23.11467pt too wide) in paragraph at lines 65--66
\OT1/cmr/m/n/10 ^^A\OML/cmm/m/it/10 t[]$
 []


Overfull \hbox (3.44513pt too wide) in paragraph at lines 65--66
\OML/cmm/m/it/10 i$
 []


Overfull \hbox (5.52084pt too wide) in paragraph at lines 65--66
\OML/cmm/m/it/10 k$
 []


Overfull \hbox (13.29865pt too wide) in paragraph at lines 65--66
\OML/cmm/m/it/10 k \OT1/cmr/m/n/10 +
 []


Overfull \hbox (5.00002pt too wide) in paragraph at lines 65--66
\OT1/cmr/m/n/10 1$
 []


! LaTeX Error: Environment table undefined.

See the LaTeX manual or LaTeX Companion for explanation.
Type  H <return>  for immediate help.
 ...                                              
                                                  
l.67 \begin{table}
                  [htbp]
Your command was ignored.
Type  I <command> <return>  to replace it with another command,
or  <return>  to continue without it.


! LaTeX Error: Missing \begin{document}.

See the LaTeX manual or LaTeX Companion for explanation.
Type  H <return>  for immediate help.
 ...                                              
                                                  
l.67 \begin{table}[
                   htbp]
You're in trouble here.  Try typing  <return>  to proceed.
If that doesn't work, type  X <return>  to quit.

Missing character: There is no [ ("5B) in font nullfont!
Missing character: There is no h ("68) in font nullfont!
Missing character: There is no t ("74) in font nullfont!
Missing character: There is no b ("62) in font nullfont!
Missing character: There is no p ("70) in font nullfont!
Missing character: There is no ] ("5D) in font nullfont!

! LaTeX Error: \caption outside float.

See the LaTeX manual or LaTeX Companion for explanation.
Type  H <return>  for immediate help.
 ...                                              
                                                  
l.69 \caption
             {业务流量特征参数$\mathbf{x}_{\text{traffic}}$的定义与表征含义}
You're in trouble here.  Try typing  <return>  to proceed.
If that doesn't work, type  X <return>  to quit.

Missing character: There is no 业 ("4E1A) in font nullfont!
Missing character: There is no 务 ("52A1) in font nullfont!
Missing character: There is no 流 ("6D41) in font nullfont!
Missing character: There is no 量 ("91CF) in font nullfont!
Missing character: There is no 特 ("7279) in font nullfont!
Missing character: There is no 征 ("5F81) in font nullfont!
Missing character: There is no 参 ("53C2) in font nullfont!
Missing character: There is no 数 ("6570) in font nullfont!
! Undefined control sequence.
l.69 \caption{业务流量特征参数$\mathbf{x}_{\text
                                        {traffic}}$的定义与表征含义}
The control sequence at the end of the top line
of your error message was never \def'ed. If you have
misspelled it (e.g., `\hobx'), type `I' and the correct
spelling (e.g., `I\hbox'). Otherwise just continue,
and I'll forget about whatever was undefined.

Missing character: There is no 的 ("7684) in font nullfont!
Missing character: There is no 定 ("5B9A) in font nullfont!
Missing character: There is no 义 ("4E49) in font nullfont!
Missing character: There is no 与 ("4E0E) in font nullfont!
Missing character: There is no 表 ("8868) in font nullfont!
Missing character: There is no 征 ("5F81) in font nullfont!
Missing character: There is no 含 ("542B) in font nullfont!
Missing character: There is no 义 ("4E49) in font nullfont!
! Undefined control sequence.
l.72 \small
           
The control sequence at the end of the top line
of your error message was never \def'ed. If you have
misspelled it (e.g., `\hobx'), type `I' and the correct
spelling (e.g., `I\hbox'). Otherwise just continue,
and I'll forget about whatever was undefined.

! Undefined control sequence.
l.74 \toprule
             
The control sequence at the end of the top line
of your error message was never \def'ed. If you have
misspelled it (e.g., `\hobx'), type `I' and the correct
spelling (e.g., `I\hbox'). Otherwise just continue,
and I'll forget about whatever was undefined.

Missing character: There is no 名 (U+540D) in font [lmroman10-bold]:mapping=tex-
text;!
Missing character: There is no 称 (U+79F0) in font [lmroman10-bold]:mapping=tex-
text;!
Missing character: There is no 变 (U+53D8) in font [lmroman10-bold]:mapping=tex-
text;!
Missing character: There is no 量 (U+91CF) in font [lmroman10-bold]:mapping=tex-
text;!
Missing character: There is no 计 (U+8BA1) in font [lmroman10-bold]:mapping=tex-
text;!
Missing character: There is no 算 (U+7B97) in font [lmroman10-bold]:mapping=tex-
text;!
Missing character: There is no 公 (U+516C) in font [lmroman10-bold]:mapping=tex-
text;!
Missing character: There is no 式 (U+5F0F) in font [lmroman10-bold]:mapping=tex-
text;!
Missing character: There is no 表 (U+8868) in font [lmroman10-bold]:mapping=tex-
text;!
Missing character: There is no 征 (U+5F81) in font [lmroman10-bold]:mapping=tex-
text;!
Missing character: There is no 含 (U+542B) in font [lmroman10-bold]:mapping=tex-
text;!
Missing character: There is no 义 (U+4E49) in font [lmroman10-bold]:mapping=tex-
text;!
! Undefined control sequence.
<recently read> \midrule 
                         
l.76 \midrule
             
The control sequence at the end of the top line
of your error message was never \def'ed. If you have
misspelled it (e.g., `\hobx'), type `I' and the correct
spelling (e.g., `I\hbox'). Otherwise just continue,
and I'll forget about whatever was undefined.

Missing character: There is no 归 ("5F52) in font nullfont!
Missing character: There is no 一 ("4E00) in font nullfont!
Missing character: There is no 化 ("5316) in font nullfont!
Missing character: There is no 网 ("7F51) in font nullfont!
Missing character: There is no 络 ("7EDC) in font nullfont!
Missing character: There is no 平 ("5E73) in font nullfont!
Missing character: There is no 均 ("5747) in font nullfont!
Missing character: There is no 到 ("5230) in font nullfont!
Missing character: There is no 达 ("8FBE) in font nullfont!
Missing character: There is no 率 ("7387) in font nullfont!
Missing character: There is no 表 ("8868) in font nullfont!
Missing character: There is no 征 ("5F81) in font nullfont!
Missing character: There is no 系 ("7CFB) in font nullfont!
Missing character: There is no 统 ("7EDF) in font nullfont!
Missing character: There is no 整 ("6574) in font nullfont!
Missing character: There is no 体 ("4F53) in font nullfont!
Missing character: There is no 流 ("6D41) in font nullfont!
Missing character: There is no 量 ("91CF) in font nullfont!
Missing character: There is no 强 ("5F3A) in font nullfont!
Missing character: There is no 度 ("5EA6) in font nullfont!
Missing character: There is no ， ("FF0C) in font nullfont!
Missing character: There is no 反 ("53CD) in font nullfont!
Missing character: There is no 映 ("6620) in font nullfont!
Missing character: There is no 平 ("5E73) in font nullfont!
Missing character: There is no 均 ("5747) in font nullfont!
Missing character: There is no 活 ("6D3B) in font nullfont!
Missing character: There is no 跃 ("8DC3) in font nullfont!
Missing character: There is no 节 ("8282) in font nullfont!
Missing character: There is no 点 ("70B9) in font nullfont!
Missing character: There is no 占 ("5360) in font nullfont!
Missing character: There is no 比 ("6BD4) in font nullfont!
Missing character: There is no 网 ("7F51) in font nullfont!
Missing character: There is no 络 ("7EDC) in font nullfont!
Missing character: There is no 突 ("7A81) in font nullfont!
Missing character: There is no 发 ("53D1) in font nullfont!
Missing character: There is no 度 ("5EA6) in font nullfont!
Missing character: There is no 指 ("6307) in font nullfont!
Missing character: There is no 标 ("6807) in font nullfont!
! Undefined control sequence.
<argument> \mathbb 
                   {E}[X(t)]
l.89 =\frac{\mathrm{Var}(X(t))}{\mathbb{E}[X(t)]}
                                                 $
The control sequence at the end of the top line
of your error message was never \def'ed. If you have
misspelled it (e.g., `\hobx'), type `I' and the correct
spelling (e.g., `I\hbox'). Otherwise just continue,
and I'll forget about whatever was undefined.

Missing character: There is no 刻 ("523B) in font nullfont!
Missing character: There is no 画 ("753B) in font nullfont!
Missing character: There is no 网 ("7F51) in font nullfont!
Missing character: There is no 络 ("7EDC) in font nullfont!
Missing character: There is no 聚 ("805A) in font nullfont!
Missing character: There is no 合 ("5408) in font nullfont!
Missing character: There is no 流 ("6D41) in font nullfont!
Missing character: There is no 量 ("91CF) in font nullfont!
Missing character: There is no 的 ("7684) in font nullfont!
Missing character: There is no 突 ("7A81) in font nullfont!
Missing character: There is no 发 ("53D1) in font nullfont!
Missing character: There is no 性 ("6027) in font nullfont!
Missing character: There is no 节 ("8282) in font nullfont!
Missing character: There is no 点 ("70B9) in font nullfont!
Missing character: There is no 突 ("7A81) in font nullfont!
Missing character: There is no 发 ("53D1) in font nullfont!
Missing character: There is no 度 ("5EA6) in font nullfont!
Missing character: There is no 指 ("6307) in font nullfont!
Missing character: There is no 标 ("6807) in font nullfont!
! Undefined control sequence.
<argument> \mathbb 
                   {E}[\Delta t_i]
l.99 ...Var}(\Delta t_i)}}{\mathbb{E}[\Delta t_i]}
                                                  $
The control sequence at the end of the top line
of your error message was never \def'ed. If you have
misspelled it (e.g., `\hobx'), type `I' and the correct
spelling (e.g., `I\hbox'). Otherwise just continue,
and I'll forget about whatever was undefined.


Overfull \hbox (1.2786pt too wide) in paragraph at lines 95--100
[]$[][] \OT1/cmr/m/n/10 = []\OML/cmm/m/it/10 ;  [] \OT1/cmr/m/n/10 = [] [][] []
$| 
 []

Missing character: There is no 刻 ("523B) in font nullfont!
Missing character: There is no 画 ("753B) in font nullfont!
Missing character: There is no 单 ("5355) in font nullfont!
Missing character: There is no 节 ("8282) in font nullfont!
Missing character: There is no 点 ("70B9) in font nullfont!
Missing character: There is no 到 ("5230) in font nullfont!
Missing character: There is no 达 ("8FBE) in font nullfont!
Missing character: There is no 间 ("95F4) in font nullfont!
Missing character: There is no 隔 ("9694) in font nullfont!
Missing character: There is no 的 ("7684) in font nullfont!
Missing character: There is no 突 ("7A81) in font nullfont!
Missing character: There is no 发 ("53D1) in font nullfont!
Missing character: There is no 性 ("6027) in font nullfont!
Missing character: There is no 网 ("7F51) in font nullfont!
Missing character: There is no 络 ("7EDC) in font nullfont!
Missing character: There is no 周 ("5468) in font nullfont!
Missing character: There is no 期 ("671F) in font nullfont!
Missing character: There is no 性 ("6027) in font nullfont!
Missing character: There is no 强 ("5F3A) in font nullfont!
Missing character: There is no 度 ("5EA6) in font nullfont!

Underfull \hbox (badness 4713) in paragraph at lines 105--111
[]$\OT1/cmr/m/n/10 ^^I[] = [][] []\OML/cmm/m/it/10 ; R\OT1/cmr/m/n/10 (\OML/cmm
/m/it/10 ^^\\OT1/cmr/m/n/10 ) =
 []

Missing character: There is no 网 ("7F51) in font nullfont!
Missing character: There is no 络 ("7EDC) in font nullfont!
Missing character: There is no 聚 ("805A) in font nullfont!
Missing character: There is no 合 ("5408) in font nullfont!
Missing character: There is no 到 ("5230) in font nullfont!
Missing character: There is no 达 ("8FBE) in font nullfont!
Missing character: There is no 序 ("5E8F) in font nullfont!
Missing character: There is no 列 ("5217) in font nullfont!
Missing character: There is no 的 ("7684) in font nullfont!
Missing character: There is no 周 ("5468) in font nullfont!
Missing character: There is no 期 ("671F) in font nullfont!
Missing character: There is no 性 ("6027) in font nullfont!
Missing character: There is no 强 ("5F3A) in font nullfont!
Missing character: There is no 度 ("5EA6) in font nullfont!
Missing character: There is no 节 ("8282) in font nullfont!
Missing character: There is no 点 ("70B9) in font nullfont!
Missing character: There is no 周 ("5468) in font nullfont!
Missing character: There is no 期 ("671F) in font nullfont!
Missing character: There is no 性 ("6027) in font nullfont!
Missing character: There is no 强 ("5F3A) in font nullfont!
Missing character: There is no 度 ("5EA6) in font nullfont!
! Undefined control sequence.
<argument> (\mathbb 
                    {E}[\Delta t_i])^{2}
l.120 {(\mathbb{E}[\Delta t_i])^{2}}
                                    \right)$
The control sequence at the end of the top line
of your error message was never \def'ed. If you have
misspelled it (e.g., `\hobx'), type `I' and the correct
spelling (e.g., `I\hbox'). Otherwise just continue,
and I'll forget about whatever was undefined.

Missing character: There is no 单 ("5355) in font nullfont!
Missing character: There is no 节 ("8282) in font nullfont!
Missing character: There is no 点 ("70B9) in font nullfont!
Missing character: There is no 到 ("5230) in font nullfont!
Missing character: There is no 达 ("8FBE) in font nullfont!
Missing character: There is no 间 ("95F4) in font nullfont!
Missing character: There is no 隔 ("9694) in font nullfont!
Missing character: There is no 的 ("7684) in font nullfont!
Missing character: There is no 周 ("5468) in font nullfont!
Missing character: There is no 期 ("671F) in font nullfont!
Missing character: There is no 性 ("6027) in font nullfont!
Missing character: There is no 强 ("5F3A) in font nullfont!
Missing character: There is no 度 ("5EA6) in font nullfont!
! Undefined control sequence.
<recently read> \bottomrule 
                            
l.122 \bottomrule
                 
The control sequence at the end of the top line
of your error message was never \def'ed. If you have
misspelled it (e.g., `\hobx'), type `I' and the correct
spelling (e.g., `I\hbox'). Otherwise just continue,
and I'll forget about whatever was undefined.


! LaTeX Error: \begin{document} ended by \end{table}.

See the LaTeX manual or LaTeX Companion for explanation.
Type  H <return>  for immediate help.
 ...                                              
                                                  
l.125 \end{table}
                 
Your command was ignored.
Type  I <command> <return>  to replace it with another command,
or  <return>  to continue without it.


Overfull \hbox (20.0pt too wide) in paragraph at lines 67--126
[]
 []


Overfull \hbox (33.62735pt too wide) in paragraph at lines 67--126
\OT1/cmr/bx/n/10 x[]$
 []


Overfull \hbox (409.71948pt too wide) in paragraph at lines 67--126
[]
 []


! LaTeX Error: Missing \begin{document}.

See the LaTeX manual or LaTeX Companion for explanation.
Type  H <return>  for immediate help.
 ...                                              
                                                  
l.127 对
       于协议专属参数 $\mathbf{x}_{\mathrm{proto}}$，本文采用统一参数超集与掩码的表示方案，以在多协议共存场景下建立...

You're in trouble here.  Try typing  <return>  to proceed.
If that doesn't work, type  X <return>  to quit.

Missing character: There is no 对 ("5BF9) in font nullfont!
Missing character: There is no 于 ("4E8E) in font nullfont!
Missing character: There is no 协 ("534F) in font nullfont!
Missing character: There is no 议 ("8BAE) in font nullfont!
Missing character: There is no 专 ("4E13) in font nullfont!
Missing character: There is no 属 ("5C5E) in font nullfont!
Missing character: There is no 参 ("53C2) in font nullfont!
Missing character: There is no 数 ("6570) in font nullfont!
Missing character: There is no ， ("FF0C) in font nullfont!
Missing character: There is no 本 ("672C) in font nullfont!
Missing character: There is no 文 ("6587) in font nullfont!
Missing character: There is no 采 ("91C7) in font nullfont!
Missing character: There is no 用 ("7528) in font nullfont!
Missing character: There is no 统 ("7EDF) in font nullfont!
Missing character: There is no 一 ("4E00) in font nullfont!
Missing character: There is no 参 ("53C2) in font nullfont!
Missing character: There is no 数 ("6570) in font nullfont!
Missing character: There is no 超 ("8D85) in font nullfont!
Missing character: There is no 集 ("96C6) in font nullfont!
Missing character: There is no 与 ("4E0E) in font nullfont!
Missing character: There is no 掩 ("63A9) in font nullfont!
Missing character: There is no 码 ("7801) in font nullfont!
Missing character: There is no 的 ("7684) in font nullfont!
Missing character: There is no 表 ("8868) in font nullfont!
Missing character: There is no 示 ("793A) in font nullfont!
Missing character: There is no 方 ("65B9) in font nullfont!
Missing character: There is no 案 ("6848) in font nullfont!
Missing character: There is no ， ("FF0C) in font nullfont!
Missing character: There is no 以 ("4EE5) in font nullfont!
Missing character: There is no 在 ("5728) in font nullfont!
Missing character: There is no 多 ("591A) in font nullfont!
Missing character: There is no 协 ("534F) in font nullfont!
Missing character: There is no 议 ("8BAE) in font nullfont!
Missing character: There is no 共 ("5171) in font nullfont!
Missing character: There is no 存 ("5B58) in font nullfont!
Missing character: There is no 场 ("573A) in font nullfont!
Missing character: There is no 景 ("666F) in font nullfont!
Missing character: There is no 下 ("4E0B) in font nullfont!
Missing character: There is no 建 ("5EFA) in font nullfont!
Missing character: There is no 立 ("7ACB) in font nullfont!
Missing character: There is no 统 ("7EDF) in font nullfont!
Missing character: There is no 一 ("4E00) in font nullfont!
Missing character: There is no 的 ("7684) in font nullfont!
Missing character: There is no 输 ("8F93) in font nullfont!
Missing character: There is no 入 ("5165) in font nullfont!
Missing character: There is no 接 ("63A5) in font nullfont!
Missing character: There is no 口 ("53E3) in font nullfont!
Missing character: There is no 。 ("3002) in font nullfont!
Missing character: There is no 设 ("8BBE) in font nullfont!
Missing character: There is no 候 ("5019) in font nullfont!
Missing character: There is no 选 ("9009) in font nullfont!
Missing character: There is no 接 ("63A5) in font nullfont!
Missing character: There is no 入 ("5165) in font nullfont!
Missing character: There is no 协 ("534F) in font nullfont!
Missing character: There is no 议 ("8BAE) in font nullfont!
Missing character: There is no 集 ("96C6) in font nullfont!
Missing character: There is no 合 ("5408) in font nullfont!
Missing character: There is no 为 ("4E3A) in font nullfont!
Missing character: There is no ， ("FF0C) in font nullfont!
Missing character: There is no 包 ("5305) in font nullfont!
Missing character: There is no 括 ("62EC) in font nullfont!
Missing character: There is no S ("53) in font nullfont!
Missing character: There is no A ("41) in font nullfont!
Missing character: There is no 、 ("3001) in font nullfont!
Missing character: There is no S ("53) in font nullfont!
Missing character: There is no A ("41) in font nullfont!
Missing character: There is no S ("53) in font nullfont!
Missing character: There is no T ("54) in font nullfont!
Missing character: There is no 、 ("3001) in font nullfont!
Missing character: There is no C ("43) in font nullfont!
Missing character: There is no B ("42) in font nullfont!
Missing character: There is no A ("41) in font nullfont!
Missing character: There is no 协 ("534F) in font nullfont!
Missing character: There is no 议 ("8BAE) in font nullfont!
Missing character: There is no 。 ("3002) in font nullfont!
Missing character: There is no 每 ("6BCF) in font nullfont!
Missing character: There is no 一 ("4E00) in font nullfont!
Missing character: There is no 种 ("79CD) in font nullfont!
Missing character: There is no 协 ("534F) in font nullfont!
Missing character: There is no 议 ("8BAE) in font nullfont!
Missing character: There is no 对 ("5BF9) in font nullfont!
Missing character: There is no 应 ("5E94) in font nullfont!
Missing character: There is no 一 ("4E00) in font nullfont!
Missing character: There is no 组 ("7EC4) in font nullfont!
Missing character: There is no 可 ("53EF) in font nullfont!
Missing character: There is no 调 ("8C03) in font nullfont!
Missing character: There is no 参 ("53C2) in font nullfont!
Missing character: There is no 数 ("6570) in font nullfont!
Missing character: There is no 集 ("96C6) in font nullfont!
Missing character: There is no 合 ("5408) in font nullfont!
Missing character: There is no 。 ("3002) in font nullfont!
Missing character: There is no 为 ("4E3A) in font nullfont!
Missing character: There is no 消 ("6D88) in font nullfont!
Missing character: There is no 除 ("9664) in font nullfont!
Missing character: There is no 因 ("56E0) in font nullfont!
Missing character: There is no 协 ("534F) in font nullfont!
Missing character: There is no 议 ("8BAE) in font nullfont!
Missing character: There is no 参 ("53C2) in font nullfont!
Missing character: There is no 数 ("6570) in font nullfont!
Missing character: There is no 维 ("7EF4) in font nullfont!
Missing character: There is no 度 ("5EA6) in font nullfont!
Missing character: There is no 不 ("4E0D) in font nullfont!
Missing character: There is no 一 ("4E00) in font nullfont!
Missing character: There is no 致 ("81F4) in font nullfont!
Missing character: There is no 而 ("800C) in font nullfont!
Missing character: There is no 产 ("4EA7) in font nullfont!
Missing character: There is no 生 ("751F) in font nullfont!
Missing character: There is no 的 ("7684) in font nullfont!
Missing character: There is no 维 ("7EF4) in font nullfont!
Missing character: There is no 度 ("5EA6) in font nullfont!
Missing character: There is no 非 ("975E) in font nullfont!
Missing character: There is no 对 ("5BF9) in font nullfont!
Missing character: There is no 齐 ("9F50) in font nullfont!
Missing character: There is no 问 ("95EE) in font nullfont!
Missing character: There is no 题 ("9898) in font nullfont!
Missing character: There is no ， ("FF0C) in font nullfont!
Missing character: There is no 本 ("672C) in font nullfont!
Missing character: There is no 文 ("6587) in font nullfont!
Missing character: There is no 将 ("5C06) in font nullfont!
Missing character: There is no 候 ("5019) in font nullfont!
Missing character: There is no 选 ("9009) in font nullfont!
Missing character: There is no 协 ("534F) in font nullfont!
Missing character: There is no 议 ("8BAE) in font nullfont!
Missing character: There is no 集 ("96C6) in font nullfont!
Missing character: There is no 合 ("5408) in font nullfont!
Missing character: There is no 中 ("4E2D) in font nullfont!
Missing character: There is no 所 ("6240) in font nullfont!
Missing character: There is no 有 ("6709) in font nullfont!
Missing character: There is no 参 ("53C2) in font nullfont!
Missing character: There is no 数 ("6570) in font nullfont!
Missing character: There is no 的 ("7684) in font nullfont!
Missing character: There is no 并 ("5E76) in font nullfont!
Missing character: There is no 集 ("96C6) in font nullfont!
Missing character: There is no 统 ("7EDF) in font nullfont!
Missing character: There is no 一 ("4E00) in font nullfont!
Missing character: There is no 放 ("653E) in font nullfont!
Missing character: There is no 入 ("5165) in font nullfont!
Missing character: There is no 一 ("4E00) in font nullfont!
Missing character: There is no 个 ("4E2A) in font nullfont!
Missing character: There is no 高 ("9AD8) in font nullfont!
Missing character: There is no 维 ("7EF4) in font nullfont!
Missing character: There is no 参 ("53C2) in font nullfont!
Missing character: There is no 数 ("6570) in font nullfont!
Missing character: There is no 向 ("5411) in font nullfont!
Missing character: There is no 量 ("91CF) in font nullfont!
! Undefined control sequence.
l.128 ... $\mathbf{x}_{\mathrm{proto}} \in \mathbb
                                                  {R}^{d_{\max}}$，其中 $d_{\ma...
The control sequence at the end of the top line
of your error message was never \def'ed. If you have
misspelled it (e.g., `\hobx'), type `I' and the correct
spelling (e.g., `I\hbox'). Otherwise just continue,
and I'll forget about whatever was undefined.

Missing character: There is no ， ("FF0C) in font nullfont!
Missing character: There is no 其 ("5176) in font nullfont!
Missing character: There is no 中 ("4E2D) in font nullfont!
Missing character: There is no 为 ("4E3A) in font nullfont!
Missing character: There is no 统 ("7EDF) in font nullfont!
Missing character: There is no 一 ("4E00) in font nullfont!
Missing character: There is no 向 ("5411) in font nullfont!
Missing character: There is no 量 ("91CF) in font nullfont!
Missing character: There is no 维 ("7EF4) in font nullfont!
Missing character: There is no 度 ("5EA6) in font nullfont!
Missing character: There is no ， ("FF0C) in font nullfont!
Missing character: There is no 包 ("5305) in font nullfont!
Missing character: There is no 含 ("542B) in font nullfont!
Missing character: There is no 协 ("534F) in font nullfont!
Missing character: There is no 议 ("8BAE) in font nullfont!
Missing character: There is no 标 ("6807) in font nullfont!
Missing character: There is no 识 ("8BC6) in font nullfont!
Missing character: There is no 符 ("7B26) in font nullfont!
Missing character: There is no 及 ("53CA) in font nullfont!
Missing character: There is no 所 ("6240) in font nullfont!
Missing character: There is no 有 ("6709) in font nullfont!
Missing character: There is no 协 ("534F) in font nullfont!
Missing character: There is no 议 ("8BAE) in font nullfont!
Missing character: There is no 参 ("53C2) in font nullfont!
Missing character: There is no 数 ("6570) in font nullfont!
Missing character: There is no 的 ("7684) in font nullfont!
Missing character: There is no 超 ("8D85) in font nullfont!
Missing character: There is no 集 ("96C6) in font nullfont!
Missing character: There is no 。 ("3002) in font nullfont!
Missing character: There is no 该 ("8BE5) in font nullfont!
Missing character: There is no 向 ("5411) in font nullfont!
Missing character: There is no 量 ("91CF) in font nullfont!
Missing character: There is no 的 ("7684) in font nullfont!
Missing character: There is no 第 ("7B2C) in font nullfont!
Missing character: There is no 一 ("4E00) in font nullfont!
Missing character: There is no 个 ("4E2A) in font nullfont!
Missing character: There is no 分 ("5206) in font nullfont!
Missing character: There is no 量 ("91CF) in font nullfont!
Missing character: There is no 为 ("4E3A) in font nullfont!
Missing character: There is no 协 ("534F) in font nullfont!
Missing character: There is no 议 ("8BAE) in font nullfont!
Missing character: There is no 类 ("7C7B) in font nullfont!
Missing character: There is no 型 ("578B) in font nullfont!
Missing character: There is no 标 ("6807) in font nullfont!
Missing character: There is no 识 ("8BC6) in font nullfont!
Missing character: There is no 符 ("7B26) in font nullfont!
Missing character: There is no ， ("FF0C) in font nullfont!
Missing character: There is no 其 ("5176) in font nullfont!
Missing character: There is no 余 ("4F59) in font nullfont!
Missing character: There is no 分 ("5206) in font nullfont!
Missing character: There is no 量 ("91CF) in font nullfont!
Missing character: There is no 包 ("5305) in font nullfont!
Missing character: There is no 含 ("542B) in font nullfont!
Missing character: There is no 接 ("63A5) in font nullfont!
Missing character: There is no 入 ("5165) in font nullfont!
Missing character: There is no 概 ("6982) in font nullfont!
Missing character: There is no 率 ("7387) in font nullfont!
Missing character: There is no 、 ("3001) in font nullfont!
Missing character: There is no 连 ("8FDE) in font nullfont!
Missing character: There is no 续 ("7EED) in font nullfont!
Missing character: There is no 传 ("4F20) in font nullfont!
Missing character: There is no 输 ("8F93) in font nullfont!
Missing character: There is no 长 ("957F) in font nullfont!
Missing character: There is no 度 ("5EA6) in font nullfont!
Missing character: There is no 等 ("7B49) in font nullfont!
Missing character: There is no 所 ("6240) in font nullfont!
Missing character: There is no 有 ("6709) in font nullfont!
Missing character: There is no 可 ("53EF) in font nullfont!
Missing character: There is no 能 ("80FD) in font nullfont!
Missing character: There is no 的 ("7684) in font nullfont!
Missing character: There is no 协 ("534F) in font nullfont!
Missing character: There is no 议 ("8BAE) in font nullfont!
Missing character: There is no 参 ("53C2) in font nullfont!
Missing character: There is no 数 ("6570) in font nullfont!
Missing character: There is no ； ("FF1B) in font nullfont!
Missing character: There is no 当 ("5F53) in font nullfont!
Missing character: There is no 某 ("67D0) in font nullfont!
Missing character: There is no 一 ("4E00) in font nullfont!
Missing character: There is no 协 ("534F) in font nullfont!
Missing character: There is no 议 ("8BAE) in font nullfont!
Missing character: There is no 不 ("4E0D) in font nullfont!
Missing character: There is no 涉 ("6D89) in font nullfont!
Missing character: There is no 及 ("53CA) in font nullfont!
Missing character: There is no 其 ("5176) in font nullfont!
Missing character: There is no 中 ("4E2D) in font nullfont!
Missing character: There is no 部 ("90E8) in font nullfont!
Missing character: There is no 分 ("5206) in font nullfont!
Missing character: There is no 参 ("53C2) in font nullfont!
Missing character: There is no 数 ("6570) in font nullfont!
Missing character: There is no 时 ("65F6) in font nullfont!
Missing character: There is no ， ("FF0C) in font nullfont!
Missing character: There is no 对 ("5BF9) in font nullfont!
Missing character: There is no 应 ("5E94) in font nullfont!
Missing character: There is no 维 ("7EF4) in font nullfont!
Missing character: There is no 度 ("5EA6) in font nullfont!
Missing character: There is no 仍 ("4ECD) in font nullfont!
Missing character: There is no 保 ("4FDD) in font nullfont!
Missing character: There is no 留 ("7559) in font nullfont!
Missing character: There is no 作 ("4F5C) in font nullfont!
Missing character: There is no 为 ("4E3A) in font nullfont!
Missing character: There is no 占 ("5360) in font nullfont!
Missing character: There is no 位 ("4F4D) in font nullfont!
Missing character: There is no 符 ("7B26) in font nullfont!
Missing character: There is no 。 ("3002) in font nullfont!
Missing character: There is no 统 ("7EDF) in font nullfont!
Missing character: There is no 一 ("4E00) in font nullfont!
Missing character: There is no 参 ("53C2) in font nullfont!
Missing character: There is no 数 ("6570) in font nullfont!
Missing character: There is no 向 ("5411) in font nullfont!
Missing character: There is no 量 ("91CF) in font nullfont!
Missing character: There is no 的 ("7684) in font nullfont!
Missing character: There is no 完 ("5B8C) in font nullfont!
Missing character: There is no 整 ("6574) in font nullfont!
Missing character: There is no 形 ("5F62) in font nullfont!
Missing character: There is no 式 ("5F0F) in font nullfont!
Missing character: There is no 为 ("4E3A) in font nullfont!
Missing character: There is no ： ("FF1A) in font nullfont!
Missing character: There is no , ("2C) in font nullfont!
Missing character: There is no 其 ("5176) in font nullfont!
Missing character: There is no 中 ("4E2D) in font nullfont!
Missing character: There is no 省 ("7701) in font nullfont!
Missing character: There is no 略 ("7565) in font nullfont!
Missing character: There is no 号 ("53F7) in font nullfont!
Missing character: There is no 对 ("5BF9) in font nullfont!
Missing character: There is no 应 ("5E94) in font nullfont!
Missing character: There is no 除 ("9664) in font nullfont!
Missing character: There is no 列 ("5217) in font nullfont!
Missing character: There is no 示 ("793A) in font nullfont!
Missing character: There is no 参 ("53C2) in font nullfont!
Missing character: There is no 数 ("6570) in font nullfont!
Missing character: There is no 外 ("5916) in font nullfont!
Missing character: There is no 的 ("7684) in font nullfont!
Missing character: There is no 其 ("5176) in font nullfont!
Missing character: There is no 余 ("4F59) in font nullfont!
Missing character: There is no 占 ("5360) in font nullfont!
Missing character: There is no 位 ("4F4D) in font nullfont!
Missing character: There is no 分 ("5206) in font nullfont!
Missing character: There is no 量 ("91CF) in font nullfont!
Missing character: There is no 。 ("3002) in font nullfont!

Overfull \hbox (20.0pt too wide) in paragraph at lines 127--131
[]
 []


Overfull \hbox (25.20839pt too wide) in paragraph at lines 127--131
\OT1/cmr/bx/n/10 x[]$
 []


Overfull \hbox (18.33331pt too wide) in paragraph at lines 127--131
\OMS/cmsy/m/n/10 P \OT1/cmr/m/n/10 =
 []


Overfull \hbox (48.20491pt too wide) in paragraph at lines 127--131
\OMS/cmsy/m/n/10 f\OML/cmm/m/it/10 a[]; a[]; a[]\OMS/cmsy/m/n/10 g$
 []


Overfull \hbox (14.73029pt too wide) in paragraph at lines 127--131
\OML/cmm/m/it/10 a \OMS/cmsy/m/n/10 2
 []


Overfull \hbox (7.7778pt too wide) in paragraph at lines 127--131
\OMS/cmsy/m/n/10 P$
 []


Overfull \hbox (11.75531pt too wide) in paragraph at lines 127--131
\OMS/cmsy/m/n/10 X[]$
 []


Overfull \hbox (34.65279pt too wide) in paragraph at lines 127--131
\OT1/cmr/bx/n/10 x[] \OMS/cmsy/m/n/10 2
 []


Overfull \hbox (25.2985pt too wide) in paragraph at lines 127--131
\OML/cmm/m/it/10 R[]$
 []


Overfull \hbox (31.0174pt too wide) in paragraph at lines 127--131
\OML/cmm/m/it/10 d[] \OT1/cmr/m/n/10 =
 []


Overfull \hbox (12.77782pt too wide) in paragraph at lines 127--131
\OT1/cmr/m/n/10 1 +
 []


Overfull \hbox (54.06525pt too wide) in paragraph at lines 127--131
[][] \OMS/cmsy/m/n/10 jX[]j$
 []


Overfull \hbox (14.73029pt too wide) in paragraph at lines 127--131
\OML/cmm/m/it/10 a \OMS/cmsy/m/n/10 2
 []


Overfull \hbox (7.7778pt too wide) in paragraph at lines 127--131
\OMS/cmsy/m/n/10 P$
 []


Overfull \hbox (4.8229pt too wide) in paragraph at lines 127--131
\OML/cmm/m/it/10 q$
 []


Overfull \hbox (10.79166pt too wide) in paragraph at lines 127--131
\OML/cmm/m/it/10 M$
 []


Overfull \hbox (35.7639pt too wide) in paragraph at lines 127--131
\OT1/cmr/bx/n/10 x[] \OT1/cmr/m/n/10 =
 []


Overfull \hbox (57.65033pt too wide) in paragraph at lines 127--131
\OT1/cmr/m/n/10 [\OML/cmm/m/it/10 a; q;  M; []\OT1/cmr/m/n/10 ][]$
 []


! LaTeX Error: Missing \begin{document}.

See the LaTeX manual or LaTeX Companion for explanation.
Type  H <return>  for immediate help.
 ...                                              
                                                  
l.132 为
       严格刻画占位参数在当前协议下的有效性，我们引入与 $\mathbf{x}_{\mathrm{proto}}$ 同维的二值掩码向量 $\ma...

You're in trouble here.  Try typing  <return>  to proceed.
If that doesn't work, type  X <return>  to quit.

Missing character: There is no 为 ("4E3A) in font nullfont!
Missing character: There is no 严 ("4E25) in font nullfont!
Missing character: There is no 格 ("683C) in font nullfont!
Missing character: There is no 刻 ("523B) in font nullfont!
Missing character: There is no 画 ("753B) in font nullfont!
Missing character: There is no 占 ("5360) in font nullfont!
Missing character: There is no 位 ("4F4D) in font nullfont!
Missing character: There is no 参 ("53C2) in font nullfont!
Missing character: There is no 数 ("6570) in font nullfont!
Missing character: There is no 在 ("5728) in font nullfont!
Missing character: There is no 当 ("5F53) in font nullfont!
Missing character: There is no 前 ("524D) in font nullfont!
Missing character: There is no 协 ("534F) in font nullfont!
Missing character: There is no 议 ("8BAE) in font nullfont!
Missing character: There is no 下 ("4E0B) in font nullfont!
Missing character: There is no 的 ("7684) in font nullfont!
Missing character: There is no 有 ("6709) in font nullfont!
Missing character: There is no 效 ("6548) in font nullfont!
Missing character: There is no 性 ("6027) in font nullfont!
Missing character: There is no ， ("FF0C) in font nullfont!
Missing character: There is no 我 ("6211) in font nullfont!
Missing character: There is no 们 ("4EEC) in font nullfont!
Missing character: There is no 引 ("5F15) in font nullfont!
Missing character: There is no 入 ("5165) in font nullfont!
Missing character: There is no 与 ("4E0E) in font nullfont!
Missing character: There is no 同 ("540C) in font nullfont!
Missing character: There is no 维 ("7EF4) in font nullfont!
Missing character: There is no 的 ("7684) in font nullfont!
Missing character: There is no 二 ("4E8C) in font nullfont!
Missing character: There is no 值 ("503C) in font nullfont!
Missing character: There is no 掩 ("63A9) in font nullfont!
Missing character: There is no 码 ("7801) in font nullfont!
Missing character: There is no 向 ("5411) in font nullfont!
Missing character: There is no 量 ("91CF) in font nullfont!
Missing character: There is no 。 ("3002) in font nullfont!
Missing character: There is no 在 ("5728) in font nullfont!
Missing character: There is no 预 ("9884) in font nullfont!
Missing character: There is no 处 ("5904) in font nullfont!
Missing character: There is no 理 ("7406) in font nullfont!
Missing character: There is no 与 ("4E0E) in font nullfont!
Missing character: There is no 模 ("6A21) in font nullfont!
Missing character: There is no 型 ("578B) in font nullfont!
Missing character: There is no 输 ("8F93) in font nullfont!
Missing character: There is no 入 ("5165) in font nullfont!
Missing character: There is no 阶 ("9636) in font nullfont!
Missing character: There is no 段 ("6BB5) in font nullfont!
Missing character: There is no ， ("FF0C) in font nullfont!
Missing character: There is no 对 ("5BF9) in font nullfont!
Missing character: There is no 应 ("5E94) in font nullfont!
Missing character: There is no 掩 ("63A9) in font nullfont!
Missing character: There is no 码 ("7801) in font nullfont!
Missing character: There is no 为 ("4E3A) in font nullfont!
Missing character: There is no 零 ("96F6) in font nullfont!
Missing character: There is no 的 ("7684) in font nullfont!
Missing character: There is no 参 ("53C2) in font nullfont!
Missing character: There is no 数 ("6570) in font nullfont!
Missing character: There is no 分 ("5206) in font nullfont!
Missing character: There is no 量 ("91CF) in font nullfont!
Missing character: There is no 通 ("901A) in font nullfont!
Missing character: There is no 过 ("8FC7) in font nullfont!
Missing character: There is no 元 ("5143) in font nullfont!
Missing character: There is no 素 ("7D20) in font nullfont!
Missing character: There is no 级 ("7EA7) in font nullfont!
Missing character: There is no 乘 ("4E58) in font nullfont!
Missing character: There is no 积 ("79EF) in font nullfont!
Missing character: There is no 被 ("88AB) in font nullfont!
Missing character: There is no 统 ("7EDF) in font nullfont!
Missing character: There is no 一 ("4E00) in font nullfont!
Missing character: There is no 置 ("7F6E) in font nullfont!
Missing character: There is no 零 ("96F6) in font nullfont!
Missing character: There is no 或 ("6216) in font nullfont!
Missing character: There is no 屏 ("5C4F) in font nullfont!
Missing character: There is no 蔽 ("853D) in font nullfont!
Missing character: There is no ， ("FF0C) in font nullfont!
Missing character: There is no 从 ("4ECE) in font nullfont!
Missing character: There is no 而 ("800C) in font nullfont!
Missing character: There is no 在 ("5728) in font nullfont!
Missing character: There is no 保 ("4FDD) in font nullfont!
Missing character: There is no 留 ("7559) in font nullfont!
Missing character: There is no 统 ("7EDF) in font nullfont!
Missing character: There is no 一 ("4E00) in font nullfont!
Missing character: There is no 维 ("7EF4) in font nullfont!
Missing character: There is no 度 ("5EA6) in font nullfont!
Missing character: There is no 表 ("8868) in font nullfont!
Missing character: There is no 示 ("793A) in font nullfont!
Missing character: There is no 的 ("7684) in font nullfont!
Missing character: There is no 同 ("540C) in font nullfont!
Missing character: There is no 时 ("65F6) in font nullfont!
Missing character: There is no ， ("FF0C) in font nullfont!
Missing character: There is no 防 ("9632) in font nullfont!
Missing character: There is no 止 ("6B62) in font nullfont!
Missing character: There is no 无 ("65E0) in font nullfont!
Missing character: There is no 效 ("6548) in font nullfont!
Missing character: There is no 参 ("53C2) in font nullfont!
Missing character: There is no 数 ("6570) in font nullfont!
Missing character: There is no 对 ("5BF9) in font nullfont!
Missing character: There is no 后 ("540E) in font nullfont!
Missing character: There is no 续 ("7EED) in font nullfont!
Missing character: There is no 学 ("5B66) in font nullfont!
Missing character: There is no 习 ("4E60) in font nullfont!
Missing character: There is no 与 ("4E0E) in font nullfont!
Missing character: There is no 优 ("4F18) in font nullfont!
Missing character: There is no 化 ("5316) in font nullfont!
Missing character: There is no 过 ("8FC7) in font nullfont!
Missing character: There is no 程 ("7A0B) in font nullfont!
Missing character: There is no 造 ("9020) in font nullfont!
Missing character: There is no 成 ("6210) in font nullfont!
Missing character: There is no 干 ("5E72) in font nullfont!
Missing character: There is no 扰 ("6270) in font nullfont!
Missing character: There is no 。 ("3002) in font nullfont!
Missing character: There is no 输 ("8F93) in font nullfont!
Missing character: There is no 入 ("5165) in font nullfont!
Missing character: There is no 特 ("7279) in font nullfont!
Missing character: There is no 征 ("5F81) in font nullfont!
Missing character: There is no 与 ("4E0E) in font nullfont!
Missing character: There is no 性 ("6027) in font nullfont!
Missing character: There is no 能 ("80FD) in font nullfont!
Missing character: There is no 指 ("6307) in font nullfont!
Missing character: There is no 标 ("6807) in font nullfont!
Missing character: There is no 的 ("7684) in font nullfont!
Missing character: There is no 摘 ("6458) in font nullfont!
Missing character: There is no 要 ("8981) in font nullfont!
Missing character: There is no 见 ("89C1) in font nullfont!
Missing character: There is no 表 ("8868) in font nullfont!
! Undefined control sequence.
<write> ... `tab:input_features' on page \thepage 
                                                  \space undefined\on@line .^^J
l.132 ...扰。输入特征与性能指标的摘要见表~\ref{tab:input_features}
                                                  。
The control sequence at the end of the top line
of your error message was never \def'ed. If you have
misspelled it (e.g., `\hobx'), type `I' and the correct
spelling (e.g., `I\hbox'). Otherwise just continue,
and I'll forget about whatever was undefined.


LaTeX Warning: Reference `tab:input_features' on page  undefined on input line 
132.

Missing character: There is no 。 ("3002) in font nullfont!
Missing character: There is no 最 ("6700) in font nullfont!
Missing character: There is no 终 ("7EC8) in font nullfont!
Missing character: There is no 与 ("4E0E) in font nullfont!
Missing character: There is no 前 ("524D) in font nullfont!
Missing character: There is no 文 ("6587) in font nullfont!
Missing character: There is no 一 ("4E00) in font nullfont!
Missing character: There is no 致 ("81F4) in font nullfont!
Missing character: There is no ， ("FF0C) in font nullfont!
Missing character: There is no 完 ("5B8C) in font nullfont!
Missing character: There is no 整 ("6574) in font nullfont!
Missing character: There is no 标 ("6807) in font nullfont!
Missing character: There is no 准 ("51C6) in font nullfont!
Missing character: There is no 化 ("5316) in font nullfont!
Missing character: There is no 输 ("8F93) in font nullfont!
Missing character: There is no 入 ("5165) in font nullfont!
Missing character: There is no 向 ("5411) in font nullfont!
Missing character: There is no 量 ("91CF) in font nullfont!
Missing character: There is no 表 ("8868) in font nullfont!
Missing character: There is no 示 ("793A) in font nullfont!
Missing character: There is no 为 ("4E3A) in font nullfont!

Overfull \hbox (20.0pt too wide) in paragraph at lines 132--134
[]
 []


Overfull \hbox (25.20839pt too wide) in paragraph at lines 132--134
\OT1/cmr/bx/n/10 x[]$
 []


Overfull \hbox (19.02768pt too wide) in paragraph at lines 132--134
\OT1/cmr/bx/n/10 m \OMS/cmsy/m/n/10 2
 []


Overfull \hbox (42.07281pt too wide) in paragraph at lines 132--134
\OMS/cmsy/m/n/10 f\OT1/cmr/m/n/10 0\OML/cmm/m/it/10 ; \OT1/cmr/m/n/10 1\OMS/cms
y/m/n/10 g[]$
 []


Overfull \hbox (32.98619pt too wide) in paragraph at lines 132--134
\OT1/cmr/bx/n/10 x[] \OMS/cmsy/m/n/10 ^^L
 []


Overfull \hbox (9.58328pt too wide) in paragraph at lines 132--134
\OT1/cmr/bx/n/10 m$
 []


Overfull \hbox (10.86pt too wide) in paragraph at lines 132--134
[]
 []

! Undefined control sequence.
l.135 ...X}_{\mathrm{in}} = \big[\mathbf{x}_{\text
                                                  {traffic}},\ \mathbf{x}_{\...
The control sequence at the end of the top line
of your error message was never \def'ed. If you have
misspelled it (e.g., `\hobx'), type `I' and the correct
spelling (e.g., `I\hbox'). Otherwise just continue,
and I'll forget about whatever was undefined.


Overfull \hbox (157.7245pt too wide) detected at line 136
\OT1/cmr/bx/n/10 X[] \OT1/cmr/m/n/10 = []\OT1/cmr/bx/n/10 x[]\OML/cmm/m/it/10 ;
  \OT1/cmr/bx/n/10 x[]\OML/cmm/m/it/10 ;  \OT1/cmr/bx/n/10 x[]\OML/cmm/m/it/10 
;  \OT1/cmr/bx/n/10 m[]\OML/cmm/m/it/10 :
 []


! LaTeX Error: Environment table undefined.

See the LaTeX manual or LaTeX Companion for explanation.
Type  H <return>  for immediate help.
 ...                                              
                                                  
l.139 \begin{table}
                   [t]
Your command was ignored.
Type  I <command> <return>  to replace it with another command,
or  <return>  to continue without it.


! LaTeX Error: Missing \begin{document}.

See the LaTeX manual or LaTeX Companion for explanation.
Type  H <return>  for immediate help.
 ...                                              
                                                  
l.139 \begin{table}[
                    t]
You're in trouble here.  Try typing  <return>  to proceed.
If that doesn't work, type  X <return>  to quit.

Missing character: There is no [ ("5B) in font nullfont!
Missing character: There is no t ("74) in font nullfont!
Missing character: There is no ] ("5D) in font nullfont!

! LaTeX Error: \caption outside float.

See the LaTeX manual or LaTeX Companion for explanation.
Type  H <return>  for immediate help.
 ...                                              
                                                  
l.141 ^^I\caption
                 {标准化输入与性能指标摘要}
You're in trouble here.  Try typing  <return>  to proceed.
If that doesn't work, type  X <return>  to quit.

Missing character: There is no 标 ("6807) in font nullfont!
Missing character: There is no 准 ("51C6) in font nullfont!
Missing character: There is no 化 ("5316) in font nullfont!
Missing character: There is no 输 ("8F93) in font nullfont!
Missing character: There is no 入 ("5165) in font nullfont!
Missing character: There is no 与 ("4E0E) in font nullfont!
Missing character: There is no 性 ("6027) in font nullfont!
Missing character: There is no 能 ("80FD) in font nullfont!
Missing character: There is no 指 ("6307) in font nullfont!
Missing character: There is no 标 ("6807) in font nullfont!
Missing character: There is no 摘 ("6458) in font nullfont!
Missing character: There is no 要 ("8981) in font nullfont!
! Undefined control sequence.
l.145 ^^I\toprule
                 
The control sequence at the end of the top line
of your error message was never \def'ed. If you have
misspelled it (e.g., `\hobx'), type `I' and the correct
spelling (e.g., `I\hbox'). Otherwise just continue,
and I'll forget about whatever was undefined.

Missing character: There is no 特 ("7279) in font nullfont!
Missing character: There is no 征 ("5F81) in font nullfont!
Missing character: There is no 组 ("7EC4) in font nullfont!
Missing character: There is no 符 ("7B26) in font nullfont!
Missing character: There is no 号 ("53F7) in font nullfont!
Missing character: There is no 含 ("542B) in font nullfont!
Missing character: There is no 义 ("4E49) in font nullfont!
Missing character: There is no / ("2F) in font nullfont!
Missing character: There is no 备 ("5907) in font nullfont!
Missing character: There is no 注 ("6CE8) in font nullfont!
! Undefined control sequence.
<recently read> \midrule 
                         
l.147 ^^I^^I\midrule
                    
The control sequence at the end of the top line
of your error message was never \def'ed. If you have
misspelled it (e.g., `\hobx'), type `I' and the correct
spelling (e.g., `I\hbox'). Otherwise just continue,
and I'll forget about whatever was undefined.

! Undefined control sequence.
l.148 ^^I^^I$\mathbf{x}_{\text
                              {traffic}}$ & $\hat{\lambda}$ & 归一化网络平均到达率，范围 ...
The control sequence at the end of the top line
of your error message was never \def'ed. If you have
misspelled it (e.g., `\hobx'), type `I' and the correct
spelling (e.g., `I\hbox'). Otherwise just continue,
and I'll forget about whatever was undefined.

Missing character: There is no 归 ("5F52) in font nullfont!
Missing character: There is no 一 ("4E00) in font nullfont!
Missing character: There is no 化 ("5316) in font nullfont!
Missing character: There is no 网 ("7F51) in font nullfont!
Missing character: There is no 络 ("7EDC) in font nullfont!
Missing character: There is no 平 ("5E73) in font nullfont!
Missing character: There is no 均 ("5747) in font nullfont!
Missing character: There is no 到 ("5230) in font nullfont!
Missing character: There is no 达 ("8FBE) in font nullfont!
Missing character: There is no 率 ("7387) in font nullfont!
Missing character: There is no ， ("FF0C) in font nullfont!
Missing character: There is no 范 ("8303) in font nullfont!
Missing character: There is no 围 ("56F4) in font nullfont!
Missing character: There is no 。 ("3002) in font nullfont!
Missing character: There is no 网 ("7F51) in font nullfont!
Missing character: There is no 络 ("7EDC) in font nullfont!
Missing character: There is no 突 ("7A81) in font nullfont!
Missing character: There is no 发 ("53D1) in font nullfont!
Missing character: There is no 度 ("5EA6) in font nullfont!
Missing character: There is no 指 ("6307) in font nullfont!
Missing character: There is no 标 ("6807) in font nullfont!
Missing character: There is no ， ("FF0C) in font nullfont!
Missing character: There is no 范 ("8303) in font nullfont!
Missing character: There is no 围 ("56F4) in font nullfont!
Missing character: There is no 。 ("3002) in font nullfont!
Missing character: There is no 节 ("8282) in font nullfont!
Missing character: There is no 点 ("70B9) in font nullfont!
Missing character: There is no 突 ("7A81) in font nullfont!
Missing character: There is no 发 ("53D1) in font nullfont!
Missing character: There is no 度 ("5EA6) in font nullfont!
Missing character: There is no 指 ("6307) in font nullfont!
Missing character: There is no 标 ("6807) in font nullfont!
Missing character: There is no ， ("FF0C) in font nullfont!
Missing character: There is no 范 ("8303) in font nullfont!
Missing character: There is no 围 ("56F4) in font nullfont!
Missing character: There is no 。 ("3002) in font nullfont!
Missing character: There is no 网 ("7F51) in font nullfont!
Missing character: There is no 络 ("7EDC) in font nullfont!
Missing character: There is no 周 ("5468) in font nullfont!
Missing character: There is no 期 ("671F) in font nullfont!
Missing character: There is no 性 ("6027) in font nullfont!
Missing character: There is no 强 ("5F3A) in font nullfont!
Missing character: There is no 度 ("5EA6) in font nullfont!
Missing character: There is no ， ("FF0C) in font nullfont!
Missing character: There is no 范 ("8303) in font nullfont!
Missing character: There is no 围 ("56F4) in font nullfont!
Missing character: There is no 。 ("3002) in font nullfont!
Missing character: There is no 节 ("8282) in font nullfont!
Missing character: There is no 点 ("70B9) in font nullfont!
Missing character: There is no 周 ("5468) in font nullfont!
Missing character: There is no 期 ("671F) in font nullfont!
Missing character: There is no 性 ("6027) in font nullfont!
Missing character: There is no 强 ("5F3A) in font nullfont!
Missing character: There is no 度 ("5EA6) in font nullfont!
Missing character: There is no ， ("FF0C) in font nullfont!
Missing character: There is no 范 ("8303) in font nullfont!
Missing character: There is no 围 ("56F4) in font nullfont!
Missing character: There is no 。 ("3002) in font nullfont!
! Undefined control sequence.
<recently read> \midrule 
                         
l.153 ^^I^^I\midrule
                    
The control sequence at the end of the top line
of your error message was never \def'ed. If you have
misspelled it (e.g., `\hobx'), type `I' and the correct
spelling (e.g., `I\hbox'). Otherwise just continue,
and I'll forget about whatever was undefined.

Missing character: There is no 节 ("8282) in font nullfont!
Missing character: There is no 点 ("70B9) in font nullfont!
Missing character: There is no 数 ("6570) in font nullfont!
Missing character: There is no 量 ("91CF) in font nullfont!
Missing character: There is no 。 ("3002) in font nullfont!
Missing character: There is no 时 ("65F6) in font nullfont!
Missing character: There is no 隙 ("9699) in font nullfont!
Missing character: There is no 数 ("6570) in font nullfont!
Missing character: There is no 量 ("91CF) in font nullfont!
Missing character: There is no 。 ("3002) in font nullfont!
! Undefined control sequence.
<recently read> \midrule 
                         
l.156 ^^I^^I\midrule
                    
The control sequence at the end of the top line
of your error message was never \def'ed. If you have
misspelled it (e.g., `\hobx'), type `I' and the correct
spelling (e.g., `I\hbox'). Otherwise just continue,
and I'll forget about whatever was undefined.

Missing character: There is no 协 ("534F) in font nullfont!
Missing character: There is no 议 ("8BAE) in font nullfont!
Missing character: There is no 类 ("7C7B) in font nullfont!
Missing character: There is no 型 ("578B) in font nullfont!
Missing character: There is no 标 ("6807) in font nullfont!
Missing character: There is no 识 ("8BC6) in font nullfont!
Missing character: There is no ， ("FF0C) in font nullfont!
Missing character: There is no （ ("FF08) in font nullfont!
Missing character: There is no 向 ("5411) in font nullfont!
Missing character: There is no 量 ("91CF) in font nullfont!
Missing character: There is no 第 ("7B2C) in font nullfont!
Missing character: There is no 一 ("4E00) in font nullfont!
Missing character: There is no 个 ("4E2A) in font nullfont!
Missing character: There is no 分 ("5206) in font nullfont!
Missing character: There is no 量 ("91CF) in font nullfont!
Missing character: There is no ） ("FF09) in font nullfont!
Missing character: There is no 。 ("3002) in font nullfont!
Missing character: There is no 接 ("63A5) in font nullfont!
Missing character: There is no 入 ("5165) in font nullfont!
Missing character: There is no 概 ("6982) in font nullfont!
Missing character: There is no 率 ("7387) in font nullfont!
Missing character: There is no 。 ("3002) in font nullfont!
Missing character: There is no 连 ("8FDE) in font nullfont!
Missing character: There is no 续 ("7EED) in font nullfont!
Missing character: There is no 传 ("4F20) in font nullfont!
Missing character: There is no 输 ("8F93) in font nullfont!
Missing character: There is no 长 ("957F) in font nullfont!
Missing character: There is no 度 ("5EA6) in font nullfont!
Missing character: There is no 。 ("3002) in font nullfont!
! Undefined control sequence.
<recently read> \midrule 
                         
l.160 ^^I^^I\midrule
                    
The control sequence at the end of the top line
of your error message was never \def'ed. If you have
misspelled it (e.g., `\hobx'), type `I' and the correct
spelling (e.g., `I\hbox'). Otherwise just continue,
and I'll forget about whatever was undefined.

Missing character: There is no 有 ("6709) in font nullfont!
Missing character: There is no 效 ("6548) in font nullfont!
Missing character: There is no 性 ("6027) in font nullfont!
Missing character: There is no 掩 ("63A9) in font nullfont!
Missing character: There is no 码 ("7801) in font nullfont!
Missing character: There is no ： ("FF1A) in font nullfont!
Missing character: There is no 若 ("82E5) in font nullfont!
Missing character: There is no 第 ("7B2C) in font nullfont!
Missing character: There is no 个 ("4E2A) in font nullfont!
Missing character: There is no 协 ("534F) in font nullfont!
Missing character: There is no 议 ("8BAE) in font nullfont!
Missing character: There is no 参 ("53C2) in font nullfont!
Missing character: There is no 数 ("6570) in font nullfont!
Missing character: There is no 在 ("5728) in font nullfont!
Missing character: There is no 当 ("5F53) in font nullfont!
Missing character: There is no 前 ("524D) in font nullfont!
Missing character: There is no 协 ("534F) in font nullfont!
Missing character: There is no 议 ("8BAE) in font nullfont!
Missing character: There is no 下 ("4E0B) in font nullfont!
Missing character: There is no 有 ("6709) in font nullfont!
Missing character: There is no 效 ("6548) in font nullfont!
Missing character: There is no ， ("FF0C) in font nullfont!
Missing character: There is no 否 ("5426) in font nullfont!
Missing character: There is no 则 ("5219) in font nullfont!
Missing character: There is no 为 ("4E3A) in font nullfont!
Missing character: There is no 。 ("3002) in font nullfont!
! Undefined control sequence.
<recently read> \midrule 
                         
l.162 ^^I^^I\midrule
                    
The control sequence at the end of the top line
of your error message was never \def'ed. If you have
misspelled it (e.g., `\hobx'), type `I' and the correct
spelling (e.g., `I\hbox'). Otherwise just continue,
and I'll forget about whatever was undefined.

Missing character: There is no 吞 ("541E) in font nullfont!
Missing character: There is no 吐 ("5410) in font nullfont!
Missing character: There is no 量 ("91CF) in font nullfont!
Missing character: There is no 。 ("3002) in font nullfont!
Missing character: There is no 平 ("5E73) in font nullfont!
Missing character: There is no 均 ("5747) in font nullfont!
Missing character: There is no 时 ("65F6) in font nullfont!
Missing character: There is no 延 ("5EF6) in font nullfont!
Missing character: There is no 。 ("3002) in font nullfont!
Missing character: There is no 公 ("516C) in font nullfont!
Missing character: There is no 平 ("5E73) in font nullfont!
Missing character: There is no 性 ("6027) in font nullfont!
Missing character: There is no 。 ("3002) in font nullfont!
Missing character: There is no 采 ("91C7) in font nullfont!
Missing character: There is no 用 ("7528) in font nullfont!
Missing character: There is no J ("4A) in font nullfont!
Missing character: There is no a ("61) in font nullfont!
Missing character: There is no i ("69) in font nullfont!
Missing character: There is no n ("6E) in font nullfont!
Missing character: There is no 指 ("6307) in font nullfont!
Missing character: There is no 数 ("6570) in font nullfont!
Missing character: There is no 并 ("5E76) in font nullfont!
Missing character: There is no 做 ("505A) in font nullfont!
Missing character: There is no 归 ("5F52) in font nullfont!
Missing character: There is no 一 ("4E00) in font nullfont!
Missing character: There is no 化 ("5316) in font nullfont!
Missing character: There is no 。 ("3002) in font nullfont!
Missing character: There is no 信 ("4FE1) in font nullfont!
Missing character: There is no 令 ("4EE4) in font nullfont!
Missing character: There is no 开 ("5F00) in font nullfont!
Missing character: There is no 销 ("9500) in font nullfont!
! Undefined control sequence.
<recently read> \bottomrule 
                            
l.167 ^^I^^I\bottomrule
                       
The control sequence at the end of the top line
of your error message was never \def'ed. If you have
misspelled it (e.g., `\hobx'), type `I' and the correct
spelling (e.g., `I\hbox'). Otherwise just continue,
and I'll forget about whatever was undefined.


! LaTeX Error: \begin{document} ended by \end{table}.

See the LaTeX manual or LaTeX Companion for explanation.
Type  H <return>  for immediate help.
 ...                                              
                                                  
l.169 \end{table}
                 
Your command was ignored.
Type  I <command> <return>  to replace it with another command,
or  <return>  to continue without it.


Overfull \hbox (20.0pt too wide) in paragraph at lines 139--170
[]
 []


Overfull \hbox (319.51253pt too wide) in paragraph at lines 139--170
[]
 []

! Undefined control sequence.
l.171 \subsection
                 {统一仿真映射与效用构造}
The control sequence at the end of the top line
of your error message was never \def'ed. If you have
misspelled it (e.g., `\hobx'), type `I' and the correct
spelling (e.g., `I\hbox'). Otherwise just continue,
and I'll forget about whatever was undefined.


! LaTeX Error: Missing \begin{document}.

See the LaTeX manual or LaTeX Companion for explanation.
Type  H <return>  for immediate help.
 ...                                              
                                                  
l.171 \subsection{统
                   一仿真映射与效用构造}
You're in trouble here.  Try typing  <return>  to proceed.
If that doesn't work, type  X <return>  to quit.

Missing character: There is no 统 ("7EDF) in font nullfont!
Missing character: There is no 一 ("4E00) in font nullfont!
Missing character: There is no 仿 ("4EFF) in font nullfont!
Missing character: There is no 真 ("771F) in font nullfont!
Missing character: There is no 映 ("6620) in font nullfont!
Missing character: There is no 射 ("5C04) in font nullfont!
Missing character: There is no 与 ("4E0E) in font nullfont!
Missing character: There is no 效 ("6548) in font nullfont!
Missing character: There is no 用 ("7528) in font nullfont!
Missing character: There is no 构 ("6784) in font nullfont!
Missing character: There is no 造 ("9020) in font nullfont!

Overfull \hbox (20.0pt too wide) in paragraph at lines 171--172
[] 
 []


! LaTeX Error: Missing \begin{document}.

See the LaTeX manual or LaTeX Companion for explanation.
Type  H <return>  for immediate help.
 ...                                              
                                                  
l.173 在
       统一输入接口 $\mathbf{X}_{\mathrm{in}}$ 确定后，需要进一步给出从输入到性能度量的可复现映射。为此，本文构建统一...

You're in trouble here.  Try typing  <return>  to proceed.
If that doesn't work, type  X <return>  to quit.

Missing character: There is no 在 ("5728) in font nullfont!
Missing character: There is no 统 ("7EDF) in font nullfont!
Missing character: There is no 一 ("4E00) in font nullfont!
Missing character: There is no 输 ("8F93) in font nullfont!
Missing character: There is no 入 ("5165) in font nullfont!
Missing character: There is no 接 ("63A5) in font nullfont!
Missing character: There is no 口 ("53E3) in font nullfont!
Missing character: There is no 确 ("786E) in font nullfont!
Missing character: There is no 定 ("5B9A) in font nullfont!
Missing character: There is no 后 ("540E) in font nullfont!
Missing character: There is no ， ("FF0C) in font nullfont!
Missing character: There is no 需 ("9700) in font nullfont!
Missing character: There is no 要 ("8981) in font nullfont!
Missing character: There is no 进 ("8FDB) in font nullfont!
Missing character: There is no 一 ("4E00) in font nullfont!
Missing character: There is no 步 ("6B65) in font nullfont!
Missing character: There is no 给 ("7ED9) in font nullfont!
Missing character: There is no 出 ("51FA) in font nullfont!
Missing character: There is no 从 ("4ECE) in font nullfont!
Missing character: There is no 输 ("8F93) in font nullfont!
Missing character: There is no 入 ("5165) in font nullfont!
Missing character: There is no 到 ("5230) in font nullfont!
Missing character: There is no 性 ("6027) in font nullfont!
Missing character: There is no 能 ("80FD) in font nullfont!
Missing character: There is no 度 ("5EA6) in font nullfont!
Missing character: There is no 量 ("91CF) in font nullfont!
Missing character: There is no 的 ("7684) in font nullfont!
Missing character: There is no 可 ("53EF) in font nullfont!
Missing character: There is no 复 ("590D) in font nullfont!
Missing character: There is no 现 ("73B0) in font nullfont!
Missing character: There is no 映 ("6620) in font nullfont!
Missing character: There is no 射 ("5C04) in font nullfont!
Missing character: There is no 。 ("3002) in font nullfont!
Missing character: There is no 为 ("4E3A) in font nullfont!
Missing character: There is no 此 ("6B64) in font nullfont!
Missing character: There is no ， ("FF0C) in font nullfont!
Missing character: There is no 本 ("672C) in font nullfont!
Missing character: There is no 文 ("6587) in font nullfont!
Missing character: There is no 构 ("6784) in font nullfont!
Missing character: There is no 建 ("5EFA) in font nullfont!
Missing character: There is no 统 ("7EDF) in font nullfont!
Missing character: There is no 一 ("4E00) in font nullfont!
Missing character: There is no 的 ("7684) in font nullfont!
Missing character: There is no 离 ("79BB) in font nullfont!
Missing character: There is no 散 ("6563) in font nullfont!
Missing character: There is no 事 ("4E8B) in font nullfont!
Missing character: There is no 件 ("4EF6) in font nullfont!
Missing character: There is no 仿 ("4EFF) in font nullfont!
Missing character: There is no 真 ("771F) in font nullfont!
Missing character: There is no 映 ("6620) in font nullfont!
Missing character: There is no 射 ("5C04) in font nullfont!
Missing character: There is no ， ("FF0C) in font nullfont!
Missing character: There is no 输 ("8F93) in font nullfont!
Missing character: There is no 入 ("5165) in font nullfont!
Missing character: There is no 为 ("4E3A) in font nullfont!
Missing character: There is no 统 ("7EDF) in font nullfont!
Missing character: There is no 一 ("4E00) in font nullfont!
Missing character: There is no 输 ("8F93) in font nullfont!
Missing character: There is no 入 ("5165) in font nullfont!
Missing character: There is no 向 ("5411) in font nullfont!
Missing character: There is no 量 ("91CF) in font nullfont!
Missing character: There is no ， ("FF0C) in font nullfont!
Missing character: There is no 仿 ("4EFF) in font nullfont!
Missing character: There is no 真 ("771F) in font nullfont!
Missing character: There is no 器 ("5668) in font nullfont!
Missing character: There is no 据 ("636E) in font nullfont!
Missing character: There is no 此 ("6B64) in font nullfont!
Missing character: There is no 生 ("751F) in font nullfont!
Missing character: There is no 成 ("6210) in font nullfont!
Missing character: There is no 对 ("5BF9) in font nullfont!
Missing character: There is no 应 ("5E94) in font nullfont!
Missing character: There is no 网 ("7F51) in font nullfont!
Missing character: There is no 络 ("7EDC) in font nullfont!
Missing character: There is no 场 ("573A) in font nullfont!
Missing character: There is no 景 ("666F) in font nullfont!
Missing character: There is no 并 ("5E76) in font nullfont!
Missing character: There is no 执 ("6267) in font nullfont!
Missing character: There is no 行 ("884C) in font nullfont!
Missing character: There is no 随 ("968F) in font nullfont!
Missing character: There is no 机 ("673A) in font nullfont!
Missing character: There is no 接 ("63A5) in font nullfont!
Missing character: There is no 入 ("5165) in font nullfont!
Missing character: There is no 过 ("8FC7) in font nullfont!
Missing character: There is no 程 ("7A0B) in font nullfont!
Missing character: There is no ， ("FF0C) in font nullfont!
Missing character: There is no 最 ("6700) in font nullfont!
Missing character: There is no 终 ("7EC8) in font nullfont!
Missing character: There is no 输 ("8F93) in font nullfont!
Missing character: There is no 出 ("51FA) in font nullfont!
Missing character: There is no 性 ("6027) in font nullfont!
Missing character: There is no 能 ("80FD) in font nullfont!
Missing character: There is no — ("2014) in font nullfont!
Missing character: There is no 资 ("8D44) in font nullfont!
Missing character: There is no 源 ("6E90) in font nullfont!
Missing character: There is no 指 ("6307) in font nullfont!
Missing character: There is no 标 ("6807) in font nullfont!
Missing character: There is no 向 ("5411) in font nullfont!
Missing character: There is no 量 ("91CF) in font nullfont!

Overfull \hbox (20.0pt too wide) in paragraph at lines 173--174
[]
 []


Overfull \hbox (15.87498pt too wide) in paragraph at lines 173--174
\OT1/cmr/bx/n/10 X[]$
 []


Overfull \hbox (17.2639pt too wide) in paragraph at lines 173--174
\OML/cmm/m/it/10 S\OT1/cmr/m/n/10 (\OMS/cmsy/m/n/10 ^^A\OT1/cmr/m/n/10 )$
 []


Overfull \hbox (15.87498pt too wide) in paragraph at lines 173--174
\OT1/cmr/bx/n/10 X[]$ 
 []


Overfull \hbox (136.56117pt too wide) detected at line 177
\OT1/cmr/bx/n/10 y \OT1/cmr/m/n/10 = \OML/cmm/m/it/10 S  [] \OT1/cmr/m/n/10 = [
]\OML/cmm/m/it/10 ^^U[];  D;  J[];  S; [];
 []

Missing character: There is no 其 ("5176) in font nullfont!
Missing character: There is no 中 ("4E2D) in font nullfont!
Missing character: There is no 表 ("8868) in font nullfont!
Missing character: There is no 示 ("793A) in font nullfont!
Missing character: There is no 系 ("7CFB) in font nullfont!
Missing character: There is no 统 ("7EDF) in font nullfont!
Missing character: There is no 吞 ("541E) in font nullfont!
Missing character: There is no 吐 ("5410) in font nullfont!
Missing character: There is no 量 ("91CF) in font nullfont!
Missing character: There is no ， ("FF0C) in font nullfont!
Missing character: There is no 表 ("8868) in font nullfont!
Missing character: There is no 示 ("793A) in font nullfont!
Missing character: There is no 平 ("5E73) in font nullfont!
Missing character: There is no 均 ("5747) in font nullfont!
Missing character: There is no 数 ("6570) in font nullfont!
Missing character: There is no 据 ("636E) in font nullfont!
Missing character: There is no 包 ("5305) in font nullfont!
Missing character: There is no 时 ("65F6) in font nullfont!
Missing character: There is no 延 ("5EF6) in font nullfont!
Missing character: There is no ， ("FF0C) in font nullfont!
Missing character: There is no 表 ("8868) in font nullfont!
Missing character: There is no 示 ("793A) in font nullfont!
Missing character: There is no 公 ("516C) in font nullfont!
Missing character: There is no 平 ("5E73) in font nullfont!
Missing character: There is no 性 ("6027) in font nullfont!
Missing character: There is no （ ("FF08) in font nullfont!
Missing character: There is no 采 ("91C7) in font nullfont!
Missing character: There is no 用 ("7528) in font nullfont!
Missing character: There is no J ("4A) in font nullfont!
Missing character: There is no a ("61) in font nullfont!
Missing character: There is no i ("69) in font nullfont!
Missing character: There is no n ("6E) in font nullfont!
Missing character: There is no 指 ("6307) in font nullfont!
Missing character: There is no 数 ("6570) in font nullfont!
Missing character: There is no 刻 ("523B) in font nullfont!
Missing character: There is no 画 ("753B) in font nullfont!
Missing character: There is no ） ("FF09) in font nullfont!
Missing character: There is no ， ("FF0C) in font nullfont!
Missing character: There is no 表 ("8868) in font nullfont!
Missing character: There is no 示 ("793A) in font nullfont!
Missing character: There is no 信 ("4FE1) in font nullfont!
Missing character: There is no 令 ("4EE4) in font nullfont!
Missing character: There is no 开 ("5F00) in font nullfont!
Missing character: There is no 销 ("9500) in font nullfont!
Missing character: There is no 。 ("3002) in font nullfont!
Missing character: There is no 上 ("4E0A) in font nullfont!
Missing character: There is no 述 ("8FF0) in font nullfont!
Missing character: There is no 指 ("6307) in font nullfont!
Missing character: There is no 标 ("6807) in font nullfont!
Missing character: There is no 集 ("96C6) in font nullfont!
Missing character: There is no 合 ("5408) in font nullfont!
Missing character: There is no 兼 ("517C) in font nullfont!
Missing character: There is no 顾 ("987E) in font nullfont!
Missing character: There is no 业 ("4E1A) in font nullfont!
Missing character: There is no 务 ("52A1) in font nullfont!
Missing character: There is no 性 ("6027) in font nullfont!
Missing character: There is no 能 ("80FD) in font nullfont!
Missing character: There is no 与 ("4E0E) in font nullfont!
Missing character: There is no 代 ("4EE3) in font nullfont!
Missing character: There is no 价 ("4EF7) in font nullfont!
Missing character: There is no ， ("FF0C) in font nullfont!
Missing character: There is no 便 ("4FBF) in font nullfont!
Missing character: There is no 于 ("4E8E) in font nullfont!
Missing character: There is no 在 ("5728) in font nullfont!
Missing character: There is no 多 ("591A) in font nullfont!
Missing character: There is no 协 ("534F) in font nullfont!
Missing character: There is no 议 ("8BAE) in font nullfont!
Missing character: There is no 、 ("3001) in font nullfont!
Missing character: There is no 多 ("591A) in font nullfont!
Missing character: There is no 参 ("53C2) in font nullfont!
Missing character: There is no 数 ("6570) in font nullfont!
Missing character: There is no 配 ("914D) in font nullfont!
Missing character: There is no 置 ("7F6E) in font nullfont!
Missing character: There is no 下 ("4E0B) in font nullfont!
Missing character: There is no 进 ("8FDB) in font nullfont!
Missing character: There is no 行 ("884C) in font nullfont!
Missing character: There is no 统 ("7EDF) in font nullfont!
Missing character: There is no 一 ("4E00) in font nullfont!
Missing character: There is no 评 ("8BC4) in font nullfont!
Missing character: There is no 估 ("4F30) in font nullfont!
Missing character: There is no 与 ("4E0E) in font nullfont!
Missing character: There is no 对 ("5BF9) in font nullfont!
Missing character: There is no 比 ("6BD4) in font nullfont!
Missing character: There is no 。 ("3002) in font nullfont!
Missing character: There is no 为 ("4E3A) in font nullfont!
Missing character: There is no 消 ("6D88) in font nullfont!
Missing character: There is no 除 ("9664) in font nullfont!
Missing character: There is no 不 ("4E0D) in font nullfont!
Missing character: There is no 同 ("540C) in font nullfont!
Missing character: There is no 指 ("6307) in font nullfont!
Missing character: There is no 标 ("6807) in font nullfont!
Missing character: There is no 量 ("91CF) in font nullfont!
Missing character: There is no 纲 ("7EB2) in font nullfont!
Missing character: There is no 与 ("4E0E) in font nullfont!
Missing character: There is no 数 ("6570) in font nullfont!
Missing character: There is no 值 ("503C) in font nullfont!
Missing character: There is no 尺 ("5C3A) in font nullfont!
Missing character: There is no 度 ("5EA6) in font nullfont!
Missing character: There is no 差 ("5DEE) in font nullfont!
Missing character: There is no 异 ("5F02) in font nullfont!
Missing character: There is no 对 ("5BF9) in font nullfont!
Missing character: There is no 比 ("6BD4) in font nullfont!
Missing character: There is no 较 ("8F83) in font nullfont!
Missing character: There is no 与 ("4E0E) in font nullfont!
Missing character: There is no 决 ("51B3) in font nullfont!
Missing character: There is no 策 ("7B56) in font nullfont!
Missing character: There is no 造 ("9020) in font nullfont!
Missing character: There is no 成 ("6210) in font nullfont!
Missing character: There is no 的 ("7684) in font nullfont!
Missing character: There is no 影 ("5F71) in font nullfont!
Missing character: There is no 响 ("54CD) in font nullfont!
Missing character: There is no ， ("FF0C) in font nullfont!
Missing character: There is no 并 ("5E76) in font nullfont!
Missing character: There is no 保 ("4FDD) in font nullfont!
Missing character: There is no 证 ("8BC1) in font nullfont!
Missing character: There is no 跨 ("8DE8) in font nullfont!
Missing character: There is no 协 ("534F) in font nullfont!
Missing character: There is no 议 ("8BAE) in font nullfont!
Missing character: There is no 评 ("8BC4) in font nullfont!
Missing character: There is no 估 ("4F30) in font nullfont!
Missing character: There is no 的 ("7684) in font nullfont!
Missing character: There is no 一 ("4E00) in font nullfont!
Missing character: There is no 致 ("81F4) in font nullfont!
Missing character: There is no 性 ("6027) in font nullfont!
Missing character: There is no ， ("FF0C) in font nullfont!
Missing character: There is no 本 ("672C) in font nullfont!
Missing character: There is no 文 ("6587) in font nullfont!
Missing character: There is no 在 ("5728) in font nullfont!
Missing character: There is no 同 ("540C) in font nullfont!
Missing character: There is no 一 ("4E00) in font nullfont!
Missing character: There is no 对 ("5BF9) in font nullfont!
Missing character: There is no 比 ("6BD4) in font nullfont!
Missing character: There is no 组 ("7EC4) in font nullfont!
Missing character: There is no 内 ("5185) in font nullfont!
Missing character: There is no 对 ("5BF9) in font nullfont!
Missing character: There is no 各 ("5404) in font nullfont!
Missing character: There is no 维 ("7EF4) in font nullfont!
Missing character: There is no 指 ("6307) in font nullfont!
Missing character: There is no 标 ("6807) in font nullfont!
Missing character: There is no 采 ("91C7) in font nullfont!
Missing character: There is no 用 ("7528) in font nullfont!
Missing character: There is no 最 ("6700) in font nullfont!
Missing character: There is no 小 ("5C0F) in font nullfont!
Missing character: There is no 最 ("6700) in font nullfont!
Missing character: There is no 大 ("5927) in font nullfont!
Missing character: There is no 归 ("5F52) in font nullfont!
Missing character: There is no 一 ("4E00) in font nullfont!
Missing character: There is no 化 ("5316) in font nullfont!
Missing character: There is no ， ("FF0C) in font nullfont!
Missing character: There is no 并 ("5E76) in font nullfont!
Missing character: There is no 将 ("5C06) in font nullfont!
Missing character: There is no 所 ("6240) in font nullfont!
Missing character: There is no 有 ("6709) in font nullfont!
Missing character: There is no 指 ("6307) in font nullfont!
Missing character: There is no 标 ("6807) in font nullfont!
Missing character: There is no 统 ("7EDF) in font nullfont!
Missing character: There is no 一 ("4E00) in font nullfont!
Missing character: There is no 转 ("8F6C) in font nullfont!
Missing character: There is no 换 ("6362) in font nullfont!
Missing character: There is no 为 ("4E3A) in font nullfont!
Missing character: There is no 效 ("6548) in font nullfont!
Missing character: There is no 用 ("7528) in font nullfont!
Missing character: There is no 型 ("578B) in font nullfont!
Missing character: There is no 指 ("6307) in font nullfont!
Missing character: There is no 标 ("6807) in font nullfont!
Missing character: There is no 。 ("3002) in font nullfont!
Missing character: There is no 记 ("8BB0) in font nullfont!
Missing character: There is no 第 ("7B2C) in font nullfont!
Missing character: There is no 个 ("4E2A) in font nullfont!
Missing character: There is no 指 ("6307) in font nullfont!
Missing character: There is no 标 ("6807) in font nullfont!
Missing character: There is no 在 ("5728) in font nullfont!
Missing character: There is no 对 ("5BF9) in font nullfont!
Missing character: There is no 比 ("6BD4) in font nullfont!
Missing character: There is no 组 ("7EC4) in font nullfont!
Missing character: There is no 内 ("5185) in font nullfont!
Missing character: There is no 的 ("7684) in font nullfont!
Missing character: There is no 取 ("53D6) in font nullfont!
Missing character: There is no 值 ("503C) in font nullfont!
Missing character: There is no 范 ("8303) in font nullfont!
Missing character: There is no 围 ("56F4) in font nullfont!
Missing character: There is no 为 ("4E3A) in font nullfont!
Missing character: There is no ， ("FF0C) in font nullfont!
Missing character: There is no 则 ("5219) in font nullfont!
Missing character: There is no 归 ("5F52) in font nullfont!
Missing character: There is no 一 ("4E00) in font nullfont!
Missing character: There is no 化 ("5316) in font nullfont!
Missing character: There is no 后 ("540E) in font nullfont!
Missing character: There is no 的 ("7684) in font nullfont!
Missing character: There is no 指 ("6307) in font nullfont!
Missing character: There is no 标 ("6807) in font nullfont!
Missing character: There is no 定 ("5B9A) in font nullfont!
Missing character: There is no 义 ("4E49) in font nullfont!
Missing character: There is no 为 ("4E3A) in font nullfont!

Overfull \hbox (17.86119pt too wide) in paragraph at lines 177--180
 $\OML/cmm/m/it/10 ^^U[]$
 []


Overfull \hbox (8.55695pt too wide) in paragraph at lines 177--180
\OML/cmm/m/it/10 D$
 []


Overfull \hbox (11.84479pt too wide) in paragraph at lines 177--180
\OML/cmm/m/it/10 J[]$
 []


Overfull \hbox (6.70831pt too wide) in paragraph at lines 177--180
\OML/cmm/m/it/10 S$
 []


Overfull \hbox (5.52084pt too wide) in paragraph at lines 177--180
\OML/cmm/m/it/10 k$
 []


Overfull \hbox (9.82298pt too wide) in paragraph at lines 177--180
\OML/cmm/m/it/10 y[]$
 []


Overfull \hbox (49.53026pt too wide) in paragraph at lines 177--180
\OT1/cmr/m/n/10 [\OML/cmm/m/it/10 y[]; y[]\OT1/cmr/m/n/10 ]$
 []


Overfull \hbox (9.82298pt too wide) in paragraph at lines 177--180
[]$
 []


! LaTeX Error: The font size command \normalsize is not defined:
               there is probably something wrong with the class file.

See the LaTeX manual or LaTeX Companion for explanation.
Type  H <return>  for immediate help.
 ...                                              
                                                  
l.180 \begin{equation}
                      
Your command was ignored.
Type  I <command> <return>  to replace it with another command,
or  <return>  to continue without it.

[1
! Undefined control sequence.
<write> ...bel{chapter5: ai_selector}{{}{\thepage 
                                                  }}
l.180 \begin{equation}
                      
The control sequence at the end of the top line
of your error message was never \def'ed. If you have
misspelled it (e.g., `\hobx'), type `I' and the correct
spelling (e.g., `I\hbox'). Otherwise just continue,
and I'll forget about whatever was undefined.

\newlabel{chapter5: ai_selector}{{}{}}
! Undefined control sequence.
<write> ...l{tab:protocol_comparison}{{}{\thepage 
                                                  }}
l.180 \begin{equation}
                      
The control sequence at the end of the top line
of your error message was never \def'ed. If you have
misspelled it (e.g., `\hobx'), type `I' and the correct
spelling (e.g., `I\hbox'). Otherwise just continue,
and I'll forget about whatever was undefined.

\newlabel{tab:protocol_comparison}{{}{}}
! Undefined control sequence.
<write> \newlabel{eq:chap5_overview}{{1}{\thepage 
                                                  }}
l.180 \begin{equation}
                      
The control sequence at the end of the top line
of your error message was never \def'ed. If you have
misspelled it (e.g., `\hobx'), type `I' and the correct
spelling (e.g., `I\hbox'). Otherwise just continue,
and I'll forget about whatever was undefined.

\newlabel{eq:chap5_overview}{{1}{}}
! Undefined control sequence.
<write> ...label{fig:chap5_framework}{{}{\thepage 
                                                  }}
l.180 \begin{equation}
                      
The control sequence at the end of the top line
of your error message was never \def'ed. If you have
misspelled it (e.g., `\hobx'), type `I' and the correct
spelling (e.g., `I\hbox'). Otherwise just continue,
and I'll forget about whatever was undefined.

\newlabel{fig:chap5_framework}{{}{}}
! Undefined control sequence.
<write> ...l{tab:traffic_feature_def}{{}{\thepage 
                                                  }}
l.180 \begin{equation}
                      
The control sequence at the end of the top line
of your error message was never \def'ed. If you have
misspelled it (e.g., `\hobx'), type `I' and the correct
spelling (e.g., `I\hbox'). Otherwise just continue,
and I'll forget about whatever was undefined.

\newlabel{tab:traffic_feature_def}{{}{}}
! Undefined control sequence.
<write> \newlabel{tab:input_features}{{}{\thepage 
                                                  }}
l.180 \begin{equation}
                      
The control sequence at the end of the top line
of your error message was never \def'ed. If you have
misspelled it (e.g., `\hobx'), type `I' and the correct
spelling (e.g., `I\hbox'). Otherwise just continue,
and I'll forget about whatever was undefined.

\newlabel{tab:input_features}{{}{}}
]
! Undefined control sequence.
<argument> \dfrac 
                  
l.183 ^^I\dfrac
               {y_k-y_k^{\min}}{y_k^{\max}-y_k^{\min}}, & y_k \ \text{为效用型指标...
The control sequence at the end of the top line
of your error message was never \def'ed. If you have
misspelled it (e.g., `\hobx'), type `I' and the correct
spelling (e.g., `I\hbox'). Otherwise just continue,
and I'll forget about whatever was undefined.

! Misplaced alignment tab character &.
l.183 ...y_k-y_k^{\min}}{y_k^{\max}-y_k^{\min}}, &
                                                   y_k \ \text{为效用型指标},\\[10pt]
I can't figure out why you would want to use a tab mark
here. If you just want an ampersand, the remedy is
simple: Just type `I\&' now. But if some right brace
up above has ended a previous alignment prematurely,
you're probably due for more error messages, and you
might try typing `S' now just to see what is salvageable.

! Undefined control sequence.
l.183 ...n}}{y_k^{\max}-y_k^{\min}}, & y_k \ \text
                                                  {为效用型指标},\\[10pt]
The control sequence at the end of the top line
of your error message was never \def'ed. If you have
misspelled it (e.g., `\hobx'), type `I' and the correct
spelling (e.g., `I\hbox'). Otherwise just continue,
and I'll forget about whatever was undefined.

! Undefined control sequence.
l.184 ^^I1-\dfrac
                 {y_k-y_k^{\min}}{y_k^{\max}-y_k^{\min}}, & y_k \ \text{为成本型...
The control sequence at the end of the top line
of your error message was never \def'ed. If you have
misspelled it (e.g., `\hobx'), type `I' and the correct
spelling (e.g., `I\hbox'). Otherwise just continue,
and I'll forget about whatever was undefined.

! Misplaced alignment tab character &.
l.184 ...y_k-y_k^{\min}}{y_k^{\max}-y_k^{\min}}, &
                                                   y_k \ \text{为成本型指标},
I can't figure out why you would want to use a tab mark
here. If you just want an ampersand, the remedy is
simple: Just type `I\&' now. But if some right brace
up above has ended a previous alignment prematurely,
you're probably due for more error messages, and you
might try typing `S' now just to see what is salvageable.

! Undefined control sequence.
l.184 ...n}}{y_k^{\max}-y_k^{\min}}, & y_k \ \text
                                                  {为成本型指标},
The control sequence at the end of the top line
of your error message was never \def'ed. If you have
misspelled it (e.g., `\hobx'), type `I' and the correct
spelling (e.g., `I\hbox'). Otherwise just continue,
and I'll forget about whatever was undefined.

Missing character: There is no 为 ("4E3A) in font cmr10!
Missing character: There is no 效 ("6548) in font cmr10!
Missing character: There is no 用 ("7528) in font cmr10!
Missing character: There is no 型 ("578B) in font cmr10!
Missing character: There is no 指 ("6307) in font cmr10!
Missing character: There is no 标 ("6807) in font cmr10!
Missing character: There is no 为 ("4E3A) in font cmr10!
Missing character: There is no 成 ("6210) in font cmr10!
Missing character: There is no 本 ("672C) in font cmr10!
Missing character: There is no 型 ("578B) in font cmr10!
Missing character: There is no 指 ("6307) in font cmr10!
Missing character: There is no 标 ("6807) in font cmr10!

Overfull \hbox (266.84265pt too wide) detected at line 186
[] \OT1/cmr/m/n/10 = [] [][]\OML/cmm/m/it/10 ; y[] [];  \OT1/cmr/m/n/10 1 \OMS/
cmsy/m/n/10 ^^@ [][]\OML/cmm/m/it/10 ; y[] [];
 []

Missing character: There is no 其 ("5176) in font nullfont!
Missing character: There is no 中 ("4E2D) in font nullfont!
Missing character: There is no 效 ("6548) in font nullfont!
Missing character: There is no 用 ("7528) in font nullfont!
Missing character: There is no 型 ("578B) in font nullfont!
Missing character: There is no 指 ("6307) in font nullfont!
Missing character: There is no 标 ("6807) in font nullfont!
Missing character: There is no 是 ("662F) in font nullfont!
Missing character: There is no 指 ("6307) in font nullfont!
Missing character: There is no 数 ("6570) in font nullfont!
Missing character: There is no 值 ("503C) in font nullfont!
Missing character: There is no 增 ("589E) in font nullfont!
Missing character: There is no 大 ("5927) in font nullfont!
Missing character: There is no 表 ("8868) in font nullfont!
Missing character: There is no 示 ("793A) in font nullfont!
Missing character: There is no 性 ("6027) in font nullfont!
Missing character: There is no 能 ("80FD) in font nullfont!
Missing character: There is no 提 ("63D0) in font nullfont!
Missing character: There is no 升 ("5347) in font nullfont!
Missing character: There is no 的 ("7684) in font nullfont!
Missing character: There is no 指 ("6307) in font nullfont!
Missing character: There is no 标 ("6807) in font nullfont!
Missing character: There is no ， ("FF0C) in font nullfont!
Missing character: There is no 如 ("5982) in font nullfont!
Missing character: There is no 吞 ("541E) in font nullfont!
Missing character: There is no 吐 ("5410) in font nullfont!
Missing character: There is no 量 ("91CF) in font nullfont!
Missing character: There is no 和 ("548C) in font nullfont!
Missing character: There is no 公 ("516C) in font nullfont!
Missing character: There is no 平 ("5E73) in font nullfont!
Missing character: There is no 性 ("6027) in font nullfont!
Missing character: There is no ； ("FF1B) in font nullfont!
Missing character: There is no 成 ("6210) in font nullfont!
Missing character: There is no 本 ("672C) in font nullfont!
Missing character: There is no 型 ("578B) in font nullfont!
Missing character: There is no 指 ("6307) in font nullfont!
Missing character: There is no 标 ("6807) in font nullfont!
Missing character: There is no 是 ("662F) in font nullfont!
Missing character: There is no 指 ("6307) in font nullfont!
Missing character: There is no 数 ("6570) in font nullfont!
Missing character: There is no 值 ("503C) in font nullfont!
Missing character: There is no 减 ("51CF) in font nullfont!
Missing character: There is no 小 ("5C0F) in font nullfont!
Missing character: There is no 表 ("8868) in font nullfont!
Missing character: There is no 示 ("793A) in font nullfont!
Missing character: There is no 性 ("6027) in font nullfont!
Missing character: There is no 能 ("80FD) in font nullfont!
Missing character: There is no 改 ("6539) in font nullfont!
Missing character: There is no 善 ("5584) in font nullfont!
Missing character: There is no 的 ("7684) in font nullfont!
Missing character: There is no 指 ("6307) in font nullfont!
Missing character: There is no 标 ("6807) in font nullfont!
Missing character: There is no ， ("FF0C) in font nullfont!
Missing character: There is no 如 ("5982) in font nullfont!
Missing character: There is no 时 ("65F6) in font nullfont!
Missing character: There is no 延 ("5EF6) in font nullfont!
Missing character: There is no 与 ("4E0E) in font nullfont!
Missing character: There is no 信 ("4FE1) in font nullfont!
Missing character: There is no 令 ("4EE4) in font nullfont!
Missing character: There is no 开 ("5F00) in font nullfont!
Missing character: There is no 销 ("9500) in font nullfont!
Missing character: There is no 。 ("3002) in font nullfont!
Missing character: There is no 该 ("8BE5) in font nullfont!
Missing character: There is no 归 ("5F52) in font nullfont!
Missing character: There is no 一 ("4E00) in font nullfont!
Missing character: There is no 化 ("5316) in font nullfont!
Missing character: There is no 方 ("65B9) in font nullfont!
Missing character: There is no 法 ("6CD5) in font nullfont!
Missing character: There is no 将 ("5C06) in font nullfont!
Missing character: There is no 所 ("6240) in font nullfont!
Missing character: There is no 有 ("6709) in font nullfont!
Missing character: There is no 指 ("6307) in font nullfont!
Missing character: There is no 标 ("6807) in font nullfont!
Missing character: There is no 映 ("6620) in font nullfont!
Missing character: There is no 射 ("5C04) in font nullfont!
Missing character: There is no 至 ("81F3) in font nullfont!
Missing character: There is no 区 ("533A) in font nullfont!
Missing character: There is no 间 ("95F4) in font nullfont!
Missing character: There is no ， ("FF0C) in font nullfont!
Missing character: There is no 并 ("5E76) in font nullfont!
Missing character: There is no 保 ("4FDD) in font nullfont!
Missing character: There is no 证 ("8BC1) in font nullfont!
Missing character: There is no 归 ("5F52) in font nullfont!
Missing character: There is no 一 ("4E00) in font nullfont!
Missing character: There is no 化 ("5316) in font nullfont!
Missing character: There is no 后 ("540E) in font nullfont!
Missing character: There is no 的 ("7684) in font nullfont!
Missing character: There is no 指 ("6307) in font nullfont!
Missing character: There is no 标 ("6807) in font nullfont!
Missing character: There is no 均 ("5747) in font nullfont!
Missing character: There is no 满 ("6EE1) in font nullfont!
Missing character: There is no 足 ("8DB3) in font nullfont!
Missing character: There is no 数 ("6570) in font nullfont!
Missing character: There is no 值 ("503C) in font nullfont!
Missing character: There is no 越 ("8D8A) in font nullfont!
Missing character: There is no 大 ("5927) in font nullfont!
Missing character: There is no 性 ("6027) in font nullfont!
Missing character: There is no 能 ("80FD) in font nullfont!
Missing character: There is no 越 ("8D8A) in font nullfont!
Missing character: There is no 优 ("4F18) in font nullfont!
Missing character: There is no 的 ("7684) in font nullfont!
Missing character: There is no 单 ("5355) in font nullfont!
Missing character: There is no 调 ("8C03) in font nullfont!
Missing character: There is no 关 ("5173) in font nullfont!
Missing character: There is no 系 ("7CFB) in font nullfont!
Missing character: There is no 。 ("3002) in font nullfont!
Missing character: There is no 由 ("7531) in font nullfont!
Missing character: There is no 此 ("6B64) in font nullfont!
Missing character: There is no 得 ("5F97) in font nullfont!
Missing character: There is no 到 ("5230) in font nullfont!
Missing character: There is no 归 ("5F52) in font nullfont!
Missing character: There is no 一 ("4E00) in font nullfont!
Missing character: There is no 化 ("5316) in font nullfont!
Missing character: There is no 指 ("6307) in font nullfont!
Missing character: There is no 标 ("6807) in font nullfont!
Missing character: There is no 向 ("5411) in font nullfont!
Missing character: There is no 量 ("91CF) in font nullfont!

Overfull \hbox (17.86119pt too wide) in paragraph at lines 186--188
 $\OML/cmm/m/it/10 ^^U[]$
 []


Overfull \hbox (11.84479pt too wide) in paragraph at lines 186--188
\OML/cmm/m/it/10 J[]$
 []


Overfull \hbox (8.55695pt too wide) in paragraph at lines 186--188
\OML/cmm/m/it/10 D$
 []


Overfull \hbox (6.70831pt too wide) in paragraph at lines 186--188
\OML/cmm/m/it/10 S$
 []


Overfull \hbox (20.00002pt too wide) in paragraph at lines 186--188
\OT1/cmr/m/n/10 [0\OML/cmm/m/it/10 ; \OT1/cmr/m/n/10 1]$
 []


Overfull \hbox (139.12378pt too wide) detected at line 191
[] \OT1/cmr/m/n/10 = [](\OT1/cmr/bx/n/10 y\OT1/cmr/m/n/10 ) = [][]\OML/cmm/m/it
/10 ;  [];  [];  [][]:
 []


! LaTeX Error: Missing \begin{document}.

See the LaTeX manual or LaTeX Companion for explanation.
Type  H <return>  for immediate help.
 ...                                              
                                                  
l.193 在
       此基础上，为将多维指标映射为单一可优化目标，本文采用加权线性效用函数
You're in trouble here.  Try typing  <return>  to proceed.
If that doesn't work, type  X <return>  to quit.

Missing character: There is no 在 ("5728) in font nullfont!
Missing character: There is no 此 ("6B64) in font nullfont!
Missing character: There is no 基 ("57FA) in font nullfont!
Missing character: There is no 础 ("7840) in font nullfont!
Missing character: There is no 上 ("4E0A) in font nullfont!
Missing character: There is no ， ("FF0C) in font nullfont!
Missing character: There is no 为 ("4E3A) in font nullfont!
Missing character: There is no 将 ("5C06) in font nullfont!
Missing character: There is no 多 ("591A) in font nullfont!
Missing character: There is no 维 ("7EF4) in font nullfont!
Missing character: There is no 指 ("6307) in font nullfont!
Missing character: There is no 标 ("6807) in font nullfont!
Missing character: There is no 映 ("6620) in font nullfont!
Missing character: There is no 射 ("5C04) in font nullfont!
Missing character: There is no 为 ("4E3A) in font nullfont!
Missing character: There is no 单 ("5355) in font nullfont!
Missing character: There is no 一 ("4E00) in font nullfont!
Missing character: There is no 可 ("53EF) in font nullfont!
Missing character: There is no 优 ("4F18) in font nullfont!
Missing character: There is no 化 ("5316) in font nullfont!
Missing character: There is no 目 ("76EE) in font nullfont!
Missing character: There is no 标 ("6807) in font nullfont!
Missing character: There is no ， ("FF0C) in font nullfont!
Missing character: There is no 本 ("672C) in font nullfont!
Missing character: There is no 文 ("6587) in font nullfont!
Missing character: There is no 采 ("91C7) in font nullfont!
Missing character: There is no 用 ("7528) in font nullfont!
Missing character: There is no 加 ("52A0) in font nullfont!
Missing character: There is no 权 ("6743) in font nullfont!
Missing character: There is no 线 ("7EBF) in font nullfont!
Missing character: There is no 性 ("6027) in font nullfont!
Missing character: There is no 效 ("6548) in font nullfont!
Missing character: There is no 用 ("7528) in font nullfont!
Missing character: There is no 函 ("51FD) in font nullfont!
Missing character: There is no 数 ("6570) in font nullfont!

Overfull \hbox (20.0pt too wide) in paragraph at lines 193--194
[] 
 []


Overfull \hbox (160.24083pt too wide) detected at line 200
\OML/cmm/m/it/10 U[][][] \OT1/cmr/m/n/10 = \OML/cmm/m/it/10 w[][] \OT1/cmr/m/n/
10 + \OML/cmm/m/it/10 w[][] \OT1/cmr/m/n/10 + \OML/cmm/m/it/10 w[][] \OT1/cmr/m
/n/10 + \OML/cmm/m/it/10 w[][];
 []

Missing character: There is no 其 ("5176) in font nullfont!
Missing character: There is no 中 ("4E2D) in font nullfont!
Missing character: There is no 且 ("4E14) in font nullfont!
Missing character: There is no 。 ("3002) in font nullfont!
Missing character: There is no 权 ("6743) in font nullfont!
Missing character: There is no 重 ("91CD) in font nullfont!
Missing character: There is no 向 ("5411) in font nullfont!
Missing character: There is no 量 ("91CF) in font nullfont!
Missing character: There is no 用 ("7528) in font nullfont!
Missing character: There is no 于 ("4E8E) in font nullfont!
Missing character: There is no 表 ("8868) in font nullfont!
Missing character: There is no 征 ("5F81) in font nullfont!
Missing character: There is no 业 ("4E1A) in font nullfont!
Missing character: There is no 务 ("52A1) in font nullfont!
Missing character: There is no 对 ("5BF9) in font nullfont!
Missing character: There is no 吞 ("541E) in font nullfont!
Missing character: There is no 吐 ("5410) in font nullfont!
Missing character: There is no 、 ("3001) in font nullfont!
Missing character: There is no 时 ("65F6) in font nullfont!
Missing character: There is no 延 ("5EF6) in font nullfont!
Missing character: There is no 、 ("3001) in font nullfont!
Missing character: There is no 公 ("516C) in font nullfont!
Missing character: There is no 平 ("5E73) in font nullfont!
Missing character: There is no 性 ("6027) in font nullfont!
Missing character: There is no 以 ("4EE5) in font nullfont!
Missing character: There is no 及 ("53CA) in font nullfont!
Missing character: There is no 信 ("4FE1) in font nullfont!
Missing character: There is no 令 ("4EE4) in font nullfont!
Missing character: There is no 开 ("5F00) in font nullfont!
Missing character: There is no 销 ("9500) in font nullfont!
Missing character: There is no 的 ("7684) in font nullfont!
Missing character: There is no 偏 ("504F) in font nullfont!
Missing character: There is no 好 ("597D) in font nullfont!
Missing character: There is no ， ("FF0C) in font nullfont!
Missing character: There is no 可 ("53EF) in font nullfont!
Missing character: There is no 依 ("4F9D) in font nullfont!
Missing character: There is no 据 ("636E) in font nullfont!
Missing character: There is no 应 ("5E94) in font nullfont!
Missing character: There is no 用 ("7528) in font nullfont!
Missing character: There is no 需 ("9700) in font nullfont!
Missing character: There is no 求 ("6C42) in font nullfont!
Missing character: There is no 设 ("8BBE) in font nullfont!
Missing character: There is no 定 ("5B9A) in font nullfont!
Missing character: There is no ； ("FF1B) in font nullfont!
Missing character: There is no 同 ("540C) in font nullfont!
Missing character: There is no 时 ("65F6) in font nullfont!
Missing character: There is no ， ("FF0C) in font nullfont!
Missing character: There is no 可 ("53EF) in font nullfont!
Missing character: There is no 通 ("901A) in font nullfont!
Missing character: There is no 过 ("8FC7) in font nullfont!
Missing character: There is no 改 ("6539) in font nullfont!
Missing character: There is no 变 ("53D8) in font nullfont!
Missing character: There is no 权 ("6743) in font nullfont!
Missing character: There is no 重 ("91CD) in font nullfont!
Missing character: There is no 进 ("8FDB) in font nullfont!
Missing character: There is no 行 ("884C) in font nullfont!
Missing character: There is no 敏 ("654F) in font nullfont!
Missing character: There is no 感 ("611F) in font nullfont!
Missing character: There is no 性 ("6027) in font nullfont!
Missing character: There is no 分 ("5206) in font nullfont!
Missing character: There is no 析 ("6790) in font nullfont!
Missing character: There is no ， ("FF0C) in font nullfont!
Missing character: There is no 以 ("4EE5) in font nullfont!
Missing character: There is no 检 ("68C0) in font nullfont!
Missing character: There is no 验 ("9A8C) in font nullfont!
Missing character: There is no 联 ("8054) in font nullfont!
Missing character: There is no 合 ("5408) in font nullfont!
Missing character: There is no 选 ("9009) in font nullfont!
Missing character: There is no 择 ("62E9) in font nullfont!
Missing character: There is no 结 ("7ED3) in font nullfont!
Missing character: There is no 论 ("8BBA) in font nullfont!
Missing character: There is no 的 ("7684) in font nullfont!
Missing character: There is no 稳 ("7A33) in font nullfont!
Missing character: There is no 健 ("5065) in font nullfont!
Missing character: There is no 性 ("6027) in font nullfont!
Missing character: There is no 。 ("3002) in font nullfont!

Overfull \hbox (21.04396pt too wide) in paragraph at lines 200--202
 $\OML/cmm/m/it/10 w[] \OMS/cmsy/m/n/10 ^^U
 []


Overfull \hbox (5.00002pt too wide) in paragraph at lines 200--202
\OT1/cmr/m/n/10 0$
 []


Overfull \hbox (36.59546pt too wide) in paragraph at lines 200--202
[][] \OML/cmm/m/it/10 w[] \OT1/cmr/m/n/10 =
 []


Overfull \hbox (5.00002pt too wide) in paragraph at lines 200--202
\OT1/cmr/m/n/10 1$
 []


Overfull \hbox (20.48848pt too wide) in paragraph at lines 200--202
\OMS/cmsy/m/n/10 f\OML/cmm/m/it/10 w[]\OMS/cmsy/m/n/10 g$
 []

! Undefined control sequence.
l.203 \subsection
                 {等价资源约束下的联合优化问题}
The control sequence at the end of the top line
of your error message was never \def'ed. If you have
misspelled it (e.g., `\hobx'), type `I' and the correct
spelling (e.g., `I\hbox'). Otherwise just continue,
and I'll forget about whatever was undefined.


! LaTeX Error: Missing \begin{document}.

See the LaTeX manual or LaTeX Companion for explanation.
Type  H <return>  for immediate help.
 ...                                              
                                                  
l.203 \subsection{等
                   价资源约束下的联合优化问题}
You're in trouble here.  Try typing  <return>  to proceed.
If that doesn't work, type  X <return>  to quit.

Missing character: There is no 等 ("7B49) in font nullfont!
Missing character: There is no 价 ("4EF7) in font nullfont!
Missing character: There is no 资 ("8D44) in font nullfont!
Missing character: There is no 源 ("6E90) in font nullfont!
Missing character: There is no 约 ("7EA6) in font nullfont!
Missing character: There is no 束 ("675F) in font nullfont!
Missing character: There is no 下 ("4E0B) in font nullfont!
Missing character: There is no 的 ("7684) in font nullfont!
Missing character: There is no 联 ("8054) in font nullfont!
Missing character: There is no 合 ("5408) in font nullfont!
Missing character: There is no 优 ("4F18) in font nullfont!
Missing character: There is no 化 ("5316) in font nullfont!
Missing character: There is no 问 ("95EE) in font nullfont!
Missing character: There is no 题 ("9898) in font nullfont!
Missing character: There is no 为 ("4E3A) in font nullfont!
Missing character: There is no 便 ("4FBF) in font nullfont!
Missing character: There is no 于 ("4E8E) in font nullfont!
Missing character: There is no 后 ("540E) in font nullfont!
Missing character: There is no 续 ("7EED) in font nullfont!
Missing character: There is no 代 ("4EE3) in font nullfont!
Missing character: There is no 理 ("7406) in font nullfont!
Missing character: There is no 模 ("6A21) in font nullfont!
Missing character: There is no 型 ("578B) in font nullfont!
Missing character: There is no 训 ("8BAD) in font nullfont!
Missing character: There is no 练 ("7EC3) in font nullfont!
Missing character: There is no 与 ("4E0E) in font nullfont!
Missing character: There is no 快 ("5FEB) in font nullfont!
Missing character: There is no 速 ("901F) in font nullfont!
Missing character: There is no 优 ("4F18) in font nullfont!
Missing character: There is no 化 ("5316) in font nullfont!
Missing character: There is no 算 ("7B97) in font nullfont!
Missing character: There is no 法 ("6CD5) in font nullfont!
Missing character: There is no 中 ("4E2D) in font nullfont!
Missing character: There is no 目 ("76EE) in font nullfont!
Missing character: There is no 标 ("6807) in font nullfont!
Missing character: There is no 计 ("8BA1) in font nullfont!
Missing character: There is no 算 ("7B97) in font nullfont!
Missing character: There is no 、 ("3001) in font nullfont!
Missing character: There is no 约 ("7EA6) in font nullfont!
Missing character: There is no 束 ("675F) in font nullfont!
Missing character: There is no 检 ("68C0) in font nullfont!
Missing character: There is no 查 ("67E5) in font nullfont!
Missing character: There is no 与 ("4E0E) in font nullfont!
Missing character: There is no 可 ("53EF) in font nullfont!
Missing character: There is no 行 ("884C) in font nullfont!
Missing character: There is no 域 ("57DF) in font nullfont!
Missing character: There is no 投 ("6295) in font nullfont!
Missing character: There is no 影 ("5F71) in font nullfont!
Missing character: There is no 的 ("7684) in font nullfont!
Missing character: There is no 统 ("7EDF) in font nullfont!
Missing character: There is no 一 ("4E00) in font nullfont!
Missing character: There is no 实 ("5B9E) in font nullfont!
Missing character: There is no 现 ("73B0) in font nullfont!
Missing character: There is no ， ("FF0C) in font nullfont!
Missing character: There is no 本 ("672C) in font nullfont!
Missing character: There is no 节 ("8282) in font nullfont!
Missing character: There is no 将 ("5C06) in font nullfont!
Missing character: There is no 式 ("5F0F) in font nullfont!
! Undefined control sequence.
l.204 ...练与快速优化算法中目标计算、约束检查与可行域投影的统一实现，本节将式~\eqref
                                                  {eq:chap5_overview} 所述问题改写...
The control sequence at the end of the top line
of your error message was never \def'ed. If you have
misspelled it (e.g., `\hobx'), type `I' and the correct
spelling (e.g., `I\hbox'). Otherwise just continue,
and I'll forget about whatever was undefined.

Missing character: There is no e ("65) in font nullfont!
Missing character: There is no q ("71) in font nullfont!
Missing character: There is no : ("3A) in font nullfont!
Missing character: There is no c ("63) in font nullfont!
Missing character: There is no h ("68) in font nullfont!
Missing character: There is no a ("61) in font nullfont!
Missing character: There is no p ("70) in font nullfont!
Missing character: There is no 5 ("35) in font nullfont!
! Missing $ inserted.
<inserted text> 
                $
l.204 ...标计算、约束检查与可行域投影的统一实现，本节将式~\eqref{eq:chap5_
                                                  overview} 所述问题改写为标准约束优化形式。...
I've inserted a begin-math/end-math symbol since I think
you left one out. Proceed, with fingers crossed.

! Extra }, or forgotten $.
l.204 ...可行域投影的统一实现，本节将式~\eqref{eq:chap5_overview}
                                                   所述问题改写为标准约束优化形式。该表述与原问题在决...
I've deleted a group-closing symbol because it seems to be
spurious, as in `$x}$'. But perhaps the } is legitimate and
you forgot something else, as in `\hbox{$x}'. In such cases
the way to recover is to insert both the forgotten and the
deleted material, e.g., by typing `I$}'.

! Missing $ inserted.
<inserted text> 
                $
l.205 
      
I've inserted a begin-math/end-math symbol since I think
you left one out. Proceed, with fingers crossed.

Missing character: There is no 所 ("6240) in font cmr10!
Missing character: There is no 述 ("8FF0) in font cmr10!
Missing character: There is no 问 ("95EE) in font cmr10!
Missing character: There is no 题 ("9898) in font cmr10!
Missing character: There is no 改 ("6539) in font cmr10!
Missing character: There is no 写 ("5199) in font cmr10!
Missing character: There is no 为 ("4E3A) in font cmr10!
Missing character: There is no 标 ("6807) in font cmr10!
Missing character: There is no 准 ("51C6) in font cmr10!
Missing character: There is no 约 ("7EA6) in font cmr10!
Missing character: There is no 束 ("675F) in font cmr10!
Missing character: There is no 优 ("4F18) in font cmr10!
Missing character: There is no 化 ("5316) in font cmr10!
Missing character: There is no 形 ("5F62) in font cmr10!
Missing character: There is no 式 ("5F0F) in font cmr10!
Missing character: There is no 。 ("3002) in font cmr10!
Missing character: There is no 该 ("8BE5) in font cmr10!
Missing character: There is no 表 ("8868) in font cmr10!
Missing character: There is no 述 ("8FF0) in font cmr10!
Missing character: There is no 与 ("4E0E) in font cmr10!
Missing character: There is no 原 ("539F) in font cmr10!
Missing character: There is no 问 ("95EE) in font cmr10!
Missing character: There is no 题 ("9898) in font cmr10!
Missing character: There is no 在 ("5728) in font cmr10!
Missing character: There is no 决 ("51B3) in font cmr10!
Missing character: There is no 策 ("7B56) in font cmr10!
Missing character: There is no 变 ("53D8) in font cmr10!
Missing character: There is no 量 ("91CF) in font cmr10!
Missing character: There is no 、 ("3001) in font cmr10!
Missing character: There is no 优 ("4F18) in font cmr10!
Missing character: There is no 化 ("5316) in font cmr10!
Missing character: There is no 目 ("76EE) in font cmr10!
Missing character: There is no 标 ("6807) in font cmr10!
Missing character: There is no 及 ("53CA) in font cmr10!
Missing character: There is no 约 ("7EA6) in font cmr10!
Missing character: There is no 束 ("675F) in font cmr10!
Missing character: There is no 条 ("6761) in font cmr10!
Missing character: There is no 件 ("4EF6) in font cmr10!
Missing character: There is no 上 ("4E0A) in font cmr10!
Missing character: There is no 完 ("5B8C) in font cmr10!
Missing character: There is no 全 ("5168) in font cmr10!
Missing character: There is no 等 ("7B49) in font cmr10!
Missing character: There is no 价 ("4EF7) in font cmr10!
Missing character: There is no ， ("FF0C) in font cmr10!
Missing character: There is no 区 ("533A) in font cmr10!
Missing character: There is no 别 ("522B) in font cmr10!
Missing character: There is no 仅 ("4EC5) in font cmr10!
Missing character: There is no 在 ("5728) in font cmr10!
Missing character: There is no 于 ("4E8E) in font cmr10!
Missing character: There is no 将 ("5C06) in font cmr10!
Missing character: There is no 隐 ("9690) in font cmr10!
Missing character: There is no 式 ("5F0F) in font cmr10!
Missing character: There is no 关 ("5173) in font cmr10!
Missing character: There is no 系 ("7CFB) in font cmr10!
Missing character: There is no 显 ("663E) in font cmr10!
Missing character: There is no 式 ("5F0F) in font cmr10!
Missing character: There is no 展 ("5C55) in font cmr10!
Missing character: There is no 开 ("5F00) in font cmr10!
Missing character: There is no ， ("FF0C) in font cmr10!
Missing character: There is no 以 ("4EE5) in font cmr10!
Missing character: There is no 适 ("9002) in font cmr10!
Missing character: There is no 配 ("914D) in font cmr10!
Missing character: There is no 标 ("6807) in font cmr10!
Missing character: There is no 准 ("51C6) in font cmr10!
Missing character: There is no 优 ("4F18) in font cmr10!
Missing character: There is no 化 ("5316) in font cmr10!
Missing character: There is no 求 ("6C42) in font cmr10!
Missing character: There is no 解 ("89E3) in font cmr10!
Missing character: There is no 器 ("5668) in font cmr10!
Missing character: There is no 的 ("7684) in font cmr10!
Missing character: There is no 输 ("8F93) in font cmr10!
Missing character: There is no 入 ("5165) in font cmr10!
Missing character: There is no 要 ("8981) in font cmr10!
Missing character: There is no 求 ("6C42) in font cmr10!
Missing character: There is no 。 ("3002) in font cmr10!

Overfull \hbox (20.0pt too wide) in paragraph at lines 203--205
[]
 []


Overfull \hbox (39.83452pt too wide) in paragraph at lines 203--205
[]\OML/cmm/m/it/10 verview$ 
 []


! LaTeX Error: Missing \begin{document}.

See the LaTeX manual or LaTeX Companion for explanation.
Type  H <return>  for immediate help.
 ...                                              
                                                  
l.206 优
       化问题的标准形式表述如下：
You're in trouble here.  Try typing  <return>  to proceed.
If that doesn't work, type  X <return>  to quit.

Missing character: There is no 优 ("4F18) in font nullfont!
Missing character: There is no 化 ("5316) in font nullfont!
Missing character: There is no 问 ("95EE) in font nullfont!
Missing character: There is no 题 ("9898) in font nullfont!
Missing character: There is no 的 ("7684) in font nullfont!
Missing character: There is no 标 ("6807) in font nullfont!
Missing character: There is no 准 ("51C6) in font nullfont!
Missing character: There is no 形 ("5F62) in font nullfont!
Missing character: There is no 式 ("5F0F) in font nullfont!
Missing character: There is no 表 ("8868) in font nullfont!
Missing character: There is no 述 ("8FF0) in font nullfont!
Missing character: There is no 如 ("5982) in font nullfont!
Missing character: There is no 下 ("4E0B) in font nullfont!
Missing character: There is no ： ("FF1A) in font nullfont!

Overfull \hbox (20.0pt too wide) in paragraph at lines 206--207
[] 
 []


! LaTeX Error: Environment aligned undefined.

See the LaTeX manual or LaTeX Companion for explanation.
Type  H <return>  for immediate help.
 ...                                              
                                                  
l.208 ^^I\begin{aligned}
                        
Your command was ignored.
Type  I <command> <return>  to replace it with another command,
or  <return>  to continue without it.

! Misplaced alignment tab character &.
l.210 ^^I^^I&
              U\big( \tilde{\mathbf{y}} \big) \\[6pt]
I can't figure out why you would want to use a tab mark
here. If you just want an ampersand, the remedy is
simple: Just type `I\&' now. But if some right brace
up above has ended a previous alignment prematurely,
you're probably due for more error messages, and you
might try typing `S' now just to see what is salvageable.

! Undefined control sequence.
l.211 ^^I^^I\text
                 {s.t.}\quad
The control sequence at the end of the top line
of your error message was never \def'ed. If you have
misspelled it (e.g., `\hobx'), type `I' and the correct
spelling (e.g., `I\hbox'). Otherwise just continue,
and I'll forget about whatever was undefined.

! Misplaced alignment tab character &.
l.212 ^^I^^I&
              \mathbf{X}_{\mathrm{in}}=\big[\mathbf{x}_{\text{traffic}},\ \m...
I can't figure out why you would want to use a tab mark
here. If you just want an ampersand, the remedy is
simple: Just type `I\&' now. But if some right brace
up above has ended a previous alignment prematurely,
you're probably due for more error messages, and you
might try typing `S' now just to see what is salvageable.

! Undefined control sequence.
l.212 ...f{X}_{\mathrm{in}}=\big[\mathbf{x}_{\text
                                                  {traffic}},\ \mathbf{x}_{\...
The control sequence at the end of the top line
of your error message was never \def'ed. If you have
misspelled it (e.g., `\hobx'), type `I' and the correct
spelling (e.g., `I\hbox'). Otherwise just continue,
and I'll forget about whatever was undefined.

! Misplaced alignment tab character &.
l.213 ^^I^^I&
              \tilde{\mathbf{y}} = \mathrm{norm}\!\left(\mathbf{y}\right),\ ...
I can't figure out why you would want to use a tab mark
here. If you just want an ampersand, the remedy is
simple: Just type `I\&' now. But if some right brace
up above has ended a previous alignment prematurely,
you're probably due for more error messages, and you
might try typing `S' now just to see what is salvageable.

! Misplaced alignment tab character &.
l.214 ^^I^^I&
              S\big(\mathbf{x}_{\mathrm{proto}}\big) \le S_{\max}.
I can't figure out why you would want to use a tab mark
here. If you just want an ampersand, the remedy is
simple: Just type `I\&' now. But if some right brace
up above has ended a previous alignment prematurely,
you're probably due for more error messages, and you
might try typing `S' now just to see what is salvageable.


! LaTeX Error: \begin{equation} on input line 207 ended by \end{aligned}.

See the LaTeX manual or LaTeX Companion for explanation.
Type  H <return>  for immediate help.
 ...                                              
                                                  
l.215 ^^I\end{aligned}
                      
Your command was ignored.
Type  I <command> <return>  to replace it with another command,
or  <return>  to continue without it.


Overfull \hbox (430.0929pt too wide) detected at line 216
[][]  \OML/cmm/m/it/10 U[][][] [] \OT1/cmr/bx/n/10 X[] \OT1/cmr/m/n/10 = []\OT1
/cmr/bx/n/10 x[]\OML/cmm/m/it/10 ;  \OT1/cmr/bx/n/10 x[]\OML/cmm/m/it/10 ;  \OT
1/cmr/bx/n/10 x[]\OML/cmm/m/it/10 ;  \OT1/cmr/bx/n/10 m[]\OML/cmm/m/it/10 ;  []
 \OT1/cmr/m/n/10 = []  [] \OML/cmm/m/it/10 ;  \OT1/cmr/bx/n/10 y \OT1/cmr/m/n/1
0 = \OML/cmm/m/it/10 S  [] ;  S[]\OT1/cmr/bx/n/10 x[][] \OMS/cmsy/m/n/10 ^^T \O
ML/cmm/m/it/10 S[]:
 []

Missing character: There is no 式 ("5F0F) in font nullfont!
! Undefined control sequence.
l.217 式~\eqref
              {eq:chap5_constrained} 的决策变量为统一参数向量 $\mathbf{x}_{\mathrm{proto...
The control sequence at the end of the top line
of your error message was never \def'ed. If you have
misspelled it (e.g., `\hobx'), type `I' and the correct
spelling (e.g., `I\hbox'). Otherwise just continue,
and I'll forget about whatever was undefined.

Missing character: There is no e ("65) in font nullfont!
Missing character: There is no q ("71) in font nullfont!
Missing character: There is no : ("3A) in font nullfont!
Missing character: There is no c ("63) in font nullfont!
Missing character: There is no h ("68) in font nullfont!
Missing character: There is no a ("61) in font nullfont!
Missing character: There is no p ("70) in font nullfont!
Missing character: There is no 5 ("35) in font nullfont!
! Missing $ inserted.
<inserted text> 
                $
l.217 式~\eqref{eq:chap5_
                        constrained} 的决策变量为统一参数向量 $\mathbf{x}_{\mathrm{proto...
I've inserted a begin-math/end-math symbol since I think
you left one out. Proceed, with fingers crossed.

! Extra }, or forgotten $.
l.217 式~\eqref{eq:chap5_constrained}
                                     的决策变量为统一参数向量 $\mathbf{x}_{\mathrm{proto...
I've deleted a group-closing symbol because it seems to be
spurious, as in `$x}$'. But perhaps the } is legitimate and
you forgot something else, as in `\hbox{$x}'. In such cases
the way to recover is to insert both the forgotten and the
deleted material, e.g., by typing `I$}'.

Missing character: There is no 的 ("7684) in font cmr10!
Missing character: There is no 决 ("51B3) in font cmr10!
Missing character: There is no 策 ("7B56) in font cmr10!
Missing character: There is no 变 ("53D8) in font cmr10!
Missing character: There is no 量 ("91CF) in font cmr10!
Missing character: There is no 为 ("4E3A) in font cmr10!
Missing character: There is no 统 ("7EDF) in font cmr10!
Missing character: There is no 一 ("4E00) in font cmr10!
Missing character: There is no 参 ("53C2) in font cmr10!
Missing character: There is no 数 ("6570) in font cmr10!
Missing character: There is no 向 ("5411) in font cmr10!
Missing character: There is no 量 ("91CF) in font cmr10!

! LaTeX Error: \mathbf allowed only in math mode.

See the LaTeX manual or LaTeX Companion for explanation.
Type  H <return>  for immediate help.
 ...                                              
                                                  
l.217 ...ap5_constrained} 的决策变量为统一参数向量 $\mathbf{x}
                                                  _{\mathrm{proto}}$，其第一个分量 ...

You're in trouble here.  Try typing  <return>  to proceed.
If that doesn't work, type  X <return>  to quit.

Missing character: There is no x ("78) in font nullfont!
! Missing $ inserted.
<inserted text> 
                $
l.217 ...p5_constrained} 的决策变量为统一参数向量 $\mathbf{x}_
                                                  {\mathrm{proto}}$，其第一个分量 $...
I've inserted a begin-math/end-math symbol since I think
you left one out. Proceed, with fingers crossed.

Missing character: There is no ， ("FF0C) in font nullfont!
Missing character: There is no 其 ("5176) in font nullfont!
Missing character: There is no 第 ("7B2C) in font nullfont!
Missing character: There is no 一 ("4E00) in font nullfont!
Missing character: There is no 个 ("4E2A) in font nullfont!
Missing character: There is no 分 ("5206) in font nullfont!
Missing character: There is no 量 ("91CF) in font nullfont!
Missing character: There is no 为 ("4E3A) in font nullfont!
Missing character: There is no 协 ("534F) in font nullfont!
Missing character: There is no 议 ("8BAE) in font nullfont!
Missing character: There is no 标 ("6807) in font nullfont!
Missing character: There is no 识 ("8BC6) in font nullfont!
Missing character: There is no 符 ("7B26) in font nullfont!
Missing character: There is no ， ("FF0C) in font nullfont!
Missing character: There is no 其 ("5176) in font nullfont!
Missing character: There is no 余 ("4F59) in font nullfont!
Missing character: There is no 分 ("5206) in font nullfont!
Missing character: There is no 量 ("91CF) in font nullfont!
Missing character: There is no 为 ("4E3A) in font nullfont!
Missing character: There is no 各 ("5404) in font nullfont!
Missing character: There is no 协 ("534F) in font nullfont!
Missing character: There is no 议 ("8BAE) in font nullfont!
Missing character: There is no 参 ("53C2) in font nullfont!
Missing character: There is no 数 ("6570) in font nullfont!
Missing character: There is no 。 ("3002) in font nullfont!
Missing character: There is no 决 ("51B3) in font nullfont!
Missing character: There is no 策 ("7B56) in font nullfont!
Missing character: There is no 变 ("53D8) in font nullfont!
Missing character: There is no 量 ("91CF) in font nullfont!
Missing character: There is no 需 ("9700) in font nullfont!
Missing character: There is no 满 ("6EE1) in font nullfont!
Missing character: There is no 足 ("8DB3) in font nullfont!
Missing character: There is no 所 ("6240) in font nullfont!
Missing character: There is no 选 ("9009) in font nullfont!
Missing character: There is no 协 ("534F) in font nullfont!
Missing character: There is no 议 ("8BAE) in font nullfont!
Missing character: There is no 的 ("7684) in font nullfont!
Missing character: There is no 合 ("5408) in font nullfont!
Missing character: There is no 法 ("6CD5) in font nullfont!
Missing character: There is no 参 ("53C2) in font nullfont!
Missing character: There is no 数 ("6570) in font nullfont!
Missing character: There is no 空 ("7A7A) in font nullfont!
Missing character: There is no 间 ("95F4) in font nullfont!
Missing character: There is no 约 ("7EA6) in font nullfont!
Missing character: There is no 束 ("675F) in font nullfont!
Missing character: There is no ， ("FF0C) in font nullfont!
Missing character: There is no 通 ("901A) in font nullfont!
Missing character: There is no 过 ("8FC7) in font nullfont!
Missing character: There is no 掩 ("63A9) in font nullfont!
Missing character: There is no 码 ("7801) in font nullfont!
Missing character: There is no 界 ("754C) in font nullfont!
Missing character: There is no 定 ("5B9A) in font nullfont!
Missing character: There is no 有 ("6709) in font nullfont!
Missing character: There is no 效 ("6548) in font nullfont!
Missing character: There is no 参 ("53C2) in font nullfont!
Missing character: There is no 数 ("6570) in font nullfont!
Missing character: There is no 维 ("7EF4) in font nullfont!
Missing character: There is no 度 ("5EA6) in font nullfont!
Missing character: There is no 。 ("3002) in font nullfont!
Missing character: There is no 第 ("7B2C) in font nullfont!
Missing character: There is no 一 ("4E00) in font nullfont!
Missing character: There is no 行 ("884C) in font nullfont!
Missing character: There is no 约 ("7EA6) in font nullfont!
Missing character: There is no 束 ("675F) in font nullfont!
Missing character: There is no 显 ("663E) in font nullfont!
Missing character: There is no 式 ("5F0F) in font nullfont!
Missing character: There is no 构 ("6784) in font nullfont!
Missing character: There is no 建 ("5EFA) in font nullfont!
Missing character: There is no 统 ("7EDF) in font nullfont!
Missing character: There is no 一 ("4E00) in font nullfont!
Missing character: There is no 输 ("8F93) in font nullfont!
Missing character: There is no 入 ("5165) in font nullfont!
Missing character: There is no 向 ("5411) in font nullfont!
Missing character: There is no 量 ("91CF) in font nullfont!
Missing character: There is no ， ("FF0C) in font nullfont!
Missing character: There is no 第 ("7B2C) in font nullfont!
Missing character: There is no 二 ("4E8C) in font nullfont!
Missing character: There is no 行 ("884C) in font nullfont!
Missing character: There is no 约 ("7EA6) in font nullfont!
Missing character: There is no 束 ("675F) in font nullfont!
Missing character: There is no 定 ("5B9A) in font nullfont!
Missing character: There is no 义 ("4E49) in font nullfont!
Missing character: There is no 从 ("4ECE) in font nullfont!
Missing character: There is no 输 ("8F93) in font nullfont!
Missing character: There is no 入 ("5165) in font nullfont!
Missing character: There is no 到 ("5230) in font nullfont!
Missing character: There is no 归 ("5F52) in font nullfont!
Missing character: There is no 一 ("4E00) in font nullfont!
Missing character: There is no 化 ("5316) in font nullfont!
Missing character: There is no 性 ("6027) in font nullfont!
Missing character: There is no 能 ("80FD) in font nullfont!
Missing character: There is no 指 ("6307) in font nullfont!
Missing character: There is no 标 ("6807) in font nullfont!
Missing character: There is no 的 ("7684) in font nullfont!
Missing character: There is no 映 ("6620) in font nullfont!
Missing character: There is no 射 ("5C04) in font nullfont!
Missing character: There is no 关 ("5173) in font nullfont!
Missing character: There is no 系 ("7CFB) in font nullfont!
Missing character: There is no 。 ("3002) in font nullfont!
Missing character: There is no 第 ("7B2C) in font nullfont!
Missing character: There is no 三 ("4E09) in font nullfont!
Missing character: There is no 行 ("884C) in font nullfont!
Missing character: There is no 约 ("7EA6) in font nullfont!
Missing character: There is no 束 ("675F) in font nullfont!
Missing character: There is no 限 ("9650) in font nullfont!
Missing character: There is no 定 ("5B9A) in font nullfont!
Missing character: There is no 信 ("4FE1) in font nullfont!
Missing character: There is no 令 ("4EE4) in font nullfont!
Missing character: There is no 开 ("5F00) in font nullfont!
Missing character: There is no 销 ("9500) in font nullfont!
Missing character: There is no 不 ("4E0D) in font nullfont!
Missing character: There is no 超 ("8D85) in font nullfont!
Missing character: There is no 过 ("8FC7) in font nullfont!
Missing character: There is no 系 ("7CFB) in font nullfont!
Missing character: There is no 统 ("7EDF) in font nullfont!
Missing character: There is no 资 ("8D44) in font nullfont!
Missing character: There is no 源 ("6E90) in font nullfont!
Missing character: There is no 阈 ("9608) in font nullfont!
Missing character: There is no 值 ("503C) in font nullfont!
Missing character: There is no 。 ("3002) in font nullfont!
Missing character: There is no 可 ("53EF) in font nullfont!
Missing character: There is no 以 ("4EE5) in font nullfont!
Missing character: There is no 看 ("770B) in font nullfont!
Missing character: There is no 到 ("5230) in font nullfont!
Missing character: There is no ， ("FF0C) in font nullfont!
Missing character: There is no 该 ("8BE5) in font nullfont!
Missing character: There is no 优 ("4F18) in font nullfont!
Missing character: There is no 化 ("5316) in font nullfont!
Missing character: There is no 问 ("95EE) in font nullfont!
Missing character: There is no 题 ("9898) in font nullfont!
Missing character: There is no 的 ("7684) in font nullfont!
Missing character: There is no 解 ("89E3) in font nullfont!
Missing character: There is no 为 ("4E3A) in font nullfont!
Missing character: There is no 满 ("6EE1) in font nullfont!
Missing character: There is no 足 ("8DB3) in font nullfont!
Missing character: There is no 全 ("5168) in font nullfont!
Missing character: There is no 部 ("90E8) in font nullfont!
Missing character: There is no 约 ("7EA6) in font nullfont!
Missing character: There is no 束 ("675F) in font nullfont!
Missing character: There is no 的 ("7684) in font nullfont!
Missing character: There is no 最 ("6700) in font nullfont!
Missing character: There is no 优 ("4F18) in font nullfont!
Missing character: There is no 统 ("7EDF) in font nullfont!
Missing character: There is no 一 ("4E00) in font nullfont!
Missing character: There is no 参 ("53C2) in font nullfont!
Missing character: There is no 数 ("6570) in font nullfont!
Missing character: There is no 向 ("5411) in font nullfont!
Missing character: There is no 量 ("91CF) in font nullfont!
Missing character: There is no ， ("FF0C) in font nullfont!
Missing character: There is no 其 ("5176) in font nullfont!
Missing character: There is no 中 ("4E2D) in font nullfont!
Missing character: There is no 包 ("5305) in font nullfont!
Missing character: There is no 含 ("542B) in font nullfont!
Missing character: There is no 了 ("4E86) in font nullfont!
Missing character: There is no 最 ("6700) in font nullfont!
Missing character: There is no 优 ("4F18) in font nullfont!
Missing character: There is no 协 ("534F) in font nullfont!
Missing character: There is no 议 ("8BAE) in font nullfont!
Missing character: There is no 类 ("7C7B) in font nullfont!
Missing character: There is no 型 ("578B) in font nullfont!
Missing character: There is no 及 ("53CA) in font nullfont!
Missing character: There is no 其 ("5176) in font nullfont!
Missing character: There is no 对 ("5BF9) in font nullfont!
Missing character: There is no 应 ("5E94) in font nullfont!
Missing character: There is no 参 ("53C2) in font nullfont!
Missing character: There is no 数 ("6570) in font nullfont!
Missing character: There is no 。 ("3002) in font nullfont!

Overfull \hbox (71.74478pt too wide) in paragraph at lines 216--219
 $[]\OML/cmm/m/it/10 onstrained$$[]$
 []


Overfull \hbox (35.76398pt too wide) in paragraph at lines 216--219
\OT1/cmr/bx/n/10 x[]\OT1/cmr/m/n/10 [1]$
 []


Overfull \hbox (9.58328pt too wide) in paragraph at lines 216--219
\OT1/cmr/bx/n/10 m$
 []


Overfull \hbox (21.38896pt too wide) in paragraph at lines 216--219
\OML/cmm/m/it/10 S[]$
 []


Overfull \hbox (25.20839pt too wide) in paragraph at lines 216--219
\OT1/cmr/bx/n/10 x[]$ 
 []

! Undefined control sequence.
l.225 \section
              {基于离散事件仿真的接入协议数据集构建与仿真结果分析}
The control sequence at the end of the top line
of your error message was never \def'ed. If you have
misspelled it (e.g., `\hobx'), type `I' and the correct
spelling (e.g., `I\hbox'). Otherwise just continue,
and I'll forget about whatever was undefined.


! LaTeX Error: Missing \begin{document}.

See the LaTeX manual or LaTeX Companion for explanation.
Type  H <return>  for immediate help.
 ...                                              
                                                  
l.225 \section{基
                于离散事件仿真的接入协议数据集构建与仿真结果分析}
You're in trouble here.  Try typing  <return>  to proceed.
If that doesn't work, type  X <return>  to quit.

Missing character: There is no 基 ("57FA) in font nullfont!
Missing character: There is no 于 ("4E8E) in font nullfont!
Missing character: There is no 离 ("79BB) in font nullfont!
Missing character: There is no 散 ("6563) in font nullfont!
Missing character: There is no 事 ("4E8B) in font nullfont!
Missing character: There is no 件 ("4EF6) in font nullfont!
Missing character: There is no 仿 ("4EFF) in font nullfont!
Missing character: There is no 真 ("771F) in font nullfont!
Missing character: There is no 的 ("7684) in font nullfont!
Missing character: There is no 接 ("63A5) in font nullfont!
Missing character: There is no 入 ("5165) in font nullfont!
Missing character: There is no 协 ("534F) in font nullfont!
Missing character: There is no 议 ("8BAE) in font nullfont!
Missing character: There is no 数 ("6570) in font nullfont!
Missing character: There is no 据 ("636E) in font nullfont!
Missing character: There is no 集 ("96C6) in font nullfont!
Missing character: There is no 构 ("6784) in font nullfont!
Missing character: There is no 建 ("5EFA) in font nullfont!
Missing character: There is no 与 ("4E0E) in font nullfont!
Missing character: There is no 仿 ("4EFF) in font nullfont!
Missing character: There is no 真 ("771F) in font nullfont!
Missing character: There is no 结 ("7ED3) in font nullfont!
Missing character: There is no 果 ("679C) in font nullfont!
Missing character: There is no 分 ("5206) in font nullfont!
Missing character: There is no 析 ("6790) in font nullfont!

Overfull \hbox (20.0pt too wide) in paragraph at lines 225--227
[]
 []


! LaTeX Error: Missing \begin{document}.

See the LaTeX manual or LaTeX Companion for explanation.
Type  H <return>  for immediate help.
 ...                                              
                                                  
l.228 为
       训练能够准确预测不同协议配置下网络性能的代理模型，需要构建高质量的训练数据集。本节首先阐述参数空间的采样策略，随后在\ref{subsec...

You're in trouble here.  Try typing  <return>  to proceed.
If that doesn't work, type  X <return>  to quit.

Missing character: There is no 为 ("4E3A) in font nullfont!
Missing character: There is no 训 ("8BAD) in font nullfont!
Missing character: There is no 练 ("7EC3) in font nullfont!
Missing character: There is no 能 ("80FD) in font nullfont!
Missing character: There is no 够 ("591F) in font nullfont!
Missing character: There is no 准 ("51C6) in font nullfont!
Missing character: There is no 确 ("786E) in font nullfont!
Missing character: There is no 预 ("9884) in font nullfont!
Missing character: There is no 测 ("6D4B) in font nullfont!
Missing character: There is no 不 ("4E0D) in font nullfont!
Missing character: There is no 同 ("540C) in font nullfont!
Missing character: There is no 协 ("534F) in font nullfont!
Missing character: There is no 议 ("8BAE) in font nullfont!
Missing character: There is no 配 ("914D) in font nullfont!
Missing character: There is no 置 ("7F6E) in font nullfont!
Missing character: There is no 下 ("4E0B) in font nullfont!
Missing character: There is no 网 ("7F51) in font nullfont!
Missing character: There is no 络 ("7EDC) in font nullfont!
Missing character: There is no 性 ("6027) in font nullfont!
Missing character: There is no 能 ("80FD) in font nullfont!
Missing character: There is no 的 ("7684) in font nullfont!
Missing character: There is no 代 ("4EE3) in font nullfont!
Missing character: There is no 理 ("7406) in font nullfont!
Missing character: There is no 模 ("6A21) in font nullfont!
Missing character: There is no 型 ("578B) in font nullfont!
Missing character: There is no ， ("FF0C) in font nullfont!
Missing character: There is no 需 ("9700) in font nullfont!
Missing character: There is no 要 ("8981) in font nullfont!
Missing character: There is no 构 ("6784) in font nullfont!
Missing character: There is no 建 ("5EFA) in font nullfont!
Missing character: There is no 高 ("9AD8) in font nullfont!
Missing character: There is no 质 ("8D28) in font nullfont!
Missing character: There is no 量 ("91CF) in font nullfont!
Missing character: There is no 的 ("7684) in font nullfont!
Missing character: There is no 训 ("8BAD) in font nullfont!
Missing character: There is no 练 ("7EC3) in font nullfont!
Missing character: There is no 数 ("6570) in font nullfont!
Missing character: There is no 据 ("636E) in font nullfont!
Missing character: There is no 集 ("96C6) in font nullfont!
Missing character: There is no 。 ("3002) in font nullfont!
Missing character: There is no 本 ("672C) in font nullfont!
Missing character: There is no 节 ("8282) in font nullfont!
Missing character: There is no 首 ("9996) in font nullfont!
Missing character: There is no 先 ("5148) in font nullfont!
Missing character: There is no 阐 ("9610) in font nullfont!
Missing character: There is no 述 ("8FF0) in font nullfont!
Missing character: There is no 参 ("53C2) in font nullfont!
Missing character: There is no 数 ("6570) in font nullfont!
Missing character: There is no 空 ("7A7A) in font nullfont!
Missing character: There is no 间 ("95F4) in font nullfont!
Missing character: There is no 的 ("7684) in font nullfont!
Missing character: There is no 采 ("91C7) in font nullfont!
Missing character: There is no 样 ("6837) in font nullfont!
Missing character: There is no 策 ("7B56) in font nullfont!
Missing character: There is no 略 ("7565) in font nullfont!
Missing character: There is no ， ("FF0C) in font nullfont!
Missing character: There is no 随 ("968F) in font nullfont!
Missing character: There is no 后 ("540E) in font nullfont!
Missing character: There is no 在 ("5728) in font nullfont!
! Undefined control sequence.
<write> ...ec:unified_simulator' on page \thepage 
                                                  \space undefined\on@line .^^J
l.228 ...空间的采样策略，随后在\ref{subsec:unified_simulator}
                                                  小节介绍统一仿真器 $S(\cdot)$ 的设计与实...
The control sequence at the end of the top line
of your error message was never \def'ed. If you have
misspelled it (e.g., `\hobx'), type `I' and the correct
spelling (e.g., `I\hbox'). Otherwise just continue,
and I'll forget about whatever was undefined.


LaTeX Warning: Reference `subsec:unified_simulator' on page  undefined on input
 line 228.

Missing character: There is no 小 ("5C0F) in font nullfont!
Missing character: There is no 节 ("8282) in font nullfont!
Missing character: There is no 介 ("4ECB) in font nullfont!
Missing character: There is no 绍 ("7ECD) in font nullfont!
Missing character: There is no 统 ("7EDF) in font nullfont!
Missing character: There is no 一 ("4E00) in font nullfont!
Missing character: There is no 仿 ("4EFF) in font nullfont!
Missing character: There is no 真 ("771F) in font nullfont!
Missing character: There is no 器 ("5668) in font nullfont!
Missing character: There is no 的 ("7684) in font nullfont!
Missing character: There is no 设 ("8BBE) in font nullfont!
Missing character: There is no 计 ("8BA1) in font nullfont!
Missing character: There is no 与 ("4E0E) in font nullfont!
Missing character: There is no 实 ("5B9E) in font nullfont!
Missing character: There is no 现 ("73B0) in font nullfont!
Missing character: There is no ， ("FF0C) in font nullfont!
Missing character: There is no 接 ("63A5) in font nullfont!
Missing character: There is no 着 ("7740) in font nullfont!
Missing character: There is no 详 ("8BE6) in font nullfont!
Missing character: There is no 细 ("7EC6) in font nullfont!
Missing character: There is no 说 ("8BF4) in font nullfont!
Missing character: There is no 明 ("660E) in font nullfont!
Missing character: There is no 基 ("57FA) in font nullfont!
Missing character: There is no 于 ("4E8E) in font nullfont!
Missing character: There is no 仿 ("4EFF) in font nullfont!
Missing character: There is no 真 ("771F) in font nullfont!
Missing character: There is no 器 ("5668) in font nullfont!
Missing character: There is no 的 ("7684) in font nullfont!
Missing character: There is no 数 ("6570) in font nullfont!
Missing character: There is no 据 ("636E) in font nullfont!
Missing character: There is no 集 ("96C6) in font nullfont!
Missing character: There is no 生 ("751F) in font nullfont!
Missing character: There is no 成 ("6210) in font nullfont!
Missing character: There is no 流 ("6D41) in font nullfont!
Missing character: There is no 程 ("7A0B) in font nullfont!
Missing character: There is no ， ("FF0C) in font nullfont!
Missing character: There is no 最 ("6700) in font nullfont!
Missing character: There is no 后 ("540E) in font nullfont!
Missing character: There is no 通 ("901A) in font nullfont!
Missing character: There is no 过 ("8FC7) in font nullfont!
Missing character: There is no 可 ("53EF) in font nullfont!
Missing character: There is no 视 ("89C6) in font nullfont!
Missing character: There is no 化 ("5316) in font nullfont!
Missing character: There is no 分 ("5206) in font nullfont!
Missing character: There is no 析 ("6790) in font nullfont!
Missing character: There is no 展 ("5C55) in font nullfont!
Missing character: There is no 示 ("793A) in font nullfont!
Missing character: There is no 不 ("4E0D) in font nullfont!
Missing character: There is no 同 ("540C) in font nullfont!
Missing character: There is no 协 ("534F) in font nullfont!
Missing character: There is no 议 ("8BAE) in font nullfont!
Missing character: There is no 在 ("5728) in font nullfont!
Missing character: There is no 典 ("5178) in font nullfont!
Missing character: There is no 型 ("578B) in font nullfont!
Missing character: There is no 场 ("573A) in font nullfont!
Missing character: There is no 景 ("666F) in font nullfont!
Missing character: There is no 下 ("4E0B) in font nullfont!
Missing character: There is no 的 ("7684) in font nullfont!
Missing character: There is no 性 ("6027) in font nullfont!
Missing character: There is no 能 ("80FD) in font nullfont!
Missing character: There is no 差 ("5DEE) in font nullfont!
Missing character: There is no 异 ("5F02) in font nullfont!
Missing character: There is no ， ("FF0C) in font nullfont!
Missing character: There is no 为 ("4E3A) in font nullfont!
Missing character: There is no 后 ("540E) in font nullfont!
Missing character: There is no 续 ("7EED) in font nullfont!
Missing character: There is no 代 ("4EE3) in font nullfont!
Missing character: There is no 理 ("7406) in font nullfont!
Missing character: There is no 模 ("6A21) in font nullfont!
Missing character: There is no 型 ("578B) in font nullfont!
Missing character: There is no 的 ("7684) in font nullfont!
Missing character: There is no 构 ("6784) in font nullfont!
Missing character: There is no 建 ("5EFA) in font nullfont!
Missing character: There is no 提 ("63D0) in font nullfont!
Missing character: There is no 供 ("4F9B) in font nullfont!
Missing character: There is no 数 ("6570) in font nullfont!
Missing character: There is no 据 ("636E) in font nullfont!
Missing character: There is no 基 ("57FA) in font nullfont!
Missing character: There is no 础 ("7840) in font nullfont!
Missing character: There is no 与 ("4E0E) in font nullfont!
Missing character: There is no 性 ("6027) in font nullfont!
Missing character: There is no 能 ("80FD) in font nullfont!
Missing character: There is no 基 ("57FA) in font nullfont!
Missing character: There is no 准 ("51C6) in font nullfont!
Missing character: There is no 。 ("3002) in font nullfont!

Overfull \hbox (30.86pt too wide) in paragraph at lines 228--229
[][]
 []


Overfull \hbox (17.2639pt too wide) in paragraph at lines 228--229
\OML/cmm/m/it/10 S\OT1/cmr/m/n/10 (\OMS/cmsy/m/n/10 ^^A\OT1/cmr/m/n/10 )$
 []

! Undefined control sequence.
l.230 \subsection
                 {两阶段参数空间采样策略}
The control sequence at the end of the top line
of your error message was never \def'ed. If you have
misspelled it (e.g., `\hobx'), type `I' and the correct
spelling (e.g., `I\hbox'). Otherwise just continue,
and I'll forget about whatever was undefined.


! LaTeX Error: Missing \begin{document}.

See the LaTeX manual or LaTeX Companion for explanation.
Type  H <return>  for immediate help.
 ...                                              
                                                  
l.230 \subsection{两
                   阶段参数空间采样策略}
You're in trouble here.  Try typing  <return>  to proceed.
If that doesn't work, type  X <return>  to quit.

Missing character: There is no 两 ("4E24) in font nullfont!
Missing character: There is no 阶 ("9636) in font nullfont!
Missing character: There is no 段 ("6BB5) in font nullfont!
Missing character: There is no 参 ("53C2) in font nullfont!
Missing character: There is no 数 ("6570) in font nullfont!
Missing character: There is no 空 ("7A7A) in font nullfont!
Missing character: There is no 间 ("95F4) in font nullfont!
Missing character: There is no 采 ("91C7) in font nullfont!
Missing character: There is no 样 ("6837) in font nullfont!
Missing character: There is no 策 ("7B56) in font nullfont!
Missing character: There is no 略 ("7565) in font nullfont!

Overfull \hbox (20.0pt too wide) in paragraph at lines 230--232
[]
 []


! LaTeX Error: Missing \begin{document}.

See the LaTeX manual or LaTeX Companion for explanation.
Type  H <return>  for immediate help.
 ...                                              
                                                  
l.233 训
       练数据质量取决于参数空间覆盖与关键区域分辨率。为兼顾两者，本文在混合空间 $\{\mathbf{x}_{\text{traffic}},\...

You're in trouble here.  Try typing  <return>  to proceed.
If that doesn't work, type  X <return>  to quit.

Missing character: There is no 训 ("8BAD) in font nullfont!
Missing character: There is no 练 ("7EC3) in font nullfont!
Missing character: There is no 数 ("6570) in font nullfont!
Missing character: There is no 据 ("636E) in font nullfont!
Missing character: There is no 质 ("8D28) in font nullfont!
Missing character: There is no 量 ("91CF) in font nullfont!
Missing character: There is no 取 ("53D6) in font nullfont!
Missing character: There is no 决 ("51B3) in font nullfont!
Missing character: There is no 于 ("4E8E) in font nullfont!
Missing character: There is no 参 ("53C2) in font nullfont!
Missing character: There is no 数 ("6570) in font nullfont!
Missing character: There is no 空 ("7A7A) in font nullfont!
Missing character: There is no 间 ("95F4) in font nullfont!
Missing character: There is no 覆 ("8986) in font nullfont!
Missing character: There is no 盖 ("76D6) in font nullfont!
Missing character: There is no 与 ("4E0E) in font nullfont!
Missing character: There is no 关 ("5173) in font nullfont!
Missing character: There is no 键 ("952E) in font nullfont!
Missing character: There is no 区 ("533A) in font nullfont!
Missing character: There is no 域 ("57DF) in font nullfont!
Missing character: There is no 分 ("5206) in font nullfont!
Missing character: There is no 辨 ("8FA8) in font nullfont!
Missing character: There is no 率 ("7387) in font nullfont!
Missing character: There is no 。 ("3002) in font nullfont!
Missing character: There is no 为 ("4E3A) in font nullfont!
Missing character: There is no 兼 ("517C) in font nullfont!
Missing character: There is no 顾 ("987E) in font nullfont!
Missing character: There is no 两 ("4E24) in font nullfont!
Missing character: There is no 者 ("8005) in font nullfont!
Missing character: There is no ， ("FF0C) in font nullfont!
Missing character: There is no 本 ("672C) in font nullfont!
Missing character: There is no 文 ("6587) in font nullfont!
Missing character: There is no 在 ("5728) in font nullfont!
Missing character: There is no 混 ("6DF7) in font nullfont!
Missing character: There is no 合 ("5408) in font nullfont!
Missing character: There is no 空 ("7A7A) in font nullfont!
Missing character: There is no 间 ("95F4) in font nullfont!
! Undefined control sequence.
l.233 ...键区域分辨率。为兼顾两者，本文在混合空间 $\{\mathbf{x}_{\text
                                                  {traffic}},\mathbf{x}_{\ma...
The control sequence at the end of the top line
of your error message was never \def'ed. If you have
misspelled it (e.g., `\hobx'), type `I' and the correct
spelling (e.g., `I\hbox'). Otherwise just continue,
and I'll forget about whatever was undefined.

Missing character: There is no 上 ("4E0A) in font nullfont!
Missing character: There is no 采 ("91C7) in font nullfont!
Missing character: There is no 用 ("7528) in font nullfont!
Missing character: There is no “ ("201C) in font nullfont!
Missing character: There is no 两 ("4E24) in font nullfont!
Missing character: There is no 阶 ("9636) in font nullfont!
Missing character: There is no 段 ("6BB5) in font nullfont!
Missing character: There is no 采 ("91C7) in font nullfont!
Missing character: There is no 样 ("6837) in font nullfont!
Missing character: There is no ” ("201D) in font nullfont!
Missing character: There is no 策 ("7B56) in font nullfont!
Missing character: There is no 略 ("7565) in font nullfont!
Missing character: There is no ： ("FF1A) in font nullfont!
Missing character: There is no 第 ("7B2C) in font nullfont!
Missing character: There is no 一 ("4E00) in font nullfont!
Missing character: There is no 阶 ("9636) in font nullfont!
Missing character: There is no 段 ("6BB5) in font nullfont!
Missing character: There is no 做 ("505A) in font nullfont!
Missing character: There is no 全 ("5168) in font nullfont!
Missing character: There is no 局 ("5C40) in font nullfont!
Missing character: There is no 粗 ("7C97) in font nullfont!
Missing character: There is no 采 ("91C7) in font nullfont!
Missing character: There is no 样 ("6837) in font nullfont!
Missing character: There is no ， ("FF0C) in font nullfont!
Missing character: There is no 第 ("7B2C) in font nullfont!
Missing character: There is no 二 ("4E8C) in font nullfont!
Missing character: There is no 阶 ("9636) in font nullfont!
Missing character: There is no 段 ("6BB5) in font nullfont!
Missing character: There is no 做 ("505A) in font nullfont!
Missing character: There is no 峰 ("5CF0) in font nullfont!
Missing character: There is no 值 ("503C) in font nullfont!
Missing character: There is no 与 ("4E0E) in font nullfont!
Missing character: There is no 转 ("8F6C) in font nullfont!
Missing character: There is no 折 ("6298) in font nullfont!
Missing character: There is no 区 ("533A) in font nullfont!
Missing character: There is no 细 ("7EC6) in font nullfont!
Missing character: There is no 采 ("91C7) in font nullfont!
Missing character: There is no 样 ("6837) in font nullfont!
Missing character: There is no 。 ("3002) in font nullfont!
Missing character: There is no 采 ("91C7) in font nullfont!
Missing character: There is no 样 ("6837) in font nullfont!
Missing character: There is no 维 ("7EF4) in font nullfont!
Missing character: There is no 度 ("5EA6) in font nullfont!
Missing character: There is no 分 ("5206) in font nullfont!
Missing character: There is no 为 ("4E3A) in font nullfont!
Missing character: There is no 流 ("6D41) in font nullfont!
Missing character: There is no 量 ("91CF) in font nullfont!
Missing character: There is no 强 ("5F3A) in font nullfont!
Missing character: There is no 度 ("5EA6) in font nullfont!
Missing character: There is no 、 ("3001) in font nullfont!
Missing character: There is no 流 ("6D41) in font nullfont!
Missing character: There is no 量 ("91CF) in font nullfont!
Missing character: There is no 形 ("5F62) in font nullfont!
Missing character: There is no 态 ("6001) in font nullfont!
Missing character: There is no 、 ("3001) in font nullfont!
Missing character: There is no 协 ("534F) in font nullfont!
Missing character: There is no 议 ("8BAE) in font nullfont!
Missing character: There is no 参 ("53C2) in font nullfont!
Missing character: There is no 数 ("6570) in font nullfont!
Missing character: There is no 三 ("4E09) in font nullfont!
Missing character: There is no 类 ("7C7B) in font nullfont!
Missing character: There is no ， ("FF0C) in font nullfont!
Missing character: There is no 其 ("5176) in font nullfont!
Missing character: There is no 中 ("4E2D) in font nullfont!
Missing character: There is no 流 ("6D41) in font nullfont!
Missing character: There is no 量 ("91CF) in font nullfont!
Missing character: There is no 形 ("5F62) in font nullfont!
Missing character: There is no 态 ("6001) in font nullfont!
Missing character: There is no 在 ("5728) in font nullfont!
Missing character: There is no 两 ("4E24) in font nullfont!
Missing character: There is no 个 ("4E2A) in font nullfont!
Missing character: There is no 阶 ("9636) in font nullfont!
Missing character: There is no 段 ("6BB5) in font nullfont!
Missing character: There is no 均 ("5747) in font nullfont!
Missing character: There is no 固 ("56FA) in font nullfont!
Missing character: There is no 定 ("5B9A) in font nullfont!
Missing character: There is no 为 ("4E3A) in font nullfont!
Missing character: There is no 三 ("4E09) in font nullfont!
Missing character: There is no 类 ("7C7B) in font nullfont!
Missing character: There is no 场 ("573A) in font nullfont!
Missing character: There is no 景 ("666F) in font nullfont!
Missing character: There is no 并 ("5E76) in font nullfont!
Missing character: There is no 保 ("4FDD) in font nullfont!
Missing character: There is no 持 ("6301) in font nullfont!
Missing character: There is no 一 ("4E00) in font nullfont!
Missing character: There is no 致 ("81F4) in font nullfont!
Missing character: There is no 遍 ("904D) in font nullfont!
Missing character: There is no 历 ("5386) in font nullfont!
Missing character: There is no ， ("FF0C) in font nullfont!
Missing character: There is no 以 ("4EE5) in font nullfont!
Missing character: There is no 保 ("4FDD) in font nullfont!
Missing character: There is no 证 ("8BC1) in font nullfont!
Missing character: There is no 跨 ("8DE8) in font nullfont!
Missing character: There is no 协 ("534F) in font nullfont!
Missing character: There is no 议 ("8BAE) in font nullfont!
Missing character: There is no 、 ("3001) in font nullfont!
Missing character: There is no 跨 ("8DE8) in font nullfont!
Missing character: There is no 阶 ("9636) in font nullfont!
Missing character: There is no 段 ("6BB5) in font nullfont!
Missing character: There is no 结 ("7ED3) in font nullfont!
Missing character: There is no 果 ("679C) in font nullfont!
Missing character: There is no 可 ("53EF) in font nullfont!
Missing character: There is no 比 ("6BD4) in font nullfont!
Missing character: There is no 。 ("3002) in font nullfont!
Missing character: There is no 图 ("56FE) in font nullfont!
! Undefined control sequence.
<write> ...et_sampling_strategy' on page \thepage 
                                                  \space undefined\on@line .^^J
l.233 ...果可比。图~\ref{fig:dataset_sampling_strategy}
                                                   给出流程示意。
The control sequence at the end of the top line
of your error message was never \def'ed. If you have
misspelled it (e.g., `\hobx'), type `I' and the correct
spelling (e.g., `I\hbox'). Otherwise just continue,
and I'll forget about whatever was undefined.


LaTeX Warning: Reference `fig:dataset_sampling_strategy' on page  undefined on 
input line 233.

Missing character: There is no 给 ("7ED9) in font nullfont!
Missing character: There is no 出 ("51FA) in font nullfont!
Missing character: There is no 流 ("6D41) in font nullfont!
Missing character: There is no 程 ("7A0B) in font nullfont!
Missing character: There is no 示 ("793A) in font nullfont!
Missing character: There is no 意 ("610F) in font nullfont!
Missing character: There is no 。 ("3002) in font nullfont!

Overfull \hbox (20.0pt too wide) in paragraph at lines 233--234
[]
 []


Overfull \hbox (73.28018pt too wide) in paragraph at lines 233--234
\OMS/cmsy/m/n/10 f\OT1/cmr/bx/n/10 x[]\OML/cmm/m/it/10 ; \OT1/cmr/bx/n/10 x[]\O
MS/cmsy/m/n/10 g$
 []


Overfull \hbox (16.69336pt too wide) in paragraph at lines 233--234
[]$ []
 []


! LaTeX Error: Environment figure undefined.

See the LaTeX manual or LaTeX Companion for explanation.
Type  H <return>  for immediate help.
 ...                                              
                                                  
l.235 \begin{figure}
                    [t]
Your command was ignored.
Type  I <command> <return>  to replace it with another command,
or  <return>  to continue without it.


! LaTeX Error: Missing \begin{document}.

See the LaTeX manual or LaTeX Companion for explanation.
Type  H <return>  for immediate help.
 ...                                              
                                                  
l.235 \begin{figure}[
                     t]
You're in trouble here.  Try typing  <return>  to proceed.
If that doesn't work, type  X <return>  to quit.

Missing character: There is no [ ("5B) in font nullfont!
Missing character: There is no t ("74) in font nullfont!
Missing character: There is no ] ("5D) in font nullfont!
! Undefined control sequence.
l.237 ^^I\includegraphics
                         [width=0.99\textwidth]{figure/chap5/数据集采样策略.pdf}
The control sequence at the end of the top line
of your error message was never \def'ed. If you have
misspelled it (e.g., `\hobx'), type `I' and the correct
spelling (e.g., `I\hbox'). Otherwise just continue,
and I'll forget about whatever was undefined.

Missing character: There is no [ ("5B) in font nullfont!
Missing character: There is no w ("77) in font nullfont!
Missing character: There is no i ("69) in font nullfont!
Missing character: There is no d ("64) in font nullfont!
Missing character: There is no t ("74) in font nullfont!
Missing character: There is no h ("68) in font nullfont!
Missing character: There is no = ("3D) in font nullfont!
Missing character: There is no 0 ("30) in font nullfont!
Missing character: There is no . ("2E) in font nullfont!
Missing character: There is no 9 ("39) in font nullfont!
Missing character: There is no 9 ("39) in font nullfont!
! Missing number, treated as zero.
<to be read again> 
                   ]
l.237 ^^I\includegraphics[width=0.99\textwidth]
                                               {figure/chap5/数据集采样策略.pdf}
A number should have been here; I inserted `0'.
(If you can't figure out why I needed to see a number,
look up `weird error' in the index to The TeXbook.)

! Illegal unit of measure (pt inserted).
<to be read again> 
                   ]
l.237 ^^I\includegraphics[width=0.99\textwidth]
                                               {figure/chap5/数据集采样策略.pdf}
Dimensions can be in units of em, ex, in, pt, pc,
cm, mm, dd, cc, bp, or sp; but yours is a new one!
I'll assume that you meant to say pt, for printer's points.
To recover gracefully from this error, it's best to
delete the erroneous units; e.g., type `2' to delete
two letters. (See Chapter 27 of The TeXbook.)

Missing character: There is no ] ("5D) in font nullfont!
Missing character: There is no f ("66) in font nullfont!
Missing character: There is no i ("69) in font nullfont!
Missing character: There is no g ("67) in font nullfont!
Missing character: There is no u ("75) in font nullfont!
Missing character: There is no r ("72) in font nullfont!
Missing character: There is no e ("65) in font nullfont!
Missing character: There is no / ("2F) in font nullfont!
Missing character: There is no c ("63) in font nullfont!
Missing character: There is no h ("68) in font nullfont!
Missing character: There is no a ("61) in font nullfont!
Missing character: There is no p ("70) in font nullfont!
Missing character: There is no 5 ("35) in font nullfont!
Missing character: There is no / ("2F) in font nullfont!
Missing character: There is no 数 ("6570) in font nullfont!
Missing character: There is no 据 ("636E) in font nullfont!
Missing character: There is no 集 ("96C6) in font nullfont!
Missing character: There is no 采 ("91C7) in font nullfont!
Missing character: There is no 样 ("6837) in font nullfont!
Missing character: There is no 策 ("7B56) in font nullfont!
Missing character: There is no 略 ("7565) in font nullfont!
Missing character: There is no . ("2E) in font nullfont!
Missing character: There is no p ("70) in font nullfont!
Missing character: There is no d ("64) in font nullfont!
Missing character: There is no f ("66) in font nullfont!

! LaTeX Error: \caption outside float.

See the LaTeX manual or LaTeX Companion for explanation.
Type  H <return>  for immediate help.
 ...                                              
                                                  
l.238 ^^I\caption
                 {两阶段参数空间采样策略流程图}
You're in trouble here.  Try typing  <return>  to proceed.
If that doesn't work, type  X <return>  to quit.

Missing character: There is no 两 ("4E24) in font nullfont!
Missing character: There is no 阶 ("9636) in font nullfont!
Missing character: There is no 段 ("6BB5) in font nullfont!
Missing character: There is no 参 ("53C2) in font nullfont!
Missing character: There is no 数 ("6570) in font nullfont!
Missing character: There is no 空 ("7A7A) in font nullfont!
Missing character: There is no 间 ("95F4) in font nullfont!
Missing character: There is no 采 ("91C7) in font nullfont!
Missing character: There is no 样 ("6837) in font nullfont!
Missing character: There is no 策 ("7B56) in font nullfont!
Missing character: There is no 略 ("7565) in font nullfont!
Missing character: There is no 流 ("6D41) in font nullfont!
Missing character: There is no 程 ("7A0B) in font nullfont!
Missing character: There is no 图 ("56FE) in font nullfont!

! LaTeX Error: \begin{document} ended by \end{figure}.

See the LaTeX manual or LaTeX Companion for explanation.
Type  H <return>  for immediate help.
 ...                                              
                                                  
l.240 \end{figure}
                  
Your command was ignored.
Type  I <command> <return>  to replace it with another command,
or  <return>  to continue without it.

Missing character: There is no 流 ("6D41) in font nullfont!
Missing character: There is no 量 ("91CF) in font nullfont!
Missing character: There is no 形 ("5F62) in font nullfont!
Missing character: There is no 态 ("6001) in font nullfont!
Missing character: There is no 维 ("7EF4) in font nullfont!
Missing character: There is no 度 ("5EA6) in font nullfont!
Missing character: There is no 采 ("91C7) in font nullfont!
Missing character: There is no 用 ("7528) in font nullfont!
Missing character: There is no 三 ("4E09) in font nullfont!
Missing character: There is no 类 ("7C7B) in font nullfont!
Missing character: There is no 离 ("79BB) in font nullfont!
Missing character: There is no 散 ("6563) in font nullfont!
Missing character: There is no 场 ("573A) in font nullfont!
Missing character: There is no 景 ("666F) in font nullfont!
Missing character: There is no ： ("FF1A) in font nullfont!
Missing character: There is no 均 ("5747) in font nullfont!
Missing character: There is no 匀 ("5300) in font nullfont!
Missing character: There is no 到 ("5230) in font nullfont!
Missing character: There is no 达 ("8FBE) in font nullfont!
Missing character: There is no （ ("FF08) in font nullfont!
Missing character: There is no U ("55) in font nullfont!
Missing character: There is no ） ("FF09) in font nullfont!
Missing character: There is no 、 ("3001) in font nullfont!
Missing character: There is no 突 ("7A81) in font nullfont!
Missing character: There is no 发 ("53D1) in font nullfont!
Missing character: There is no 到 ("5230) in font nullfont!
Missing character: There is no 达 ("8FBE) in font nullfont!
Missing character: There is no （ ("FF08) in font nullfont!
Missing character: There is no B ("42) in font nullfont!
Missing character: There is no ） ("FF09) in font nullfont!
Missing character: There is no 、 ("3001) in font nullfont!
Missing character: There is no 周 ("5468) in font nullfont!
Missing character: There is no 期 ("671F) in font nullfont!
Missing character: There is no 到 ("5230) in font nullfont!
Missing character: There is no 达 ("8FBE) in font nullfont!
Missing character: There is no （ ("FF08) in font nullfont!
Missing character: There is no P ("50) in font nullfont!
Missing character: There is no ） ("FF09) in font nullfont!
Missing character: There is no 。 ("3002) in font nullfont!
Missing character: There is no 在 ("5728) in font nullfont!
Missing character: There is no 第 ("7B2C) in font nullfont!
Missing character: There is no 一 ("4E00) in font nullfont!
Missing character: There is no 阶 ("9636) in font nullfont!
Missing character: There is no 段 ("6BB5) in font nullfont!
Missing character: There is no 与 ("4E0E) in font nullfont!
Missing character: There is no 第 ("7B2C) in font nullfont!
Missing character: There is no 二 ("4E8C) in font nullfont!
Missing character: There is no 阶 ("9636) in font nullfont!
Missing character: There is no 段 ("6BB5) in font nullfont!
Missing character: There is no 中 ("4E2D) in font nullfont!
Missing character: There is no ， ("FF0C) in font nullfont!
Missing character: There is no 任 ("4EFB) in font nullfont!
Missing character: There is no 一 ("4E00) in font nullfont!
Missing character: There is no 与 ("4E0E) in font nullfont!
Missing character: There is no 任 ("4EFB) in font nullfont!
Missing character: There is no 一 ("4E00) in font nullfont!
Missing character: There is no 协 ("534F) in font nullfont!
Missing character: There is no 议 ("8BAE) in font nullfont!
Missing character: There is no 参 ("53C2) in font nullfont!
Missing character: There is no 数 ("6570) in font nullfont!
Missing character: There is no 组 ("7EC4) in font nullfont!
Missing character: There is no 合 ("5408) in font nullfont!
Missing character: There is no 都 ("90FD) in font nullfont!
Missing character: There is no 必 ("5FC5) in font nullfont!
Missing character: There is no 须 ("987B) in font nullfont!
Missing character: There is no 在 ("5728) in font nullfont!
Missing character: There is no U ("55) in font nullfont!
Missing character: There is no / ("2F) in font nullfont!
Missing character: There is no B ("42) in font nullfont!
Missing character: There is no / ("2F) in font nullfont!
Missing character: There is no P ("50) in font nullfont!
Missing character: There is no 三 ("4E09) in font nullfont!
Missing character: There is no 类 ("7C7B) in font nullfont!
Missing character: There is no 流 ("6D41) in font nullfont!
Missing character: There is no 量 ("91CF) in font nullfont!
Missing character: There is no 下 ("4E0B) in font nullfont!
Missing character: There is no 分 ("5206) in font nullfont!
Missing character: There is no 别 ("522B) in font nullfont!
Missing character: There is no 仿 ("4EFF) in font nullfont!
Missing character: There is no 真 ("771F) in font nullfont!
Missing character: There is no 一 ("4E00) in font nullfont!
Missing character: There is no 次 ("6B21) in font nullfont!
Missing character: There is no ， ("FF0C) in font nullfont!
Missing character: There is no 确 ("786E) in font nullfont!
Missing character: There is no 保 ("4FDD) in font nullfont!
Missing character: There is no 每 ("6BCF) in font nullfont!
Missing character: There is no 阶 ("9636) in font nullfont!
Missing character: There is no 段 ("6BB5) in font nullfont!
Missing character: There is no 数 ("6570) in font nullfont!
Missing character: There is no 据 ("636E) in font nullfont!
Missing character: There is no 集 ("96C6) in font nullfont!
Missing character: There is no 都 ("90FD) in font nullfont!
Missing character: There is no 包 ("5305) in font nullfont!
Missing character: There is no 含 ("542B) in font nullfont!
Missing character: There is no 三 ("4E09) in font nullfont!
Missing character: There is no 类 ("7C7B) in font nullfont!
Missing character: There is no 流 ("6D41) in font nullfont!
Missing character: There is no 量 ("91CF) in font nullfont!
Missing character: There is no 样 ("6837) in font nullfont!
Missing character: There is no 本 ("672C) in font nullfont!
Missing character: There is no 。 ("3002) in font nullfont!

Overfull \hbox (20.0pt too wide) in paragraph at lines 235--242
[]
 []


Overfull \hbox (5.83336pt too wide) in paragraph at lines 235--242
[]$
 []


! LaTeX Error: Missing \begin{document}.

See the LaTeX manual or LaTeX Companion for explanation.
Type  H <return>  for immediate help.
 ...                                              
                                                  
l.247 第
       一阶段为粗粒度均匀采样，其目标是在较低计算成本下获取各协议性能曲线的全局轮廓。核心原则是按协议有效工作区间设置差异化 $\hat{\lam...

You're in trouble here.  Try typing  <return>  to proceed.
If that doesn't work, type  X <return>  to quit.

Missing character: There is no 第 ("7B2C) in font nullfont!
Missing character: There is no 一 ("4E00) in font nullfont!
Missing character: There is no 阶 ("9636) in font nullfont!
Missing character: There is no 段 ("6BB5) in font nullfont!
Missing character: There is no 为 ("4E3A) in font nullfont!
Missing character: There is no 粗 ("7C97) in font nullfont!
Missing character: There is no 粒 ("7C92) in font nullfont!
Missing character: There is no 度 ("5EA6) in font nullfont!
Missing character: There is no 均 ("5747) in font nullfont!
Missing character: There is no 匀 ("5300) in font nullfont!
Missing character: There is no 采 ("91C7) in font nullfont!
Missing character: There is no 样 ("6837) in font nullfont!
Missing character: There is no ， ("FF0C) in font nullfont!
Missing character: There is no 其 ("5176) in font nullfont!
Missing character: There is no 目 ("76EE) in font nullfont!
Missing character: There is no 标 ("6807) in font nullfont!
Missing character: There is no 是 ("662F) in font nullfont!
Missing character: There is no 在 ("5728) in font nullfont!
Missing character: There is no 较 ("8F83) in font nullfont!
Missing character: There is no 低 ("4F4E) in font nullfont!
Missing character: There is no 计 ("8BA1) in font nullfont!
Missing character: There is no 算 ("7B97) in font nullfont!
Missing character: There is no 成 ("6210) in font nullfont!
Missing character: There is no 本 ("672C) in font nullfont!
Missing character: There is no 下 ("4E0B) in font nullfont!
Missing character: There is no 获 ("83B7) in font nullfont!
Missing character: There is no 取 ("53D6) in font nullfont!
Missing character: There is no 各 ("5404) in font nullfont!
Missing character: There is no 协 ("534F) in font nullfont!
Missing character: There is no 议 ("8BAE) in font nullfont!
Missing character: There is no 性 ("6027) in font nullfont!
Missing character: There is no 能 ("80FD) in font nullfont!
Missing character: There is no 曲 ("66F2) in font nullfont!
Missing character: There is no 线 ("7EBF) in font nullfont!
Missing character: There is no 的 ("7684) in font nullfont!
Missing character: There is no 全 ("5168) in font nullfont!
Missing character: There is no 局 ("5C40) in font nullfont!
Missing character: There is no 轮 ("8F6E) in font nullfont!
Missing character: There is no 廓 ("5ED3) in font nullfont!
Missing character: There is no 。 ("3002) in font nullfont!
Missing character: There is no 核 ("6838) in font nullfont!
Missing character: There is no 心 ("5FC3) in font nullfont!
Missing character: There is no 原 ("539F) in font nullfont!
Missing character: There is no 则 ("5219) in font nullfont!
Missing character: There is no 是 ("662F) in font nullfont!
Missing character: There is no 按 ("6309) in font nullfont!
Missing character: There is no 协 ("534F) in font nullfont!
Missing character: There is no 议 ("8BAE) in font nullfont!
Missing character: There is no 有 ("6709) in font nullfont!
Missing character: There is no 效 ("6548) in font nullfont!
Missing character: There is no 工 ("5DE5) in font nullfont!
Missing character: There is no 作 ("4F5C) in font nullfont!
Missing character: There is no 区 ("533A) in font nullfont!
Missing character: There is no 间 ("95F4) in font nullfont!
Missing character: There is no 设 ("8BBE) in font nullfont!
Missing character: There is no 置 ("7F6E) in font nullfont!
Missing character: There is no 差 ("5DEE) in font nullfont!
Missing character: There is no 异 ("5F02) in font nullfont!
Missing character: There is no 化 ("5316) in font nullfont!
Missing character: There is no 采 ("91C7) in font nullfont!
Missing character: There is no 样 ("6837) in font nullfont!
Missing character: There is no 范 ("8303) in font nullfont!
Missing character: There is no 围 ("56F4) in font nullfont!
Missing character: There is no ， ("FF0C) in font nullfont!
Missing character: There is no 而 ("800C) in font nullfont!
Missing character: There is no 非 ("975E) in font nullfont!
Missing character: There is no 统 ("7EDF) in font nullfont!
Missing character: There is no 一 ("4E00) in font nullfont!
Missing character: There is no 范 ("8303) in font nullfont!
Missing character: There is no 围 ("56F4) in font nullfont!
Missing character: There is no 。 ("3002) in font nullfont!
Missing character: There is no 具 ("5177) in font nullfont!
Missing character: There is no 体 ("4F53) in font nullfont!
Missing character: There is no 而 ("800C) in font nullfont!
Missing character: There is no 言 ("8A00) in font nullfont!
Missing character: There is no ， ("FF0C) in font nullfont!
Missing character: There is no S ("53) in font nullfont!
Missing character: There is no A ("41) in font nullfont!
Missing character: There is no 的 ("7684) in font nullfont!
Missing character: There is no 理 ("7406) in font nullfont!
Missing character: There is no 论 ("8BBA) in font nullfont!
Missing character: There is no 最 ("6700) in font nullfont!
Missing character: There is no 大 ("5927) in font nullfont!
Missing character: There is no 吞 ("541E) in font nullfont!
Missing character: There is no 吐 ("5410) in font nullfont!
Missing character: There is no 约 ("7EA6) in font nullfont!
Missing character: There is no 为 ("4E3A) in font nullfont!
Missing character: There is no ， ("FF0C) in font nullfont!
Missing character: There is no 因 ("56E0) in font nullfont!
Missing character: There is no 此 ("6B64) in font nullfont!
Missing character: There is no 其 ("5176) in font nullfont!
Missing character: There is no 采 ("91C7) in font nullfont!
Missing character: There is no 样 ("6837) in font nullfont!
Missing character: There is no 点 ("70B9) in font nullfont!
Missing character: There is no 应 ("5E94) in font nullfont!
Missing character: There is no 主 ("4E3B) in font nullfont!
Missing character: There is no 要 ("8981) in font nullfont!
Missing character: There is no 落 ("843D) in font nullfont!
Missing character: There is no 在 ("5728) in font nullfont!
Missing character: There is no ； ("FF1B) in font nullfont!
Missing character: There is no 仅 ("4EC5) in font nullfont!
Missing character: There is no 保 ("4FDD) in font nullfont!
Missing character: There is no 留 ("7559) in font nullfont!
Missing character: There is no 少 ("5C11) in font nullfont!
Missing character: There is no 量 ("91CF) in font nullfont!
Missing character: There is no 的 ("7684) in font nullfont!
Missing character: There is no 样 ("6837) in font nullfont!
Missing character: There is no 本 ("672C) in font nullfont!
Missing character: There is no 点 ("70B9) in font nullfont!
Missing character: There is no 用 ("7528) in font nullfont!
Missing character: There is no 于 ("4E8E) in font nullfont!
Missing character: There is no 刻 ("523B) in font nullfont!
Missing character: There is no 画 ("753B) in font nullfont!
Missing character: There is no 饱 ("9971) in font nullfont!
Missing character: There is no 和 ("548C) in font nullfont!
Missing character: There is no 边 ("8FB9) in font nullfont!
Missing character: There is no 界 ("754C) in font nullfont!
Missing character: There is no 。 ("3002) in font nullfont!
Missing character: There is no S ("53) in font nullfont!
Missing character: There is no A ("41) in font nullfont!
Missing character: There is no S ("53) in font nullfont!
Missing character: There is no T ("54) in font nullfont!
Missing character: There is no 的 ("7684) in font nullfont!
Missing character: There is no 有 ("6709) in font nullfont!
Missing character: There is no 效 ("6548) in font nullfont!
Missing character: There is no 高 ("9AD8) in font nullfont!
Missing character: There is no 吞 ("541E) in font nullfont!
Missing character: There is no 吐 ("5410) in font nullfont!
Missing character: There is no 区 ("533A) in font nullfont!
Missing character: There is no 通 ("901A) in font nullfont!
Missing character: There is no 常 ("5E38) in font nullfont!
Missing character: There is no 延 ("5EF6) in font nullfont!
Missing character: There is no 伸 ("4F38) in font nullfont!
Missing character: There is no 至 ("81F3) in font nullfont!
Missing character: There is no 约 ("7EA6) in font nullfont!
Missing character: There is no 0 ("30) in font nullfont!
Missing character: There is no . ("2E) in font nullfont!
Missing character: There is no 5 ("35) in font nullfont!
Missing character: There is no ， ("FF0C) in font nullfont!
Missing character: There is no 采 ("91C7) in font nullfont!
Missing character: There is no 样 ("6837) in font nullfont!
Missing character: There is no 上 ("4E0A) in font nullfont!
Missing character: There is no 限 ("9650) in font nullfont!
Missing character: There is no 应 ("5E94) in font nullfont!
Missing character: There is no 相 ("76F8) in font nullfont!
Missing character: There is no 应 ("5E94) in font nullfont!
Missing character: There is no 提 ("63D0) in font nullfont!
Missing character: There is no 高 ("9AD8) in font nullfont!
Missing character: There is no 。 ("3002) in font nullfont!
Missing character: There is no C ("43) in font nullfont!
Missing character: There is no B ("42) in font nullfont!
Missing character: There is no A ("41) in font nullfont!
Missing character: There is no 在 ("5728) in font nullfont!
Missing character: There is no 较 ("8F83) in font nullfont!
Missing character: There is no 高 ("9AD8) in font nullfont!
Missing character: There is no 负 ("8D1F) in font nullfont!
Missing character: There is no 载 ("8F7D) in font nullfont!
Missing character: There is no 下 ("4E0B) in font nullfont!
Missing character: There is no 仍 ("4ECD) in font nullfont!
Missing character: There is no 可 ("53EF) in font nullfont!
Missing character: There is no 能 ("80FD) in font nullfont!
Missing character: There is no 保 ("4FDD) in font nullfont!
Missing character: There is no 持 ("6301) in font nullfont!
Missing character: There is no 较 ("8F83) in font nullfont!
Missing character: There is no 好 ("597D) in font nullfont!
Missing character: There is no 吞 ("541E) in font nullfont!
Missing character: There is no 吐 ("5410) in font nullfont!
Missing character: There is no ， ("FF0C) in font nullfont!
Missing character: There is no 其 ("5176) in font nullfont!
Missing character: There is no 上 ("4E0A) in font nullfont!
Missing character: There is no 限 ("9650) in font nullfont!
Missing character: There is no 可 ("53EF) in font nullfont!
Missing character: There is no 进 ("8FDB) in font nullfont!
Missing character: There is no 一 ("4E00) in font nullfont!
Missing character: There is no 步 ("6B65) in font nullfont!
Missing character: There is no 放 ("653E) in font nullfont!
Missing character: There is no 宽 ("5BBD) in font nullfont!
Missing character: There is no ， ("FF0C) in font nullfont!
Missing character: There is no 但 ("4F46) in font nullfont!
Missing character: There is no 仍 ("4ECD) in font nullfont!
Missing character: There is no 以 ("4EE5) in font nullfont!
Missing character: There is no 可 ("53EF) in font nullfont!
Missing character: There is no 工 ("5DE5) in font nullfont!
Missing character: There is no 作 ("4F5C) in font nullfont!
Missing character: There is no 区 ("533A) in font nullfont!
Missing character: There is no 间 ("95F4) in font nullfont!
Missing character: There is no 为 ("4E3A) in font nullfont!
Missing character: There is no 准 ("51C6) in font nullfont!
Missing character: There is no ， ("FF0C) in font nullfont!
Missing character: There is no 避 ("907F) in font nullfont!
Missing character: There is no 免 ("514D) in font nullfont!
Missing character: There is no 无 ("65E0) in font nullfont!
Missing character: There is no 效 ("6548) in font nullfont!
Missing character: There is no 超 ("8D85) in font nullfont!
Missing character: There is no 载 ("8F7D) in font nullfont!
Missing character: There is no 样 ("6837) in font nullfont!
Missing character: There is no 本 ("672C) in font nullfont!
Missing character: There is no 。 ("3002) in font nullfont!
Missing character: There is no 对 ("5BF9) in font nullfont!
Missing character: There is no 于 ("4E8E) in font nullfont!
Missing character: There is no 每 ("6BCF) in font nullfont!
Missing character: There is no 个 ("4E2A) in font nullfont!
Missing character: There is no 粗 ("7C97) in font nullfont!
Missing character: There is no 采 ("91C7) in font nullfont!
Missing character: There is no 样 ("6837) in font nullfont!
Missing character: There is no 点 ("70B9) in font nullfont!
Missing character: There is no ， ("FF0C) in font nullfont!
Missing character: There is no 均 ("5747) in font nullfont!
Missing character: There is no 在 ("5728) in font nullfont!
Missing character: There is no U ("55) in font nullfont!
Missing character: There is no / ("2F) in font nullfont!
Missing character: There is no B ("42) in font nullfont!
Missing character: There is no / ("2F) in font nullfont!
Missing character: There is no P ("50) in font nullfont!
Missing character: There is no 三 ("4E09) in font nullfont!
Missing character: There is no 类 ("7C7B) in font nullfont!
Missing character: There is no 流 ("6D41) in font nullfont!
Missing character: There is no 量 ("91CF) in font nullfont!
Missing character: There is no 下 ("4E0B) in font nullfont!
Missing character: There is no 生 ("751F) in font nullfont!
Missing character: There is no 成 ("6210) in font nullfont!
Missing character: There is no 样 ("6837) in font nullfont!
Missing character: There is no 本 ("672C) in font nullfont!
Missing character: There is no 。 ("3002) in font nullfont!
Missing character: There is no 这 ("8FD9) in font nullfont!
Missing character: There is no 样 ("6837) in font nullfont!
Missing character: There is no 可 ("53EF) in font nullfont!
Missing character: There is no 在 ("5728) in font nullfont!
Missing character: There is no 相 ("76F8) in font nullfont!
Missing character: There is no 同 ("540C) in font nullfont!
Missing character: There is no 平 ("5E73) in font nullfont!
Missing character: There is no 均 ("5747) in font nullfont!
Missing character: There is no 到 ("5230) in font nullfont!
Missing character: There is no 达 ("8FBE) in font nullfont!
Missing character: There is no 率 ("7387) in font nullfont!
Missing character: There is no 下 ("4E0B) in font nullfont!
Missing character: There is no ， ("FF0C) in font nullfont!
Missing character: There is no 显 ("663E) in font nullfont!
Missing character: There is no 式 ("5F0F) in font nullfont!
Missing character: There is no 比 ("6BD4) in font nullfont!
Missing character: There is no 较 ("8F83) in font nullfont!
Missing character: There is no 不 ("4E0D) in font nullfont!
Missing character: There is no 同 ("540C) in font nullfont!
Missing character: There is no 流 ("6D41) in font nullfont!
Missing character: There is no 量 ("91CF) in font nullfont!
Missing character: There is no 形 ("5F62) in font nullfont!
Missing character: There is no 态 ("6001) in font nullfont!
Missing character: There is no 对 ("5BF9) in font nullfont!
Missing character: There is no 协 ("534F) in font nullfont!
Missing character: There is no 议 ("8BAE) in font nullfont!
Missing character: There is no 性 ("6027) in font nullfont!
Missing character: There is no 能 ("80FD) in font nullfont!
Missing character: There is no 的 ("7684) in font nullfont!
Missing character: There is no 影 ("5F71) in font nullfont!
Missing character: There is no 响 ("54CD) in font nullfont!
Missing character: There is no 。 ("3002) in font nullfont!
Missing character: There is no 协 ("534F) in font nullfont!
Missing character: There is no 议 ("8BAE) in font nullfont!
Missing character: There is no 参 ("53C2) in font nullfont!
Missing character: There is no 数 ("6570) in font nullfont!
Missing character: There is no 同 ("540C) in font nullfont!
Missing character: There is no 样 ("6837) in font nullfont!
Missing character: There is no 采 ("91C7) in font nullfont!
Missing character: There is no 用 ("7528) in font nullfont!
Missing character: There is no 分 ("5206) in font nullfont!
Missing character: There is no 协 ("534F) in font nullfont!
Missing character: There is no 议 ("8BAE) in font nullfont!
Missing character: There is no 定 ("5B9A) in font nullfont!
Missing character: There is no 制 ("5236) in font nullfont!
Missing character: There is no 化 ("5316) in font nullfont!
Missing character: There is no 粗 ("7C97) in font nullfont!
Missing character: There is no 采 ("91C7) in font nullfont!
Missing character: There is no 样 ("6837) in font nullfont!
Missing character: There is no ： ("FF1A) in font nullfont!
Missing character: There is no 连 ("8FDE) in font nullfont!
Missing character: There is no 续 ("7EED) in font nullfont!
Missing character: There is no 参 ("53C2) in font nullfont!
Missing character: There is no 数 ("6570) in font nullfont!
Missing character: There is no （ ("FF08) in font nullfont!
Missing character: There is no 如 ("5982) in font nullfont!
Missing character: There is no ） ("FF09) in font nullfont!
Missing character: There is no 做 ("505A) in font nullfont!
Missing character: There is no 稀 ("7A00) in font nullfont!
Missing character: There is no 疏 ("758F) in font nullfont!
Missing character: There is no 均 ("5747) in font nullfont!
Missing character: There is no 匀 ("5300) in font nullfont!
Missing character: There is no 取 ("53D6) in font nullfont!
Missing character: There is no 点 ("70B9) in font nullfont!
Missing character: There is no ， ("FF0C) in font nullfont!
Missing character: There is no 离 ("79BB) in font nullfont!
Missing character: There is no 散 ("6563) in font nullfont!
Missing character: There is no 参 ("53C2) in font nullfont!
Missing character: There is no 数 ("6570) in font nullfont!
Missing character: There is no （ ("FF08) in font nullfont!
Missing character: There is no 如 ("5982) in font nullfont!
Missing character: There is no ） ("FF09) in font nullfont!
Missing character: There is no 遍 ("904D) in font nullfont!
Missing character: There is no 历 ("5386) in font nullfont!
Missing character: There is no 典 ("5178) in font nullfont!
Missing character: There is no 型 ("578B) in font nullfont!
Missing character: There is no 可 ("53EF) in font nullfont!
Missing character: There is no 行 ("884C) in font nullfont!
Missing character: There is no 值 ("503C) in font nullfont!
Missing character: There is no ， ("FF0C) in font nullfont!
Missing character: There is no 二 ("4E8C) in font nullfont!
Missing character: There is no 者 ("8005) in font nullfont!
Missing character: There is no 笛 ("7B1B) in font nullfont!
Missing character: There is no 卡 ("5361) in font nullfont!
Missing character: There is no 尔 ("5C14) in font nullfont!
Missing character: There is no 积 ("79EF) in font nullfont!
Missing character: There is no 形 ("5F62) in font nullfont!
Missing character: There is no 成 ("6210) in font nullfont!
Missing character: There is no 第 ("7B2C) in font nullfont!
Missing character: There is no 一 ("4E00) in font nullfont!
Missing character: There is no 阶 ("9636) in font nullfont!
Missing character: There is no 段 ("6BB5) in font nullfont!
Missing character: There is no 配 ("914D) in font nullfont!
Missing character: There is no 置 ("7F6E) in font nullfont!
Missing character: There is no 集 ("96C6) in font nullfont!
Missing character: There is no 合 ("5408) in font nullfont!
Missing character: There is no 。 ("3002) in font nullfont!
Missing character: There is no 综 ("7EFC) in font nullfont!
Missing character: There is no 上 ("4E0A) in font nullfont!
Missing character: There is no ， ("FF0C) in font nullfont!
Missing character: There is no 第 ("7B2C) in font nullfont!
Missing character: There is no 一 ("4E00) in font nullfont!
Missing character: There is no 阶 ("9636) in font nullfont!
Missing character: There is no 段 ("6BB5) in font nullfont!
Missing character: There is no 样 ("6837) in font nullfont!
Missing character: There is no 本 ("672C) in font nullfont!
Missing character: There is no 由 ("7531) in font nullfont!
Missing character: There is no 协 ("534F) in font nullfont!
Missing character: There is no 议 ("8BAE) in font nullfont!
Missing character: There is no 类 ("7C7B) in font nullfont!
Missing character: There is no 型 ("578B) in font nullfont!
Missing character: There is no ， ("FF0C) in font nullfont!
Missing character: There is no 流 ("6D41) in font nullfont!
Missing character: There is no 量 ("91CF) in font nullfont!
Missing character: There is no 强 ("5F3A) in font nullfont!
Missing character: There is no 度 ("5EA6) in font nullfont!
Missing character: There is no 粗 ("7C97) in font nullfont!
Missing character: There is no 网 ("7F51) in font nullfont!
Missing character: There is no 格 ("683C) in font nullfont!
Missing character: There is no ， ("FF0C) in font nullfont!
Missing character: There is no 协 ("534F) in font nullfont!
Missing character: There is no 议 ("8BAE) in font nullfont!
Missing character: There is no 参 ("53C2) in font nullfont!
Missing character: There is no 数 ("6570) in font nullfont!
Missing character: There is no 粗 ("7C97) in font nullfont!
Missing character: There is no 网 ("7F51) in font nullfont!
Missing character: There is no 格 ("683C) in font nullfont!
Missing character: There is no ， ("FF0C) in font nullfont!
Missing character: There is no 三 ("4E09) in font nullfont!
Missing character: There is no 类 ("7C7B) in font nullfont!
Missing character: There is no 流 ("6D41) in font nullfont!
Missing character: There is no 量 ("91CF) in font nullfont!
Missing character: There is no 形 ("5F62) in font nullfont!
Missing character: There is no 态 ("6001) in font nullfont!
Missing character: There is no 组 ("7EC4) in font nullfont!
Missing character: There is no 成 ("6210) in font nullfont!
Missing character: There is no 。 ("3002) in font nullfont!
Missing character: There is no 基 ("57FA) in font nullfont!
Missing character: There is no 于 ("4E8E) in font nullfont!
Missing character: There is no 该 ("8BE5) in font nullfont!
Missing character: There is no 阶 ("9636) in font nullfont!
Missing character: There is no 段 ("6BB5) in font nullfont!
Missing character: There is no 结 ("7ED3) in font nullfont!
Missing character: There is no 果 ("679C) in font nullfont!
Missing character: There is no 可 ("53EF) in font nullfont!
Missing character: There is no 定 ("5B9A) in font nullfont!
Missing character: There is no 位 ("4F4D) in font nullfont!
Missing character: There is no 各 ("5404) in font nullfont!
Missing character: There is no 协 ("534F) in font nullfont!
Missing character: There is no 议 ("8BAE) in font nullfont!
Missing character: There is no 在 ("5728) in font nullfont!
Missing character: There is no 不 ("4E0D) in font nullfont!
Missing character: There is no 同 ("540C) in font nullfont!
Missing character: There is no 流 ("6D41) in font nullfont!
Missing character: There is no 量 ("91CF) in font nullfont!
Missing character: There is no 形 ("5F62) in font nullfont!
Missing character: There is no 态 ("6001) in font nullfont!
Missing character: There is no 下 ("4E0B) in font nullfont!
Missing character: There is no 的 ("7684) in font nullfont!
Missing character: There is no 峰 ("5CF0) in font nullfont!
Missing character: There is no 值 ("503C) in font nullfont!
Missing character: There is no 区 ("533A) in font nullfont!
Missing character: There is no 与 ("4E0E) in font nullfont!
Missing character: There is no 性 ("6027) in font nullfont!
Missing character: There is no 能 ("80FD) in font nullfont!
Missing character: There is no 转 ("8F6C) in font nullfont!
Missing character: There is no 折 ("6298) in font nullfont!
Missing character: There is no 区 ("533A) in font nullfont!
Missing character: There is no 。 ("3002) in font nullfont!

Overfull \hbox (20.0pt too wide) in paragraph at lines 247--251
[]
 []


Overfull \hbox (5.83336pt too wide) in paragraph at lines 247--251
[]$
 []


Overfull \hbox (25.2118pt too wide) in paragraph at lines 247--251
\OT1/cmr/m/n/10 1\OML/cmm/m/it/10 =e \OMS/cmsy/m/n/10 ^^Y
 []


Overfull \hbox (22.77785pt too wide) in paragraph at lines 247--251
\OT1/cmr/m/n/10 0\OML/cmm/m/it/10 :\OT1/cmr/m/n/10 368$
 []


Overfull \hbox (29.6563pt too wide) in paragraph at lines 247--251
\OT1/cmr/m/n/10 [0\OML/cmm/m/it/10 ; \OT1/cmr/m/n/10 1\OML/cmm/m/it/10 =e\OT1/c
mr/m/n/10 ]$
 []


Overfull \hbox (7.7778pt too wide) in paragraph at lines 247--251
\OML/cmm/m/it/10 >
 []


Overfull \hbox (14.6563pt too wide) in paragraph at lines 247--251
\OT1/cmr/m/n/10 1\OML/cmm/m/it/10 =e$
 []


Overfull \hbox (4.8229pt too wide) in paragraph at lines 247--251
\OML/cmm/m/it/10 q$
 []


Overfull \hbox (10.79166pt too wide) in paragraph at lines 247--251
\OML/cmm/m/it/10 M$
 []


! LaTeX Error: Missing \begin{document}.

See the LaTeX manual or LaTeX Companion for explanation.
Type  H <return>  for immediate help.
 ...                                              
                                                  
l.252 第
       二阶段为峰值区域细采样，其主要目的是在关键区域进一步提高采样分辨率。做法是：根据第一阶段曲线，为每种协议在每类流量形态下确定峰值区间与转折...

You're in trouble here.  Try typing  <return>  to proceed.
If that doesn't work, type  X <return>  to quit.

Missing character: There is no 第 ("7B2C) in font nullfont!
Missing character: There is no 二 ("4E8C) in font nullfont!
Missing character: There is no 阶 ("9636) in font nullfont!
Missing character: There is no 段 ("6BB5) in font nullfont!
Missing character: There is no 为 ("4E3A) in font nullfont!
Missing character: There is no 峰 ("5CF0) in font nullfont!
Missing character: There is no 值 ("503C) in font nullfont!
Missing character: There is no 区 ("533A) in font nullfont!
Missing character: There is no 域 ("57DF) in font nullfont!
Missing character: There is no 细 ("7EC6) in font nullfont!
Missing character: There is no 采 ("91C7) in font nullfont!
Missing character: There is no 样 ("6837) in font nullfont!
Missing character: There is no ， ("FF0C) in font nullfont!
Missing character: There is no 其 ("5176) in font nullfont!
Missing character: There is no 主 ("4E3B) in font nullfont!
Missing character: There is no 要 ("8981) in font nullfont!
Missing character: There is no 目 ("76EE) in font nullfont!
Missing character: There is no 的 ("7684) in font nullfont!
Missing character: There is no 是 ("662F) in font nullfont!
Missing character: There is no 在 ("5728) in font nullfont!
Missing character: There is no 关 ("5173) in font nullfont!
Missing character: There is no 键 ("952E) in font nullfont!
Missing character: There is no 区 ("533A) in font nullfont!
Missing character: There is no 域 ("57DF) in font nullfont!
Missing character: There is no 进 ("8FDB) in font nullfont!
Missing character: There is no 一 ("4E00) in font nullfont!
Missing character: There is no 步 ("6B65) in font nullfont!
Missing character: There is no 提 ("63D0) in font nullfont!
Missing character: There is no 高 ("9AD8) in font nullfont!
Missing character: There is no 采 ("91C7) in font nullfont!
Missing character: There is no 样 ("6837) in font nullfont!
Missing character: There is no 分 ("5206) in font nullfont!
Missing character: There is no 辨 ("8FA8) in font nullfont!
Missing character: There is no 率 ("7387) in font nullfont!
Missing character: There is no 。 ("3002) in font nullfont!
Missing character: There is no 做 ("505A) in font nullfont!
Missing character: There is no 法 ("6CD5) in font nullfont!
Missing character: There is no 是 ("662F) in font nullfont!
Missing character: There is no ： ("FF1A) in font nullfont!
Missing character: There is no 根 ("6839) in font nullfont!
Missing character: There is no 据 ("636E) in font nullfont!
Missing character: There is no 第 ("7B2C) in font nullfont!
Missing character: There is no 一 ("4E00) in font nullfont!
Missing character: There is no 阶 ("9636) in font nullfont!
Missing character: There is no 段 ("6BB5) in font nullfont!
Missing character: There is no 曲 ("66F2) in font nullfont!
Missing character: There is no 线 ("7EBF) in font nullfont!
Missing character: There is no ， ("FF0C) in font nullfont!
Missing character: There is no 为 ("4E3A) in font nullfont!
Missing character: There is no 每 ("6BCF) in font nullfont!
Missing character: There is no 种 ("79CD) in font nullfont!
Missing character: There is no 协 ("534F) in font nullfont!
Missing character: There is no 议 ("8BAE) in font nullfont!
Missing character: There is no 在 ("5728) in font nullfont!
Missing character: There is no 每 ("6BCF) in font nullfont!
Missing character: There is no 类 ("7C7B) in font nullfont!
Missing character: There is no 流 ("6D41) in font nullfont!
Missing character: There is no 量 ("91CF) in font nullfont!
Missing character: There is no 形 ("5F62) in font nullfont!
Missing character: There is no 态 ("6001) in font nullfont!
Missing character: There is no 下 ("4E0B) in font nullfont!
Missing character: There is no 确 ("786E) in font nullfont!
Missing character: There is no 定 ("5B9A) in font nullfont!
Missing character: There is no 峰 ("5CF0) in font nullfont!
Missing character: There is no 值 ("503C) in font nullfont!
Missing character: There is no 区 ("533A) in font nullfont!
Missing character: There is no 间 ("95F4) in font nullfont!
Missing character: There is no 与 ("4E0E) in font nullfont!
Missing character: There is no 转 ("8F6C) in font nullfont!
Missing character: There is no 折 ("6298) in font nullfont!
Missing character: There is no 区 ("533A) in font nullfont!
Missing character: There is no 间 ("95F4) in font nullfont!
Missing character: There is no ， ("FF0C) in font nullfont!
Missing character: There is no 然 ("7136) in font nullfont!
Missing character: There is no 后 ("540E) in font nullfont!
Missing character: There is no 对 ("5BF9) in font nullfont!
Missing character: There is no 采 ("91C7) in font nullfont!
Missing character: There is no 用 ("7528) in font nullfont!
Missing character: There is no 更 ("66F4) in font nullfont!
Missing character: There is no 小 ("5C0F) in font nullfont!
Missing character: There is no 步 ("6B65) in font nullfont!
Missing character: There is no 长 ("957F) in font nullfont!
Missing character: There is no 局 ("5C40) in font nullfont!
Missing character: There is no 部 ("90E8) in font nullfont!
Missing character: There is no 细 ("7EC6) in font nullfont!
Missing character: There is no 化 ("5316) in font nullfont!
Missing character: There is no 。 ("3002) in font nullfont!
Missing character: There is no 细 ("7EC6) in font nullfont!
Missing character: There is no 采 ("91C7) in font nullfont!
Missing character: There is no 样 ("6837) in font nullfont!
Missing character: There is no 不 ("4E0D) in font nullfont!
Missing character: There is no 仅 ("4EC5) in font nullfont!
Missing character: There is no 作 ("4F5C) in font nullfont!
Missing character: There is no 用 ("7528) in font nullfont!
Missing character: There is no 于 ("4E8E) in font nullfont!
Missing character: There is no ， ("FF0C) in font nullfont!
Missing character: There is no 也 ("4E5F) in font nullfont!
Missing character: There is no 同 ("540C) in font nullfont!
Missing character: There is no 时 ("65F6) in font nullfont!
Missing character: There is no 作 ("4F5C) in font nullfont!
Missing character: There is no 用 ("7528) in font nullfont!
Missing character: There is no 于 ("4E8E) in font nullfont!
Missing character: There is no 协 ("534F) in font nullfont!
Missing character: There is no 议 ("8BAE) in font nullfont!
Missing character: There is no 参 ("53C2) in font nullfont!
Missing character: There is no 数 ("6570) in font nullfont!
Missing character: There is no 。 ("3002) in font nullfont!
Missing character: There is no 即 ("5373) in font nullfont!
Missing character: There is no 在 ("5728) in font nullfont!
Missing character: There is no 关 ("5173) in font nullfont!
Missing character: There is no 键 ("952E) in font nullfont!
Missing character: There is no 流 ("6D41) in font nullfont!
Missing character: There is no 量 ("91CF) in font nullfont!
Missing character: There is no 区 ("533A) in font nullfont!
Missing character: There is no 间 ("95F4) in font nullfont!
Missing character: There is no 内 ("5185) in font nullfont!
Missing character: There is no ， ("FF0C) in font nullfont!
Missing character: There is no 对 ("5BF9) in font nullfont!
Missing character: There is no 关 ("5173) in font nullfont!
Missing character: There is no 键 ("952E) in font nullfont!
Missing character: There is no 参 ("53C2) in font nullfont!
Missing character: There is no 数 ("6570) in font nullfont!
Missing character: There is no （ ("FF08) in font nullfont!
Missing character: There is no 如 ("5982) in font nullfont!
Missing character: There is no 、 ("3001) in font nullfont!
Missing character: There is no ） ("FF09) in font nullfont!
Missing character: There is no 同 ("540C) in font nullfont!
Missing character: There is no 步 ("6B65) in font nullfont!
Missing character: There is no 加 ("52A0) in font nullfont!
Missing character: There is no 密 ("5BC6) in font nullfont!
Missing character: There is no ， ("FF0C) in font nullfont!
Missing character: There is no 以 ("4EE5) in font nullfont!
Missing character: There is no 提 ("63D0) in font nullfont!
Missing character: There is no 升 ("5347) in font nullfont!
Missing character: There is no 最 ("6700) in font nullfont!
Missing character: There is no 优 ("4F18) in font nullfont!
Missing character: There is no 点 ("70B9) in font nullfont!
Missing character: There is no 邻 ("90BB) in font nullfont!
Missing character: There is no 域 ("57DF) in font nullfont!
Missing character: There is no 的 ("7684) in font nullfont!
Missing character: There is no 分 ("5206) in font nullfont!
Missing character: There is no 辨 ("8FA8) in font nullfont!
Missing character: There is no 率 ("7387) in font nullfont!
Missing character: There is no 。 ("3002) in font nullfont!
Missing character: There is no 第 ("7B2C) in font nullfont!
Missing character: There is no 二 ("4E8C) in font nullfont!
Missing character: There is no 阶 ("9636) in font nullfont!
Missing character: There is no 段 ("6BB5) in font nullfont!
Missing character: There is no 样 ("6837) in font nullfont!
Missing character: There is no 本 ("672C) in font nullfont!
Missing character: There is no 量 ("91CF) in font nullfont!
Missing character: There is no 按 ("6309) in font nullfont!
Missing character: There is no 协 ("534F) in font nullfont!
Missing character: There is no 议 ("8BAE) in font nullfont!
Missing character: There is no 关 ("5173) in font nullfont!
Missing character: There is no 键 ("952E) in font nullfont!
Missing character: There is no 区 ("533A) in font nullfont!
Missing character: There is no 间 ("95F4) in font nullfont!
Missing character: There is no 宽 ("5BBD) in font nullfont!
Missing character: There is no 度 ("5EA6) in font nullfont!
Missing character: There is no 自 ("81EA) in font nullfont!
Missing character: There is no 适 ("9002) in font nullfont!
Missing character: There is no 应 ("5E94) in font nullfont!
Missing character: There is no 确 ("786E) in font nullfont!
Missing character: There is no 定 ("5B9A) in font nullfont!
Missing character: There is no 。 ("3002) in font nullfont!
Missing character: There is no 最 ("6700) in font nullfont!
Missing character: There is no 终 ("7EC8) in font nullfont!
Missing character: There is no 将 ("5C06) in font nullfont!
Missing character: There is no 两 ("4E24) in font nullfont!
Missing character: There is no 阶 ("9636) in font nullfont!
Missing character: There is no 段 ("6BB5) in font nullfont!
Missing character: There is no 样 ("6837) in font nullfont!
Missing character: There is no 本 ("672C) in font nullfont!
Missing character: There is no 合 ("5408) in font nullfont!
Missing character: There is no 并 ("5E76) in font nullfont!
Missing character: There is no 形 ("5F62) in font nullfont!
Missing character: There is no 成 ("6210) in font nullfont!
Missing character: There is no 训 ("8BAD) in font nullfont!
Missing character: There is no 练 ("7EC3) in font nullfont!
Missing character: There is no 集 ("96C6) in font nullfont!
Missing character: There is no ： ("FF1A) in font nullfont!
Missing character: There is no 第 ("7B2C) in font nullfont!
Missing character: There is no 一 ("4E00) in font nullfont!
Missing character: There is no 阶 ("9636) in font nullfont!
Missing character: There is no 段 ("6BB5) in font nullfont!
Missing character: There is no 保 ("4FDD) in font nullfont!
Missing character: There is no 证 ("8BC1) in font nullfont!
Missing character: There is no 全 ("5168) in font nullfont!
Missing character: There is no 局 ("5C40) in font nullfont!
Missing character: There is no 覆 ("8986) in font nullfont!
Missing character: There is no 盖 ("76D6) in font nullfont!
Missing character: There is no ， ("FF0C) in font nullfont!
Missing character: There is no 第 ("7B2C) in font nullfont!
Missing character: There is no 二 ("4E8C) in font nullfont!
Missing character: There is no 阶 ("9636) in font nullfont!
Missing character: There is no 段 ("6BB5) in font nullfont!
Missing character: There is no 强 ("5F3A) in font nullfont!
Missing character: There is no 化 ("5316) in font nullfont!
Missing character: There is no 关 ("5173) in font nullfont!
Missing character: There is no 键 ("952E) in font nullfont!
Missing character: There is no 区 ("533A) in font nullfont!
Missing character: There is no 域 ("57DF) in font nullfont!
Missing character: There is no 。 ("3002) in font nullfont!
Missing character: There is no 与 ("4E0E) in font nullfont!
Missing character: There is no 全 ("5168) in font nullfont!
Missing character: There is no 空 ("7A7A) in font nullfont!
Missing character: There is no 间 ("95F4) in font nullfont!
Missing character: There is no 均 ("5747) in font nullfont!
Missing character: There is no 匀 ("5300) in font nullfont!
Missing character: There is no 细 ("7EC6) in font nullfont!
Missing character: There is no 采 ("91C7) in font nullfont!
Missing character: There is no 样 ("6837) in font nullfont!
Missing character: There is no 相 ("76F8) in font nullfont!
Missing character: There is no 比 ("6BD4) in font nullfont!
Missing character: There is no ， ("FF0C) in font nullfont!
Missing character: There is no 该 ("8BE5) in font nullfont!
Missing character: There is no 策 ("7B56) in font nullfont!
Missing character: There is no 略 ("7565) in font nullfont!
Missing character: There is no 在 ("5728) in font nullfont!
Missing character: There is no 控 ("63A7) in font nullfont!
Missing character: There is no 制 ("5236) in font nullfont!
Missing character: There is no 样 ("6837) in font nullfont!
Missing character: There is no 本 ("672C) in font nullfont!
Missing character: There is no 规 ("89C4) in font nullfont!
Missing character: There is no 模 ("6A21) in font nullfont!
Missing character: There is no 的 ("7684) in font nullfont!
Missing character: There is no 同 ("540C) in font nullfont!
Missing character: There is no 时 ("65F6) in font nullfont!
Missing character: There is no 提 ("63D0) in font nullfont!
Missing character: There is no 高 ("9AD8) in font nullfont!
Missing character: There is no 了 ("4E86) in font nullfont!
Missing character: There is no 最 ("6700) in font nullfont!
Missing character: There is no 优 ("4F18) in font nullfont!
Missing character: There is no 工 ("5DE5) in font nullfont!
Missing character: There is no 作 ("4F5C) in font nullfont!
Missing character: There is no 点 ("70B9) in font nullfont!
Missing character: There is no 附 ("9644) in font nullfont!
Missing character: There is no 近 ("8FD1) in font nullfont!
Missing character: There is no 的 ("7684) in font nullfont!
Missing character: There is no 建 ("5EFA) in font nullfont!
Missing character: There is no 模 ("6A21) in font nullfont!
Missing character: There is no 精 ("7CBE) in font nullfont!
Missing character: There is no 度 ("5EA6) in font nullfont!
Missing character: There is no 。 ("3002) in font nullfont!

Overfull \hbox (20.0pt too wide) in paragraph at lines 252--255
[]
 []


Overfull \hbox (5.83336pt too wide) in paragraph at lines 252--255
[]$
 []


Overfull \hbox (5.83336pt too wide) in paragraph at lines 252--255
[]$
 []


Overfull \hbox (15.61456pt too wide) in paragraph at lines 252--255
\OML/cmm/m/it/10 q$$M$
 []

! Undefined control sequence.
l.283 \subsection
                 {统一仿真器的设计与实现}
The control sequence at the end of the top line
of your error message was never \def'ed. If you have
misspelled it (e.g., `\hobx'), type `I' and the correct
spelling (e.g., `I\hbox'). Otherwise just continue,
and I'll forget about whatever was undefined.


! LaTeX Error: Missing \begin{document}.

See the LaTeX manual or LaTeX Companion for explanation.
Type  H <return>  for immediate help.
 ...                                              
                                                  
l.283 \subsection{统
                   一仿真器的设计与实现}
You're in trouble here.  Try typing  <return>  to proceed.
If that doesn't work, type  X <return>  to quit.

Missing character: There is no 统 ("7EDF) in font nullfont!
Missing character: There is no 一 ("4E00) in font nullfont!
Missing character: There is no 仿 ("4EFF) in font nullfont!
Missing character: There is no 真 ("771F) in font nullfont!
Missing character: There is no 器 ("5668) in font nullfont!
Missing character: There is no 的 ("7684) in font nullfont!
Missing character: There is no 设 ("8BBE) in font nullfont!
Missing character: There is no 计 ("8BA1) in font nullfont!
Missing character: There is no 与 ("4E0E) in font nullfont!
Missing character: There is no 实 ("5B9E) in font nullfont!
Missing character: There is no 现 ("73B0) in font nullfont!

Overfull \hbox (20.0pt too wide) in paragraph at lines 283--285
[]
 []


! LaTeX Error: Missing \begin{document}.

See the LaTeX manual or LaTeX Companion for explanation.
Type  H <return>  for immediate help.
 ...                                              
                                                  
l.286 统
       一仿真器 $S(\cdot)$ 是连接输入配置与性能指标的核心映射模块，其设计需同时满足多协议支持、精确性与可扩展性要求。本文基于离散事件...

You're in trouble here.  Try typing  <return>  to proceed.
If that doesn't work, type  X <return>  to quit.

Missing character: There is no 统 ("7EDF) in font nullfont!
Missing character: There is no 一 ("4E00) in font nullfont!
Missing character: There is no 仿 ("4EFF) in font nullfont!
Missing character: There is no 真 ("771F) in font nullfont!
Missing character: There is no 器 ("5668) in font nullfont!
Missing character: There is no 是 ("662F) in font nullfont!
Missing character: There is no 连 ("8FDE) in font nullfont!
Missing character: There is no 接 ("63A5) in font nullfont!
Missing character: There is no 输 ("8F93) in font nullfont!
Missing character: There is no 入 ("5165) in font nullfont!
Missing character: There is no 配 ("914D) in font nullfont!
Missing character: There is no 置 ("7F6E) in font nullfont!
Missing character: There is no 与 ("4E0E) in font nullfont!
Missing character: There is no 性 ("6027) in font nullfont!
Missing character: There is no 能 ("80FD) in font nullfont!
Missing character: There is no 指 ("6307) in font nullfont!
Missing character: There is no 标 ("6807) in font nullfont!
Missing character: There is no 的 ("7684) in font nullfont!
Missing character: There is no 核 ("6838) in font nullfont!
Missing character: There is no 心 ("5FC3) in font nullfont!
Missing character: There is no 映 ("6620) in font nullfont!
Missing character: There is no 射 ("5C04) in font nullfont!
Missing character: There is no 模 ("6A21) in font nullfont!
Missing character: There is no 块 ("5757) in font nullfont!
Missing character: There is no ， ("FF0C) in font nullfont!
Missing character: There is no 其 ("5176) in font nullfont!
Missing character: There is no 设 ("8BBE) in font nullfont!
Missing character: There is no 计 ("8BA1) in font nullfont!
Missing character: There is no 需 ("9700) in font nullfont!
Missing character: There is no 同 ("540C) in font nullfont!
Missing character: There is no 时 ("65F6) in font nullfont!
Missing character: There is no 满 ("6EE1) in font nullfont!
Missing character: There is no 足 ("8DB3) in font nullfont!
Missing character: There is no 多 ("591A) in font nullfont!
Missing character: There is no 协 ("534F) in font nullfont!
Missing character: There is no 议 ("8BAE) in font nullfont!
Missing character: There is no 支 ("652F) in font nullfont!
Missing character: There is no 持 ("6301) in font nullfont!
Missing character: There is no 、 ("3001) in font nullfont!
Missing character: There is no 精 ("7CBE) in font nullfont!
Missing character: There is no 确 ("786E) in font nullfont!
Missing character: There is no 性 ("6027) in font nullfont!
Missing character: There is no 与 ("4E0E) in font nullfont!
Missing character: There is no 可 ("53EF) in font nullfont!
Missing character: There is no 扩 ("6269) in font nullfont!
Missing character: There is no 展 ("5C55) in font nullfont!
Missing character: There is no 性 ("6027) in font nullfont!
Missing character: There is no 要 ("8981) in font nullfont!
Missing character: There is no 求 ("6C42) in font nullfont!
Missing character: There is no 。 ("3002) in font nullfont!
Missing character: There is no 本 ("672C) in font nullfont!
Missing character: There is no 文 ("6587) in font nullfont!
Missing character: There is no 基 ("57FA) in font nullfont!
Missing character: There is no 于 ("4E8E) in font nullfont!
Missing character: There is no 离 ("79BB) in font nullfont!
Missing character: There is no 散 ("6563) in font nullfont!
Missing character: There is no 事 ("4E8B) in font nullfont!
Missing character: There is no 件 ("4EF6) in font nullfont!
Missing character: There is no 仿 ("4EFF) in font nullfont!
Missing character: There is no 真 ("771F) in font nullfont!
Missing character: There is no 框 ("6846) in font nullfont!
Missing character: There is no 架 ("67B6) in font nullfont!
Missing character: There is no 采 ("91C7) in font nullfont!
Missing character: There is no 用 ("7528) in font nullfont!
Missing character: There is no 模 ("6A21) in font nullfont!
Missing character: There is no 块 ("5757) in font nullfont!
Missing character: There is no 化 ("5316) in font nullfont!
Missing character: There is no 设 ("8BBE) in font nullfont!
Missing character: There is no 计 ("8BA1) in font nullfont!
Missing character: There is no 实 ("5B9E) in font nullfont!
Missing character: There is no 现 ("73B0) in font nullfont!
Missing character: There is no 该 ("8BE5) in font nullfont!
Missing character: There is no 仿 ("4EFF) in font nullfont!
Missing character: There is no 真 ("771F) in font nullfont!
Missing character: There is no 器 ("5668) in font nullfont!
Missing character: There is no ， ("FF0C) in font nullfont!
Missing character: There is no 通 ("901A) in font nullfont!
Missing character: There is no 过 ("8FC7) in font nullfont!
Missing character: There is no 各 ("5404) in font nullfont!
Missing character: There is no 模 ("6A21) in font nullfont!
Missing character: There is no 块 ("5757) in font nullfont!
Missing character: There is no 的 ("7684) in font nullfont!
Missing character: There is no 协 ("534F) in font nullfont!
Missing character: There is no 调 ("8C03) in font nullfont!
Missing character: There is no 完 ("5B8C) in font nullfont!
Missing character: There is no 成 ("6210) in font nullfont!
Missing character: There is no 对 ("5BF9) in font nullfont!
Missing character: There is no 三 ("4E09) in font nullfont!
Missing character: There is no 种 ("79CD) in font nullfont!
Missing character: There is no 随 ("968F) in font nullfont!
Missing character: There is no 机 ("673A) in font nullfont!
Missing character: There is no 接 ("63A5) in font nullfont!
Missing character: There is no 入 ("5165) in font nullfont!
Missing character: There is no 协 ("534F) in font nullfont!
Missing character: There is no 议 ("8BAE) in font nullfont!
Missing character: There is no 的 ("7684) in font nullfont!
Missing character: There is no 统 ("7EDF) in font nullfont!
Missing character: There is no 一 ("4E00) in font nullfont!
Missing character: There is no 建 ("5EFA) in font nullfont!
Missing character: There is no 模 ("6A21) in font nullfont!
Missing character: There is no 与 ("4E0E) in font nullfont!
Missing character: There is no 性 ("6027) in font nullfont!
Missing character: There is no 能 ("80FD) in font nullfont!
Missing character: There is no 评 ("8BC4) in font nullfont!
Missing character: There is no 估 ("4F30) in font nullfont!
Missing character: There is no 。 ("3002) in font nullfont!

Overfull \hbox (20.0pt too wide) in paragraph at lines 286--287
[]
 []


Overfull \hbox (17.2639pt too wide) in paragraph at lines 286--287
\OML/cmm/m/it/10 S\OT1/cmr/m/n/10 (\OMS/cmsy/m/n/10 ^^A\OT1/cmr/m/n/10 )$
 []


! LaTeX Error: Missing \begin{document}.

See the LaTeX manual or LaTeX Companion for explanation.
Type  H <return>  for immediate help.
 ...                                              
                                                  
l.288 统
       一仿真器采用分层模块化架构，包含以下核心组件：
You're in trouble here.  Try typing  <return>  to proceed.
If that doesn't work, type  X <return>  to quit.

Missing character: There is no 统 ("7EDF) in font nullfont!
Missing character: There is no 一 ("4E00) in font nullfont!
Missing character: There is no 仿 ("4EFF) in font nullfont!
Missing character: There is no 真 ("771F) in font nullfont!
Missing character: There is no 器 ("5668) in font nullfont!
Missing character: There is no 采 ("91C7) in font nullfont!
Missing character: There is no 用 ("7528) in font nullfont!
Missing character: There is no 分 ("5206) in font nullfont!
Missing character: There is no 层 ("5C42) in font nullfont!
Missing character: There is no 模 ("6A21) in font nullfont!
Missing character: There is no 块 ("5757) in font nullfont!
Missing character: There is no 化 ("5316) in font nullfont!
Missing character: There is no 架 ("67B6) in font nullfont!
Missing character: There is no 构 ("6784) in font nullfont!
Missing character: There is no ， ("FF0C) in font nullfont!
Missing character: There is no 包 ("5305) in font nullfont!
Missing character: There is no 含 ("542B) in font nullfont!
Missing character: There is no 以 ("4EE5) in font nullfont!
Missing character: There is no 下 ("4E0B) in font nullfont!
Missing character: There is no 核 ("6838) in font nullfont!
Missing character: There is no 心 ("5FC3) in font nullfont!
Missing character: There is no 组 ("7EC4) in font nullfont!
Missing character: There is no 件 ("4EF6) in font nullfont!
Missing character: There is no ： ("FF1A) in font nullfont!

Overfull \hbox (20.0pt too wide) in paragraph at lines 288--289
[] 
 []


! LaTeX Error: Missing \begin{document}.

See the LaTeX manual or LaTeX Companion for explanation.
Type  H <return>  for immediate help.
 ...                                              
                                                  
l.290 \begin{itemize}
                     [leftmargin=*]
You're in trouble here.  Try typing  <return>  to proceed.
If that doesn't work, type  X <return>  to quit.


Overfull \hbox (20.0pt too wide) in paragraph at lines 290--290
[] 
 []


! LaTeX Error: Missing \begin{document}.

See the LaTeX manual or LaTeX Companion for explanation.
Type  H <return>  for immediate help.
 ...                                              
                                                  
l.290 \begin{itemize}[
                      leftmargin=*]
You're in trouble here.  Try typing  <return>  to proceed.
If that doesn't work, type  X <return>  to quit.

Missing character: There is no [ ("5B) in font nullfont!
Missing character: There is no l ("6C) in font nullfont!
Missing character: There is no e ("65) in font nullfont!
Missing character: There is no f ("66) in font nullfont!
Missing character: There is no t ("74) in font nullfont!
Missing character: There is no m ("6D) in font nullfont!
Missing character: There is no a ("61) in font nullfont!
Missing character: There is no r ("72) in font nullfont!
Missing character: There is no g ("67) in font nullfont!
Missing character: There is no i ("69) in font nullfont!
Missing character: There is no n ("6E) in font nullfont!
Missing character: There is no = ("3D) in font nullfont!
Missing character: There is no * ("2A) in font nullfont!
Missing character: There is no ] ("5D) in font nullfont!

! LaTeX Error: Something's wrong--perhaps a missing \item.

See the LaTeX manual or LaTeX Companion for explanation.
Type  H <return>  for immediate help.
 ...                                              
                                                  
l.291 ^^I\item \textbf
                      {配置解析模块}：解析统一输入向量 $\mathbf{X}_{\mathrm{in}}$，提取网络参数 $\...

Try typing  <return>  to proceed.
If that doesn't work, type  X <return>  to quit.


! LaTeX Error: Something's wrong--perhaps a missing \item.

See the LaTeX manual or LaTeX Companion for explanation.
Type  H <return>  for immediate help.
 ...                                              
                                                  
l.291 ^^I\item \textbf
                      {配置解析模块}：解析统一输入向量 $\mathbf{X}_{\mathrm{in}}$，提取网络参数 $\...

Try typing  <return>  to proceed.
If that doesn't work, type  X <return>  to quit.


! LaTeX Error: Something's wrong--perhaps a missing \item.

See the LaTeX manual or LaTeX Companion for explanation.
Type  H <return>  for immediate help.
 ...                                              
                                                  
l.291 ^^I\item \textbf
                      {配置解析模块}：解析统一输入向量 $\mathbf{X}_{\mathrm{in}}$，提取网络参数 $\...

Try typing  <return>  to proceed.
If that doesn't work, type  X <return>  to quit.

Missing character: There is no 配 (U+914D) in font [lmroman10-bold]:mapping=tex-
text;!
Missing character: There is no 置 (U+7F6E) in font [lmroman10-bold]:mapping=tex-
text;!
Missing character: There is no 解 (U+89E3) in font [lmroman10-bold]:mapping=tex-
text;!
Missing character: There is no 析 (U+6790) in font [lmroman10-bold]:mapping=tex-
text;!
Missing character: There is no 模 (U+6A21) in font [lmroman10-bold]:mapping=tex-
text;!
Missing character: There is no 块 (U+5757) in font [lmroman10-bold]:mapping=tex-
text;!
Missing character: There is no ： ("FF1A) in font nullfont!
Missing character: There is no 解 ("89E3) in font nullfont!
Missing character: There is no 析 ("6790) in font nullfont!
Missing character: There is no 统 ("7EDF) in font nullfont!
Missing character: There is no 一 ("4E00) in font nullfont!
Missing character: There is no 输 ("8F93) in font nullfont!
Missing character: There is no 入 ("5165) in font nullfont!
Missing character: There is no 向 ("5411) in font nullfont!
Missing character: There is no 量 ("91CF) in font nullfont!
Missing character: There is no ， ("FF0C) in font nullfont!
Missing character: There is no 提 ("63D0) in font nullfont!
Missing character: There is no 取 ("53D6) in font nullfont!
Missing character: There is no 网 ("7F51) in font nullfont!
Missing character: There is no 络 ("7EDC) in font nullfont!
Missing character: There is no 参 ("53C2) in font nullfont!
Missing character: There is no 数 ("6570) in font nullfont!
! Undefined control sequence.
l.291 ..._{\mathrm{in}}$，提取网络参数 $\mathbf{x}_{\text
                                                  {common}}$、流量特征向量 $\mathbf...
The control sequence at the end of the top line
of your error message was never \def'ed. If you have
misspelled it (e.g., `\hobx'), type `I' and the correct
spelling (e.g., `I\hbox'). Otherwise just continue,
and I'll forget about whatever was undefined.

Missing character: There is no 、 ("3001) in font nullfont!
Missing character: There is no 流 ("6D41) in font nullfont!
Missing character: There is no 量 ("91CF) in font nullfont!
Missing character: There is no 特 ("7279) in font nullfont!
Missing character: There is no 征 ("5F81) in font nullfont!
Missing character: There is no 向 ("5411) in font nullfont!
Missing character: There is no 量 ("91CF) in font nullfont!
! Undefined control sequence.
l.291 ...\text{common}}$、流量特征向量 $\mathbf{x}_{\text
                                                  {traffic}}$以及协议专属参数向量 $\ma...
The control sequence at the end of the top line
of your error message was never \def'ed. If you have
misspelled it (e.g., `\hobx'), type `I' and the correct
spelling (e.g., `I\hbox'). Otherwise just continue,
and I'll forget about whatever was undefined.

Missing character: There is no 以 ("4EE5) in font nullfont!
Missing character: There is no 及 ("53CA) in font nullfont!
Missing character: There is no 协 ("534F) in font nullfont!
Missing character: There is no 议 ("8BAE) in font nullfont!
Missing character: There is no 专 ("4E13) in font nullfont!
Missing character: There is no 属 ("5C5E) in font nullfont!
Missing character: There is no 参 ("53C2) in font nullfont!
Missing character: There is no 数 ("6570) in font nullfont!
Missing character: There is no 向 ("5411) in font nullfont!
Missing character: There is no 量 ("91CF) in font nullfont!
Missing character: There is no 。 ("3002) in font nullfont!
Missing character: There is no 其 ("5176) in font nullfont!
Missing character: There is no 中 ("4E2D) in font nullfont!
! Undefined control sequence.
l.291 ...x}_{\mathrm{proto}}$。其中$\mathbf{x}_{\text
                                                  {traffic}}$仅能配置$\hat{\lamb...
The control sequence at the end of the top line
of your error message was never \def'ed. If you have
misspelled it (e.g., `\hobx'), type `I' and the correct
spelling (e.g., `I\hbox'). Otherwise just continue,
and I'll forget about whatever was undefined.

Missing character: There is no 仅 ("4EC5) in font nullfont!
Missing character: There is no 能 ("80FD) in font nullfont!
Missing character: There is no 配 ("914D) in font nullfont!
Missing character: There is no 置 ("7F6E) in font nullfont!
Missing character: There is no 。 ("3002) in font nullfont!
Missing character: There is no 另 ("53E6) in font nullfont!
Missing character: There is no 外 ("5916) in font nullfont!
Missing character: There is no 还 ("8FD8) in font nullfont!
Missing character: There is no 需 ("9700) in font nullfont!
Missing character: There is no 额 ("989D) in font nullfont!
Missing character: There is no 外 ("5916) in font nullfont!
Missing character: There is no 输 ("8F93) in font nullfont!
Missing character: There is no 入 ("5165) in font nullfont!
Missing character: There is no 流 ("6D41) in font nullfont!
Missing character: There is no 量 ("91CF) in font nullfont!
Missing character: There is no 类 ("7C7B) in font nullfont!
Missing character: There is no 型 ("578B) in font nullfont!
Missing character: There is no 标 ("6807) in font nullfont!
Missing character: There is no 识 ("8BC6) in font nullfont!
! Undefined control sequence.
<recently read> \text 
                      
l.291 ...仅能配置$\hat{\lambda}$。另外还需额外输入流量类型标识 $\text
                                                  {traffic\_type}$以指明流量类型。
The control sequence at the end of the top line
of your error message was never \def'ed. If you have
misspelled it (e.g., `\hobx'), type `I' and the correct
spelling (e.g., `I\hbox'). Otherwise just continue,
and I'll forget about whatever was undefined.

Missing character: There is no 以 ("4EE5) in font nullfont!
Missing character: There is no 指 ("6307) in font nullfont!
Missing character: There is no 明 ("660E) in font nullfont!
Missing character: There is no 流 ("6D41) in font nullfont!
Missing character: There is no 量 ("91CF) in font nullfont!
Missing character: There is no 类 ("7C7B) in font nullfont!
Missing character: There is no 型 ("578B) in font nullfont!
Missing character: There is no 。 ("3002) in font nullfont!

! LaTeX Error: Something's wrong--perhaps a missing \item.

See the LaTeX manual or LaTeX Companion for explanation.
Type  H <return>  for immediate help.
 ...                                              
                                                  
l.293 ^^I\item \textbf
                      {流量生成和特征提取模块}：依据流量类型标识 $\text{traffic\_type}$ 选择到达过程模型...

Try typing  <return>  to proceed.
If that doesn't work, type  X <return>  to quit.


! LaTeX Error: Something's wrong--perhaps a missing \item.

See the LaTeX manual or LaTeX Companion for explanation.
Type  H <return>  for immediate help.
 ...                                              
                                                  
l.293 ^^I\item \textbf
                      {流量生成和特征提取模块}：依据流量类型标识 $\text{traffic\_type}$ 选择到达过程模型...

Try typing  <return>  to proceed.
If that doesn't work, type  X <return>  to quit.


! LaTeX Error: Something's wrong--perhaps a missing \item.

See the LaTeX manual or LaTeX Companion for explanation.
Type  H <return>  for immediate help.
 ...                                              
                                                  
l.293 ^^I\item \textbf
                      {流量生成和特征提取模块}：依据流量类型标识 $\text{traffic\_type}$ 选择到达过程模型...

Try typing  <return>  to proceed.
If that doesn't work, type  X <return>  to quit.

Missing character: There is no 流 (U+6D41) in font [lmroman10-bold]:mapping=tex-
text;!
Missing character: There is no 量 (U+91CF) in font [lmroman10-bold]:mapping=tex-
text;!
Missing character: There is no 生 (U+751F) in font [lmroman10-bold]:mapping=tex-
text;!
Missing character: There is no 成 (U+6210) in font [lmroman10-bold]:mapping=tex-
text;!
Missing character: There is no 和 (U+548C) in font [lmroman10-bold]:mapping=tex-
text;!
Missing character: There is no 特 (U+7279) in font [lmroman10-bold]:mapping=tex-
text;!
Missing character: There is no 征 (U+5F81) in font [lmroman10-bold]:mapping=tex-
text;!
Missing character: There is no 提 (U+63D0) in font [lmroman10-bold]:mapping=tex-
text;!
Missing character: There is no 取 (U+53D6) in font [lmroman10-bold]:mapping=tex-
text;!
Missing character: There is no 模 (U+6A21) in font [lmroman10-bold]:mapping=tex-
text;!
Missing character: There is no 块 (U+5757) in font [lmroman10-bold]:mapping=tex-
text;!
Missing character: There is no ： ("FF1A) in font nullfont!
Missing character: There is no 依 ("4F9D) in font nullfont!
Missing character: There is no 据 ("636E) in font nullfont!
Missing character: There is no 流 ("6D41) in font nullfont!
Missing character: There is no 量 ("91CF) in font nullfont!
Missing character: There is no 类 ("7C7B) in font nullfont!
Missing character: There is no 型 ("578B) in font nullfont!
Missing character: There is no 标 ("6807) in font nullfont!
Missing character: There is no 识 ("8BC6) in font nullfont!
! Undefined control sequence.
<recently read> \text 
                      
l.293 ...item \textbf{流量生成和特征提取模块}：依据流量类型标识 $\text
                                                  {traffic\_type}$ 选择到达过程模型（...
The control sequence at the end of the top line
of your error message was never \def'ed. If you have
misspelled it (e.g., `\hobx'), type `I' and the correct
spelling (e.g., `I\hbox'). Otherwise just continue,
and I'll forget about whatever was undefined.

Missing character: There is no 选 ("9009) in font nullfont!
Missing character: There is no 择 ("62E9) in font nullfont!
Missing character: There is no 到 ("5230) in font nullfont!
Missing character: There is no 达 ("8FBE) in font nullfont!
Missing character: There is no 过 ("8FC7) in font nullfont!
Missing character: There is no 程 ("7A0B) in font nullfont!
Missing character: There is no 模 ("6A21) in font nullfont!
Missing character: There is no 型 ("578B) in font nullfont!
Missing character: There is no （ ("FF08) in font nullfont!
Missing character: There is no 均 ("5747) in font nullfont!
Missing character: There is no 匀 ("5300) in font nullfont!
Missing character: There is no 到 ("5230) in font nullfont!
Missing character: There is no 达 ("8FBE) in font nullfont!
Missing character: There is no 采 ("91C7) in font nullfont!
Missing character: There is no 用 ("7528) in font nullfont!
Missing character: There is no 泊 ("6CCA) in font nullfont!
Missing character: There is no 松 ("677E) in font nullfont!
Missing character: There is no 过 ("8FC7) in font nullfont!
Missing character: There is no 程 ("7A0B) in font nullfont!
Missing character: There is no 、 ("3001) in font nullfont!
Missing character: There is no 突 ("7A81) in font nullfont!
Missing character: There is no 发 ("53D1) in font nullfont!
Missing character: There is no 到 ("5230) in font nullfont!
Missing character: There is no 达 ("8FBE) in font nullfont!
Missing character: There is no 采 ("91C7) in font nullfont!
Missing character: There is no 用 ("7528) in font nullfont!
Missing character: There is no M ("4D) in font nullfont!
Missing character: There is no a ("61) in font nullfont!
Missing character: There is no r ("72) in font nullfont!
Missing character: There is no k ("6B) in font nullfont!
Missing character: There is no o ("6F) in font nullfont!
Missing character: There is no v ("76) in font nullfont!
Missing character: There is no 调 ("8C03) in font nullfont!
Missing character: There is no 制 ("5236) in font nullfont!
Missing character: There is no 泊 ("6CCA) in font nullfont!
Missing character: There is no 松 ("677E) in font nullfont!
Missing character: There is no 过 ("8FC7) in font nullfont!
Missing character: There is no 程 ("7A0B) in font nullfont!
Missing character: There is no 、 ("3001) in font nullfont!
Missing character: There is no 周 ("5468) in font nullfont!
Missing character: There is no 期 ("671F) in font nullfont!
Missing character: There is no 到 ("5230) in font nullfont!
Missing character: There is no 达 ("8FBE) in font nullfont!
Missing character: There is no 采 ("91C7) in font nullfont!
Missing character: There is no 用 ("7528) in font nullfont!
Missing character: There is no 确 ("786E) in font nullfont!
Missing character: There is no 定 ("5B9A) in font nullfont!
Missing character: There is no 性 ("6027) in font nullfont!
Missing character: There is no 周 ("5468) in font nullfont!
Missing character: There is no 期 ("671F) in font nullfont!
Missing character: There is no 同 ("540C) in font nullfont!
Missing character: There is no 步 ("6B65) in font nullfont!
Missing character: There is no ， ("FF0C) in font nullfont!
Missing character: There is no 这 ("8FD9) in font nullfont!
Missing character: There is no 些 ("4E9B) in font nullfont!
Missing character: There is no 生 ("751F) in font nullfont!
Missing character: There is no 成 ("6210) in font nullfont!
Missing character: There is no 过 ("8FC7) in font nullfont!
Missing character: There is no 程 ("7A0B) in font nullfont!
Missing character: There is no 会 ("4F1A) in font nullfont!
Missing character: There is no 预 ("9884) in font nullfont!
Missing character: There is no 设 ("8BBE) in font nullfont!
Missing character: There is no 生 ("751F) in font nullfont!
Missing character: There is no 成 ("6210) in font nullfont!
Missing character: There is no 参 ("53C2) in font nullfont!
Missing character: There is no 数 ("6570) in font nullfont!
Missing character: There is no ） ("FF09) in font nullfont!
Missing character: There is no ， ("FF0C) in font nullfont!
Missing character: There is no 并 ("5E76) in font nullfont!
Missing character: There is no 在 ("5728) in font nullfont!
Missing character: There is no 给 ("7ED9) in font nullfont!
Missing character: There is no 定 ("5B9A) in font nullfont!
Missing character: There is no 平 ("5E73) in font nullfont!
Missing character: There is no 均 ("5747) in font nullfont!
Missing character: There is no 到 ("5230) in font nullfont!
Missing character: There is no 达 ("8FBE) in font nullfont!
Missing character: There is no 率 ("7387) in font nullfont!
Missing character: There is no 下 ("4E0B) in font nullfont!
Missing character: There is no 为 ("4E3A) in font nullfont!
Missing character: There is no 各 ("5404) in font nullfont!
Missing character: There is no 节 ("8282) in font nullfont!
Missing character: There is no 点 ("70B9) in font nullfont!
Missing character: There is no 按 ("6309) in font nullfont!
Missing character: There is no 时 ("65F6) in font nullfont!
Missing character: There is no 隙 ("9699) in font nullfont!
Missing character: There is no 生 ("751F) in font nullfont!
Missing character: There is no 成 ("6210) in font nullfont!
Missing character: There is no 到 ("5230) in font nullfont!
Missing character: There is no 达 ("8FBE) in font nullfont!
Missing character: There is no 包 ("5305) in font nullfont!
Missing character: There is no 序 ("5E8F) in font nullfont!
Missing character: There is no 列 ("5217) in font nullfont!
Missing character: There is no 。 ("3002) in font nullfont!
Missing character: There is no 由 ("7531) in font nullfont!
Missing character: There is no 于 ("4E8E) in font nullfont!
Missing character: There is no 生 ("751F) in font nullfont!
Missing character: There is no 成 ("6210) in font nullfont!
Missing character: There is no 参 ("53C2) in font nullfont!
Missing character: There is no 数 ("6570) in font nullfont!
Missing character: There is no 固 ("56FA) in font nullfont!
Missing character: There is no 定 ("5B9A) in font nullfont!
Missing character: There is no ， ("FF0C) in font nullfont!
Missing character: There is no 得 ("5F97) in font nullfont!
Missing character: There is no 到 ("5230) in font nullfont!
Missing character: There is no 的 ("7684) in font nullfont!
Missing character: There is no 流 ("6D41) in font nullfont!
Missing character: There is no 量 ("91CF) in font nullfont!
Missing character: There is no 序 ("5E8F) in font nullfont!
Missing character: There is no 列 ("5217) in font nullfont!
Missing character: There is no 仅 ("4EC5) in font nullfont!
Missing character: There is no 覆 ("8986) in font nullfont!
Missing character: There is no 盖 ("76D6) in font nullfont!
Missing character: There is no 有 ("6709) in font nullfont!
Missing character: There is no 限 ("9650) in font nullfont!
Missing character: There is no 组 ("7EC4) in font nullfont!
Missing character: There is no 预 ("9884) in font nullfont!
Missing character: There is no 定 ("5B9A) in font nullfont!
Missing character: There is no 义 ("4E49) in font nullfont!
Missing character: There is no 的 ("7684) in font nullfont!
Missing character: There is no 突 ("7A81) in font nullfont!
Missing character: There is no 发 ("53D1) in font nullfont!
Missing character: There is no 强 ("5F3A) in font nullfont!
Missing character: There is no 度 ("5EA6) in font nullfont!
Missing character: There is no 与 ("4E0E) in font nullfont!
Missing character: There is no 周 ("5468) in font nullfont!
Missing character: There is no 期 ("671F) in font nullfont!
Missing character: There is no 强 ("5F3A) in font nullfont!
Missing character: There is no 度 ("5EA6) in font nullfont!
Missing character: There is no ， ("FF0C) in font nullfont!
Missing character: There is no 从 ("4ECE) in font nullfont!
Missing character: There is no 而 ("800C) in font nullfont!
Missing character: There is no 保 ("4FDD) in font nullfont!
Missing character: There is no 证 ("8BC1) in font nullfont!
Missing character: There is no 不 ("4E0D) in font nullfont!
Missing character: There is no 同 ("540C) in font nullfont!
Missing character: There is no 实 ("5B9E) in font nullfont!
Missing character: There is no 验 ("9A8C) in font nullfont!
Missing character: There is no 配 ("914D) in font nullfont!
Missing character: There is no 置 ("7F6E) in font nullfont!
Missing character: There is no 间 ("95F4) in font nullfont!
Missing character: There is no 的 ("7684) in font nullfont!
Missing character: There is no 可 ("53EF) in font nullfont!
Missing character: There is no 复 ("590D) in font nullfont!
Missing character: There is no 现 ("73B0) in font nullfont!
Missing character: There is no 性 ("6027) in font nullfont!
Missing character: There is no 。 ("3002) in font nullfont!
Missing character: There is no 基 ("57FA) in font nullfont!
Missing character: There is no 于 ("4E8E) in font nullfont!
Missing character: There is no 生 ("751F) in font nullfont!
Missing character: There is no 成 ("6210) in font nullfont!
Missing character: There is no 的 ("7684) in font nullfont!
Missing character: There is no 到 ("5230) in font nullfont!
Missing character: There is no 达 ("8FBE) in font nullfont!
Missing character: There is no 包 ("5305) in font nullfont!
Missing character: There is no 序 ("5E8F) in font nullfont!
Missing character: There is no 列 ("5217) in font nullfont!
Missing character: There is no ， ("FF0C) in font nullfont!
Missing character: There is no 计 ("8BA1) in font nullfont!
Missing character: There is no 算 ("7B97) in font nullfont!
Missing character: There is no 并 ("5E76) in font nullfont!
Missing character: There is no 输 ("8F93) in font nullfont!
Missing character: There is no 出 ("51FA) in font nullfont!
! Undefined control sequence.
l.293 ...的可复现性。基于生成的到达包序列，计算并输出 $\mathbf{x}_{\text
                                                  {traffic}}$ 中除 $\hat{\lamb...
The control sequence at the end of the top line
of your error message was never \def'ed. If you have
misspelled it (e.g., `\hobx'), type `I' and the correct
spelling (e.g., `I\hbox'). Otherwise just continue,
and I'll forget about whatever was undefined.

Missing character: There is no 中 ("4E2D) in font nullfont!
Missing character: There is no 除 ("9664) in font nullfont!
Missing character: There is no 外 ("5916) in font nullfont!
Missing character: There is no 的 ("7684) in font nullfont!
Missing character: There is no 其 ("5176) in font nullfont!
Missing character: There is no 余 ("4F59) in font nullfont!
Missing character: There is no 特 ("7279) in font nullfont!
Missing character: There is no 征 ("5F81) in font nullfont!
Missing character: There is no 指 ("6307) in font nullfont!
Missing character: There is no 标 ("6807) in font nullfont!
Missing character: There is no 、 ("3001) in font nullfont!
Missing character: There is no 、 ("3001) in font nullfont!
Missing character: There is no 和 ("548C) in font nullfont!
Missing character: There is no 。 ("3002) in font nullfont!

! LaTeX Error: Something's wrong--perhaps a missing \item.

See the LaTeX manual or LaTeX Companion for explanation.
Type  H <return>  for immediate help.
 ...                                              
                                                  
l.295 ^^I\item \textbf
                      {协议执行与仿真模块}：协议策略由协议专属参数向量 $\mathbf{x}_{\mathrm{proto}}...

Try typing  <return>  to proceed.
If that doesn't work, type  X <return>  to quit.


! LaTeX Error: Something's wrong--perhaps a missing \item.

See the LaTeX manual or LaTeX Companion for explanation.
Type  H <return>  for immediate help.
 ...                                              
                                                  
l.295 ^^I\item \textbf
                      {协议执行与仿真模块}：协议策略由协议专属参数向量 $\mathbf{x}_{\mathrm{proto}}...

Try typing  <return>  to proceed.
If that doesn't work, type  X <return>  to quit.


! LaTeX Error: Something's wrong--perhaps a missing \item.

See the LaTeX manual or LaTeX Companion for explanation.
Type  H <return>  for immediate help.
 ...                                              
                                                  
l.295 ^^I\item \textbf
                      {协议执行与仿真模块}：协议策略由协议专属参数向量 $\mathbf{x}_{\mathrm{proto}}...

Try typing  <return>  to proceed.
If that doesn't work, type  X <return>  to quit.

Missing character: There is no 协 (U+534F) in font [lmroman10-bold]:mapping=tex-
text;!
Missing character: There is no 议 (U+8BAE) in font [lmroman10-bold]:mapping=tex-
text;!
Missing character: There is no 执 (U+6267) in font [lmroman10-bold]:mapping=tex-
text;!
Missing character: There is no 行 (U+884C) in font [lmroman10-bold]:mapping=tex-
text;!
Missing character: There is no 与 (U+4E0E) in font [lmroman10-bold]:mapping=tex-
text;!
Missing character: There is no 仿 (U+4EFF) in font [lmroman10-bold]:mapping=tex-
text;!
Missing character: There is no 真 (U+771F) in font [lmroman10-bold]:mapping=tex-
text;!
Missing character: There is no 模 (U+6A21) in font [lmroman10-bold]:mapping=tex-
text;!
Missing character: There is no 块 (U+5757) in font [lmroman10-bold]:mapping=tex-
text;!
Missing character: There is no ： ("FF1A) in font nullfont!
Missing character: There is no 协 ("534F) in font nullfont!
Missing character: There is no 议 ("8BAE) in font nullfont!
Missing character: There is no 策 ("7B56) in font nullfont!
Missing character: There is no 略 ("7565) in font nullfont!
Missing character: There is no 由 ("7531) in font nullfont!
Missing character: There is no 协 ("534F) in font nullfont!
Missing character: There is no 议 ("8BAE) in font nullfont!
Missing character: There is no 专 ("4E13) in font nullfont!
Missing character: There is no 属 ("5C5E) in font nullfont!
Missing character: There is no 参 ("53C2) in font nullfont!
Missing character: There is no 数 ("6570) in font nullfont!
Missing character: There is no 向 ("5411) in font nullfont!
Missing character: There is no 量 ("91CF) in font nullfont!
Missing character: There is no 参 ("53C2) in font nullfont!
Missing character: There is no 数 ("6570) in font nullfont!
Missing character: There is no 化 ("5316) in font nullfont!
Missing character: There is no ， ("FF0C) in font nullfont!
Missing character: There is no 其 ("5176) in font nullfont!
Missing character: There is no 首 ("9996) in font nullfont!
Missing character: There is no 个 ("4E2A) in font nullfont!
Missing character: There is no 分 ("5206) in font nullfont!
Missing character: There is no 量 ("91CF) in font nullfont!
Missing character: There is no 确 ("786E) in font nullfont!
Missing character: There is no 定 ("5B9A) in font nullfont!
Missing character: There is no 协 ("534F) in font nullfont!
Missing character: There is no 议 ("8BAE) in font nullfont!
Missing character: There is no 类 ("7C7B) in font nullfont!
Missing character: There is no 型 ("578B) in font nullfont!
Missing character: There is no 。 ("3002) in font nullfont!
Missing character: There is no 具 ("5177) in font nullfont!
Missing character: There is no 体 ("4F53) in font nullfont!
Missing character: There is no 而 ("800C) in font nullfont!
Missing character: There is no 言 ("8A00) in font nullfont!
Missing character: There is no ， ("FF0C) in font nullfont!
Missing character: There is no 协 ("534F) in font nullfont!
Missing character: There is no 议 ("8BAE) in font nullfont!
Missing character: There is no 类 ("7C7B) in font nullfont!
Missing character: There is no 型 ("578B) in font nullfont!
Missing character: There is no 对 ("5BF9) in font nullfont!
Missing character: There is no 应 ("5E94) in font nullfont!
Missing character: There is no 协 ("534F) in font nullfont!
Missing character: There is no 议 ("8BAE) in font nullfont!
Missing character: There is no 执 ("6267) in font nullfont!
Missing character: There is no 行 ("884C) in font nullfont!
Missing character: There is no 引 ("5F15) in font nullfont!
Missing character: There is no 擎 ("64CE) in font nullfont!
Missing character: There is no ， ("FF0C) in font nullfont!
Missing character: There is no 剩 ("5269) in font nullfont!
Missing character: There is no 余 ("4F59) in font nullfont!
Missing character: There is no 分 ("5206) in font nullfont!
Missing character: There is no 量 ("91CF) in font nullfont!
Missing character: There is no 则 ("5219) in font nullfont!
Missing character: There is no 对 ("5BF9) in font nullfont!
Missing character: There is no 应 ("5E94) in font nullfont!
Missing character: There is no 一 ("4E00) in font nullfont!
Missing character: There is no 组 ("7EC4) in font nullfont!
Missing character: There is no 参 ("53C2) in font nullfont!
Missing character: There is no 数 ("6570) in font nullfont!
Missing character: There is no 化 ("5316) in font nullfont!
Missing character: There is no 的 ("7684) in font nullfont!
Missing character: There is no 协 ("534F) in font nullfont!
Missing character: There is no 议 ("8BAE) in font nullfont!
Missing character: There is no 策 ("7B56) in font nullfont!
Missing character: There is no 略 ("7565) in font nullfont!
Missing character: There is no 。 ("3002) in font nullfont!
Missing character: There is no 仿 ("4EFF) in font nullfont!
Missing character: There is no 真 ("771F) in font nullfont!
Missing character: There is no 器 ("5668) in font nullfont!
Missing character: There is no 在 ("5728) in font nullfont!
Missing character: There is no 仿 ("4EFF) in font nullfont!
Missing character: There is no 真 ("771F) in font nullfont!
Missing character: There is no 前 ("524D) in font nullfont!
Missing character: There is no 先 ("5148) in font nullfont!
Missing character: There is no 初 ("521D) in font nullfont!
Missing character: There is no 始 ("59CB) in font nullfont!
Missing character: There is no 化 ("5316) in font nullfont!
Missing character: There is no 到 ("5230) in font nullfont!
Missing character: There is no 正 ("6B63) in font nullfont!
Missing character: There is no 确 ("786E) in font nullfont!
Missing character: There is no 的 ("7684) in font nullfont!
Missing character: There is no 协 ("534F) in font nullfont!
Missing character: There is no 议 ("8BAE) in font nullfont!
Missing character: There is no 执 ("6267) in font nullfont!
Missing character: There is no 行 ("884C) in font nullfont!
Missing character: There is no 引 ("5F15) in font nullfont!
Missing character: There is no 擎 ("64CE) in font nullfont!
Missing character: There is no ， ("FF0C) in font nullfont!
Missing character: There is no 并 ("5E76) in font nullfont!
Missing character: There is no 在 ("5728) in font nullfont!
Missing character: There is no 每 ("6BCF) in font nullfont!
Missing character: There is no 个 ("4E2A) in font nullfont!
Missing character: There is no 时 ("65F6) in font nullfont!
Missing character: There is no 隙 ("9699) in font nullfont!
Missing character: There is no 依 ("4F9D) in font nullfont!
Missing character: There is no 据 ("636E) in font nullfont!
Missing character: There is no 该 ("8BE5) in font nullfont!
Missing character: There is no 策 ("7B56) in font nullfont!
Missing character: There is no 略 ("7565) in font nullfont!
Missing character: There is no 完 ("5B8C) in font nullfont!
Missing character: There is no 成 ("6210) in font nullfont!
Missing character: There is no 发 ("53D1) in font nullfont!
Missing character: There is no 送 ("9001) in font nullfont!
Missing character: There is no 决 ("51B3) in font nullfont!
Missing character: There is no 策 ("7B56) in font nullfont!
Missing character: There is no 、 ("3001) in font nullfont!
Missing character: There is no 副 ("526F) in font nullfont!
Missing character: There is no 本 ("672C) in font nullfont!
Missing character: There is no 生 ("751F) in font nullfont!
Missing character: There is no 成 ("6210) in font nullfont!
Missing character: There is no 与 ("4E0E) in font nullfont!
Missing character: There is no 队 ("961F) in font nullfont!
Missing character: There is no 列 ("5217) in font nullfont!
Missing character: There is no 状 ("72B6) in font nullfont!
Missing character: There is no 态 ("6001) in font nullfont!
Missing character: There is no 更 ("66F4) in font nullfont!
Missing character: There is no 新 ("65B0) in font nullfont!
Missing character: There is no ； ("FF1B) in font nullfont!
Missing character: There is no 同 ("540C) in font nullfont!
Missing character: There is no 时 ("65F6) in font nullfont!
Missing character: There is no 与 ("4E0E) in font nullfont!
Missing character: There is no 信 ("4FE1) in font nullfont!
Missing character: There is no 道 ("9053) in font nullfont!
Missing character: There is no 仿 ("4EFF) in font nullfont!
Missing character: There is no 真 ("771F) in font nullfont!
Missing character: There is no 子 ("5B50) in font nullfont!
Missing character: There is no 模 ("6A21) in font nullfont!
Missing character: There is no 块 ("5757) in font nullfont!
Missing character: There is no 协 ("534F) in font nullfont!
Missing character: There is no 同 ("540C) in font nullfont!
Missing character: There is no 完 ("5B8C) in font nullfont!
Missing character: There is no 成 ("6210) in font nullfont!
Missing character: There is no 并 ("5E76) in font nullfont!
Missing character: There is no 行 ("884C) in font nullfont!
Missing character: There is no 发 ("53D1) in font nullfont!
Missing character: There is no 送 ("9001) in font nullfont!
Missing character: There is no 的 ("7684) in font nullfont!
Missing character: There is no 冲 ("51B2) in font nullfont!
Missing character: There is no 突 ("7A81) in font nullfont!
Missing character: There is no 检 ("68C0) in font nullfont!
Missing character: There is no 测 ("6D4B) in font nullfont!
Missing character: There is no 。 ("3002) in font nullfont!
Missing character: There is no 协 ("534F) in font nullfont!
Missing character: There is no 议 ("8BAE) in font nullfont!
Missing character: There is no 执 ("6267) in font nullfont!
Missing character: There is no 行 ("884C) in font nullfont!
Missing character: There is no 引 ("5F15) in font nullfont!
Missing character: There is no 擎 ("64CE) in font nullfont!
Missing character: There is no 会 ("4F1A) in font nullfont!
Missing character: There is no 对 ("5BF9) in font nullfont!
Missing character: There is no 各 ("5404) in font nullfont!
Missing character: There is no 协 ("534F) in font nullfont!
Missing character: There is no 议 ("8BAE) in font nullfont!
Missing character: There is no 的 ("7684) in font nullfont!
Missing character: There is no 关 ("5173) in font nullfont!
Missing character: There is no 键 ("952E) in font nullfont!
Missing character: There is no 机 ("673A) in font nullfont!
Missing character: There is no 制 ("5236) in font nullfont!
Missing character: There is no 进 ("8FDB) in font nullfont!
Missing character: There is no 行 ("884C) in font nullfont!
Missing character: There is no 封 ("5C01) in font nullfont!
Missing character: There is no 装 ("88C5) in font nullfont!
Missing character: There is no ， ("FF0C) in font nullfont!
Missing character: There is no 具 ("5177) in font nullfont!
Missing character: There is no 体 ("4F53) in font nullfont!
Missing character: There is no 如 ("5982) in font nullfont!
Missing character: There is no 下 ("4E0B) in font nullfont!
Missing character: There is no ： ("FF1A) in font nullfont!
Missing character: There is no [ ("5B) in font nullfont!
Missing character: There is no l ("6C) in font nullfont!
Missing character: There is no e ("65) in font nullfont!
Missing character: There is no f ("66) in font nullfont!
Missing character: There is no t ("74) in font nullfont!
Missing character: There is no m ("6D) in font nullfont!
Missing character: There is no a ("61) in font nullfont!
Missing character: There is no r ("72) in font nullfont!
Missing character: There is no g ("67) in font nullfont!
Missing character: There is no i ("69) in font nullfont!
Missing character: There is no n ("6E) in font nullfont!
Missing character: There is no = ("3D) in font nullfont!
Missing character: There is no * ("2A) in font nullfont!
Missing character: There is no , ("2C) in font nullfont!
Missing character: There is no i ("69) in font nullfont!
Missing character: There is no t ("74) in font nullfont!
Missing character: There is no e ("65) in font nullfont!
Missing character: There is no m ("6D) in font nullfont!
Missing character: There is no s ("73) in font nullfont!
Missing character: There is no e ("65) in font nullfont!
Missing character: There is no p ("70) in font nullfont!
Missing character: There is no = ("3D) in font nullfont!
Missing character: There is no 0 ("30) in font nullfont!
Missing character: There is no . ("2E) in font nullfont!
Missing character: There is no 2 ("32) in font nullfont!
Missing character: There is no e ("65) in font nullfont!
Missing character: There is no m ("6D) in font nullfont!
Missing character: There is no ] ("5D) in font nullfont!

! LaTeX Error: Something's wrong--perhaps a missing \item.

See the LaTeX manual or LaTeX Companion for explanation.
Type  H <return>  for immediate help.
 ...                                              
                                                  
l.297 ^^I^^I\item \textbf
                         {SA}：时隙Aloha，节点在有包时以固定接入概率 $q$ 发送。
Try typing  <return>  to proceed.
If that doesn't work, type  X <return>  to quit.


Overfull \hbox (16.8pt too wide) in paragraph at lines 290--297
[]\TU/lmr/bx/n/10 配置解析模块
 []


Overfull \hbox (15.87498pt too wide) in paragraph at lines 290--297
\OT1/cmr/bx/n/10 X[]$
 []


Overfull \hbox (37.17316pt too wide) in paragraph at lines 290--297
\OT1/cmr/bx/n/10 x[]$
 []


Overfull \hbox (33.62735pt too wide) in paragraph at lines 290--297
\OT1/cmr/bx/n/10 x[]$
 []


Overfull \hbox (64.6691pt too wide) in paragraph at lines 290--297
\OT1/cmr/bx/n/10 x[]$$x[]$$[]$
 []


Overfull \hbox (51.9638pt too wide) in paragraph at lines 290--297
[]$
 []


Overfull \hbox (30.8pt too wide) in paragraph at lines 290--297
[]\TU/lmr/bx/n/10 流量生成和特征提取模块
 []


Overfull \hbox (51.9638pt too wide) in paragraph at lines 290--297
[]$
 []


Overfull \hbox (5.83336pt too wide) in paragraph at lines 290--297
[]$
 []


Overfull \hbox (33.62735pt too wide) in paragraph at lines 290--297
\OT1/cmr/bx/n/10 x[]$
 []


Overfull \hbox (5.83336pt too wide) in paragraph at lines 290--297
[]$
 []


Overfull \hbox (69.45164pt too wide) in paragraph at lines 290--297
[][]$$[][]$$\OT1/cmr/m/n/10 ^^I[]$
 []


Overfull \hbox (24.86815pt too wide) in paragraph at lines 290--297
\OT1/cmr/m/n/10 ^^I[]$
 []


Overfull \hbox (25.2pt too wide) in paragraph at lines 290--297
[]\TU/lmr/bx/n/10 协议执行与仿真模块
 []


Overfull \hbox (25.20839pt too wide) in paragraph at lines 290--297
\OT1/cmr/bx/n/10 x[]$
 []


Overfull \hbox (5.28589pt too wide) in paragraph at lines 290--297
\OML/cmm/m/it/10 a$
 []


Overfull \hbox (5.28589pt too wide) in paragraph at lines 290--297
\OML/cmm/m/it/10 a$
 []


Overfull \hbox (25.20839pt too wide) in paragraph at lines 290--297
\OT1/cmr/bx/n/10 x[]$
 []

Missing character: There is no ： ("FF1A) in font nullfont!
Missing character: There is no 时 ("65F6) in font nullfont!
Missing character: There is no 隙 ("9699) in font nullfont!
Missing character: There is no A ("41) in font nullfont!
Missing character: There is no l ("6C) in font nullfont!
Missing character: There is no o ("6F) in font nullfont!
Missing character: There is no h ("68) in font nullfont!
Missing character: There is no a ("61) in font nullfont!
Missing character: There is no ， ("FF0C) in font nullfont!
Missing character: There is no 节 ("8282) in font nullfont!
Missing character: There is no 点 ("70B9) in font nullfont!
Missing character: There is no 在 ("5728) in font nullfont!
Missing character: There is no 有 ("6709) in font nullfont!
Missing character: There is no 包 ("5305) in font nullfont!
Missing character: There is no 时 ("65F6) in font nullfont!
Missing character: There is no 以 ("4EE5) in font nullfont!
Missing character: There is no 固 ("56FA) in font nullfont!
Missing character: There is no 定 ("5B9A) in font nullfont!
Missing character: There is no 接 ("63A5) in font nullfont!
Missing character: There is no 入 ("5165) in font nullfont!
Missing character: There is no 概 ("6982) in font nullfont!
Missing character: There is no 率 ("7387) in font nullfont!
Missing character: There is no 发 ("53D1) in font nullfont!
Missing character: There is no 送 ("9001) in font nullfont!
Missing character: There is no 。 ("3002) in font nullfont!

Overfull \hbox (15.08pt too wide) in paragraph at lines 297--298
\TU/lmr/bx/n/10 SA
 []


Overfull \hbox (4.8229pt too wide) in paragraph at lines 297--298
\OML/cmm/m/it/10 q$ 
 []

Missing character: There is no ： ("FF1A) in font nullfont!
Missing character: There is no 连 ("8FDE) in font nullfont!
Missing character: There is no 续 ("7EED) in font nullfont!
Missing character: There is no 传 ("4F20) in font nullfont!
Missing character: There is no 输 ("8F93) in font nullfont!
Missing character: There is no 时 ("65F6) in font nullfont!
Missing character: There is no 隙 ("9699) in font nullfont!
Missing character: There is no A ("41) in font nullfont!
Missing character: There is no l ("6C) in font nullfont!
Missing character: There is no o ("6F) in font nullfont!
Missing character: There is no h ("68) in font nullfont!
Missing character: There is no a ("61) in font nullfont!
Missing character: There is no ， ("FF0C) in font nullfont!
Missing character: There is no 若 ("82E5) in font nullfont!
Missing character: There is no 上 ("4E0A) in font nullfont!
Missing character: There is no 一 ("4E00) in font nullfont!
Missing character: There is no 时 ("65F6) in font nullfont!
Missing character: There is no 隙 ("9699) in font nullfont!
Missing character: There is no 成 ("6210) in font nullfont!
Missing character: There is no 功 ("529F) in font nullfont!
Missing character: There is no 则 ("5219) in font nullfont!
Missing character: There is no 接 ("63A5) in font nullfont!
Missing character: There is no 入 ("5165) in font nullfont!
Missing character: There is no 概 ("6982) in font nullfont!
Missing character: There is no 率 ("7387) in font nullfont!
Missing character: There is no 置 ("7F6E) in font nullfont!
Missing character: There is no 为 ("4E3A) in font nullfont!
Missing character: There is no 1 ("31) in font nullfont!
Missing character: There is no 连 ("8FDE) in font nullfont!
Missing character: There is no 续 ("7EED) in font nullfont!
Missing character: There is no 发 ("53D1) in font nullfont!
Missing character: There is no 送 ("9001) in font nullfont!
Missing character: There is no ， ("FF0C) in font nullfont!
Missing character: There is no 否 ("5426) in font nullfont!
Missing character: There is no 则 ("5219) in font nullfont!
Missing character: There is no 回 ("56DE) in font nullfont!
Missing character: There is no 到 ("5230) in font nullfont!
Missing character: There is no 概 ("6982) in font nullfont!
Missing character: There is no 率 ("7387) in font nullfont!
Missing character: There is no 发 ("53D1) in font nullfont!
Missing character: There is no 送 ("9001) in font nullfont!
Missing character: There is no 。 ("3002) in font nullfont!

Overfull \hbox (29.47pt too wide) in paragraph at lines 298--299
\TU/lmr/bx/n/10 SAST 
 []

Missing character: There is no ： ("FF1A) in font nullfont!
Missing character: There is no 基 ("57FA) in font nullfont!
Missing character: There is no 于 ("4E8E) in font nullfont!
Missing character: There is no 连 ("8FDE) in font nullfont!
Missing character: There is no 接 ("63A5) in font nullfont!
Missing character: There is no 的 ("7684) in font nullfont!
Missing character: There is no A ("41) in font nullfont!
Missing character: There is no l ("6C) in font nullfont!
Missing character: There is no o ("6F) in font nullfont!
Missing character: There is no h ("68) in font nullfont!
Missing character: There is no a ("61) in font nullfont!
Missing character: There is no ， ("FF0C) in font nullfont!
Missing character: There is no 若 ("82E5) in font nullfont!
Missing character: There is no 节 ("8282) in font nullfont!
Missing character: There is no 点 ("70B9) in font nullfont!
Missing character: There is no 缓 ("7F13) in font nullfont!
Missing character: There is no 存 ("5B58) in font nullfont!
Missing character: There is no 队 ("961F) in font nullfont!
Missing character: There is no 列 ("5217) in font nullfont!
Missing character: There is no 数 ("6570) in font nullfont!
Missing character: There is no 据 ("636E) in font nullfont!
Missing character: There is no 包 ("5305) in font nullfont!
Missing character: There is no 大 ("5927) in font nullfont!
Missing character: There is no 于 ("4E8E) in font nullfont!
Missing character: There is no 等 ("7B49) in font nullfont!
Missing character: There is no 于 ("4E8E) in font nullfont!
Missing character: There is no M ("4D) in font nullfont!
Missing character: There is no ， ("FF0C) in font nullfont!
Missing character: There is no 会 ("4F1A) in font nullfont!
Missing character: There is no 以 ("4EE5) in font nullfont!
Missing character: There is no 固 ("56FA) in font nullfont!
Missing character: There is no 定 ("5B9A) in font nullfont!
Missing character: There is no 概 ("6982) in font nullfont!
Missing character: There is no 率 ("7387) in font nullfont!
Missing character: There is no 建 ("5EFA) in font nullfont!
Missing character: There is no 立 ("7ACB) in font nullfont!
Missing character: There is no 连 ("8FDE) in font nullfont!
Missing character: There is no 接 ("63A5) in font nullfont!
Missing character: There is no ， ("FF0C) in font nullfont!
Missing character: There is no 连 ("8FDE) in font nullfont!
Missing character: There is no 接 ("63A5) in font nullfont!
Missing character: There is no 成 ("6210) in font nullfont!
Missing character: There is no 功 ("529F) in font nullfont!
Missing character: There is no 后 ("540E) in font nullfont!
Missing character: There is no 会 ("4F1A) in font nullfont!
Missing character: There is no 无 ("65E0) in font nullfont!
Missing character: There is no 竞 ("7ADE) in font nullfont!
Missing character: There is no 争 ("4E89) in font nullfont!
Missing character: There is no 发 ("53D1) in font nullfont!
Missing character: There is no 送 ("9001) in font nullfont!
Missing character: There is no 个 ("4E2A) in font nullfont!
Missing character: There is no 包 ("5305) in font nullfont!
Missing character: There is no 。 ("3002) in font nullfont!

Overfull \hbox (40.79457pt too wide) in paragraph at lines 299--300
\TU/lmr/bx/n/10 CBA$\OML/cmm/m/it/10 q$$M$ 
 []

Missing character: There is no 性 (U+6027) in font [lmroman10-bold]:mapping=tex-
text;!
Missing character: There is no 能 (U+80FD) in font [lmroman10-bold]:mapping=tex-
text;!
Missing character: There is no 统 (U+7EDF) in font [lmroman10-bold]:mapping=tex-
text;!
Missing character: There is no 计 (U+8BA1) in font [lmroman10-bold]:mapping=tex-
text;!
Missing character: There is no 模 (U+6A21) in font [lmroman10-bold]:mapping=tex-
text;!
Missing character: There is no 块 (U+5757) in font [lmroman10-bold]:mapping=tex-
text;!
Missing character: There is no ： ("FF1A) in font nullfont!
Missing character: There is no 实 ("5B9E) in font nullfont!
Missing character: There is no 时 ("65F6) in font nullfont!
Missing character: There is no 记 ("8BB0) in font nullfont!
Missing character: There is no 录 ("5F55) in font nullfont!
Missing character: There is no 成 ("6210) in font nullfont!
Missing character: There is no 功 ("529F) in font nullfont!
Missing character: There is no 发 ("53D1) in font nullfont!
Missing character: There is no 送 ("9001) in font nullfont!
Missing character: There is no 包 ("5305) in font nullfont!
Missing character: There is no 数 ("6570) in font nullfont!
Missing character: There is no 、 ("3001) in font nullfont!
Missing character: There is no 累 ("7D2F) in font nullfont!
Missing character: There is no 计 ("8BA1) in font nullfont!
Missing character: There is no 时 ("65F6) in font nullfont!
Missing character: There is no 延 ("5EF6) in font nullfont!
Missing character: There is no 、 ("3001) in font nullfont!
Missing character: There is no 各 ("5404) in font nullfont!
Missing character: There is no 节 ("8282) in font nullfont!
Missing character: There is no 点 ("70B9) in font nullfont!
Missing character: There is no 吞 ("541E) in font nullfont!
Missing character: There is no 吐 ("5410) in font nullfont!
Missing character: There is no 、 ("3001) in font nullfont!
Missing character: There is no 信 ("4FE1) in font nullfont!
Missing character: There is no 令 ("4EE4) in font nullfont!
Missing character: There is no 开 ("5F00) in font nullfont!
Missing character: There is no 销 ("9500) in font nullfont!
Missing character: There is no 等 ("7B49) in font nullfont!
Missing character: There is no 统 ("7EDF) in font nullfont!
Missing character: There is no 计 ("8BA1) in font nullfont!
Missing character: There is no 量 ("91CF) in font nullfont!
Missing character: There is no ， ("FF0C) in font nullfont!
Missing character: There is no 在 ("5728) in font nullfont!
Missing character: There is no 仿 ("4EFF) in font nullfont!
Missing character: There is no 真 ("771F) in font nullfont!
Missing character: There is no 完 ("5B8C) in font nullfont!
Missing character: There is no 成 ("6210) in font nullfont!
Missing character: There is no 后 ("540E) in font nullfont!
Missing character: There is no 计 ("8BA1) in font nullfont!
Missing character: There is no 算 ("7B97) in font nullfont!
Missing character: There is no 最 ("6700) in font nullfont!
Missing character: There is no 终 ("7EC8) in font nullfont!
Missing character: There is no 的 ("7684) in font nullfont!
Missing character: There is no 吞 ("541E) in font nullfont!
Missing character: There is no 吐 ("5410) in font nullfont!
Missing character: There is no 量 ("91CF) in font nullfont!
Missing character: There is no 、 ("3001) in font nullfont!
Missing character: There is no 平 ("5E73) in font nullfont!
Missing character: There is no 均 ("5747) in font nullfont!
Missing character: There is no 时 ("65F6) in font nullfont!
Missing character: There is no 延 ("5EF6) in font nullfont!
Missing character: There is no 、 ("3001) in font nullfont!
Missing character: There is no 公 ("516C) in font nullfont!
Missing character: There is no 平 ("5E73) in font nullfont!
Missing character: There is no 性 ("6027) in font nullfont!
Missing character: There is no 指 ("6307) in font nullfont!
Missing character: There is no 数 ("6570) in font nullfont!
Missing character: There is no 、 ("3001) in font nullfont!
Missing character: There is no 信 ("4FE1) in font nullfont!
Missing character: There is no 令 ("4EE4) in font nullfont!
Missing character: There is no 开 ("5F00) in font nullfont!
Missing character: There is no 销 ("9500) in font nullfont!
Missing character: There is no 。 ("3002) in font nullfont!

Overfull \hbox (16.8pt too wide) in paragraph at lines 302--303
\TU/lmr/bx/n/10 性能统计模块
 []


Overfull \hbox (17.86119pt too wide) in paragraph at lines 302--303
\OML/cmm/m/it/10 ^^U[]$
 []


Overfull \hbox (8.55695pt too wide) in paragraph at lines 302--303
\OML/cmm/m/it/10 D$
 []


Overfull \hbox (11.84479pt too wide) in paragraph at lines 302--303
\OML/cmm/m/it/10 J[]$
 []


Overfull \hbox (6.70831pt too wide) in paragraph at lines 302--303
\OML/cmm/m/it/10 S$ 
 []

Missing character: There is no 上 ("4E0A) in font nullfont!
Missing character: There is no 述 ("8FF0) in font nullfont!
Missing character: There is no 模 ("6A21) in font nullfont!
Missing character: There is no 块 ("5757) in font nullfont!
Missing character: There is no 通 ("901A) in font nullfont!
Missing character: There is no 过 ("8FC7) in font nullfont!
Missing character: There is no 统 ("7EDF) in font nullfont!
Missing character: There is no 一 ("4E00) in font nullfont!
Missing character: There is no 接 ("63A5) in font nullfont!
Missing character: There is no 口 ("53E3) in font nullfont!
Missing character: There is no 在 ("5728) in font nullfont!
Missing character: There is no 离 ("79BB) in font nullfont!
Missing character: There is no 散 ("6563) in font nullfont!
Missing character: There is no 事 ("4E8B) in font nullfont!
Missing character: There is no 件 ("4EF6) in font nullfont!
Missing character: There is no 仿 ("4EFF) in font nullfont!
Missing character: There is no 真 ("771F) in font nullfont!
Missing character: There is no 框 ("6846) in font nullfont!
Missing character: There is no 架 ("67B6) in font nullfont!
Missing character: There is no 下 ("4E0B) in font nullfont!
Missing character: There is no 协 ("534F) in font nullfont!
Missing character: There is no 同 ("540C) in font nullfont!
Missing character: There is no 运 ("8FD0) in font nullfont!
Missing character: There is no 行 ("884C) in font nullfont!
Missing character: There is no ， ("FF0C) in font nullfont!
Missing character: There is no 从 ("4ECE) in font nullfont!
Missing character: There is no 而 ("800C) in font nullfont!
Missing character: There is no 实 ("5B9E) in font nullfont!
Missing character: There is no 现 ("73B0) in font nullfont!
Missing character: There is no 对 ("5BF9) in font nullfont!
Missing character: There is no 多 ("591A) in font nullfont!
Missing character: There is no 协 ("534F) in font nullfont!
Missing character: There is no 议 ("8BAE) in font nullfont!
Missing character: There is no 、 ("3001) in font nullfont!
Missing character: There is no 多 ("591A) in font nullfont!
Missing character: There is no 参 ("53C2) in font nullfont!
Missing character: There is no 数 ("6570) in font nullfont!
Missing character: There is no 配 ("914D) in font nullfont!
Missing character: There is no 置 ("7F6E) in font nullfont!
Missing character: There is no 的 ("7684) in font nullfont!
Missing character: There is no 统 ("7EDF) in font nullfont!
Missing character: There is no 一 ("4E00) in font nullfont!
Missing character: There is no 评 ("8BC4) in font nullfont!
Missing character: There is no 估 ("4F30) in font nullfont!
Missing character: There is no 。 ("3002) in font nullfont!
Missing character: There is no 下 ("4E0B) in font nullfont!
Missing character: There is no 面 ("9762) in font nullfont!
Missing character: There is no 给 ("7ED9) in font nullfont!
Missing character: There is no 出 ("51FA) in font nullfont!
Missing character: There is no 统 ("7EDF) in font nullfont!
Missing character: There is no 一 ("4E00) in font nullfont!
Missing character: There is no 仿 ("4EFF) in font nullfont!
Missing character: There is no 真 ("771F) in font nullfont!
Missing character: There is no 器 ("5668) in font nullfont!
Missing character: There is no 的 ("7684) in font nullfont!
Missing character: There is no 核 ("6838) in font nullfont!
Missing character: There is no 心 ("5FC3) in font nullfont!
Missing character: There is no 实 ("5B9E) in font nullfont!
Missing character: There is no 现 ("73B0) in font nullfont!
Missing character: There is no 流 ("6D41) in font nullfont!
Missing character: There is no 程 ("7A0B) in font nullfont!
Missing character: There is no ， ("FF0C) in font nullfont!
Missing character: There is no 其 ("5176) in font nullfont!
Missing character: There is no 执 ("6267) in font nullfont!
Missing character: There is no 行 ("884C) in font nullfont!
Missing character: There is no 流 ("6D41) in font nullfont!
Missing character: There is no 程 ("7A0B) in font nullfont!
Missing character: There is no 遵 ("9075) in font nullfont!
Missing character: There is no 循 ("5FAA) in font nullfont!
Missing character: There is no 初 ("521D) in font nullfont!
Missing character: There is no 始 ("59CB) in font nullfont!
Missing character: There is no 化 ("5316) in font nullfont!
Missing character: There is no 、 ("3001) in font nullfont!
Missing character: There is no 时 ("65F6) in font nullfont!
Missing character: There is no 隙 ("9699) in font nullfont!
Missing character: There is no 迭 ("8FED) in font nullfont!
Missing character: There is no 代 ("4EE3) in font nullfont!
Missing character: There is no 与 ("4E0E) in font nullfont!
Missing character: There is no 结 ("7ED3) in font nullfont!
Missing character: There is no 果 ("679C) in font nullfont!
Missing character: There is no 汇 ("6C47) in font nullfont!
Missing character: There is no 总 ("603B) in font nullfont!
Missing character: There is no 三 ("4E09) in font nullfont!
Missing character: There is no 个 ("4E2A) in font nullfont!
Missing character: There is no 阶 ("9636) in font nullfont!
Missing character: There is no 段 ("6BB5) in font nullfont!
Missing character: There is no ， ("FF0C) in font nullfont!
Missing character: There is no 如 ("5982) in font nullfont!
Missing character: There is no 图 ("56FE) in font nullfont!
! Undefined control sequence.
<write> ...ified_simulator_main' on page \thepage 
                                                  \space undefined\on@line .^^J
l.305 ...总三个阶段，如图~\ref{fig:unified_simulator_main}
                                                   所示。
The control sequence at the end of the top line
of your error message was never \def'ed. If you have
misspelled it (e.g., `\hobx'), type `I' and the correct
spelling (e.g., `I\hbox'). Otherwise just continue,
and I'll forget about whatever was undefined.


LaTeX Warning: Reference `fig:unified_simulator_main' on page  undefined on inp
ut line 305.

Missing character: There is no 所 ("6240) in font nullfont!
Missing character: There is no 示 ("793A) in font nullfont!
Missing character: There is no 。 ("3002) in font nullfont!

Overfull \hbox (30.86pt too wide) in paragraph at lines 305--306
[] []
 []


! LaTeX Error: Environment figure undefined.

See the LaTeX manual or LaTeX Companion for explanation.
Type  H <return>  for immediate help.
 ...                                              
                                                  
l.307 \begin{figure}
                    [t]
Your command was ignored.
Type  I <command> <return>  to replace it with another command,
or  <return>  to continue without it.

Missing character: There is no [ ("5B) in font nullfont!
Missing character: There is no t ("74) in font nullfont!
Missing character: There is no ] ("5D) in font nullfont!
! Undefined control sequence.
l.309 \includegraphics
                      [width=0.98\textwidth]{figure/chap5/仿真器实现流程框图.pdf}
The control sequence at the end of the top line
of your error message was never \def'ed. If you have
misspelled it (e.g., `\hobx'), type `I' and the correct
spelling (e.g., `I\hbox'). Otherwise just continue,
and I'll forget about whatever was undefined.

Missing character: There is no [ ("5B) in font nullfont!
Missing character: There is no w ("77) in font nullfont!
Missing character: There is no i ("69) in font nullfont!
Missing character: There is no d ("64) in font nullfont!
Missing character: There is no t ("74) in font nullfont!
Missing character: There is no h ("68) in font nullfont!
Missing character: There is no = ("3D) in font nullfont!
Missing character: There is no 0 ("30) in font nullfont!
Missing character: There is no . ("2E) in font nullfont!
Missing character: There is no 9 ("39) in font nullfont!
Missing character: There is no 8 ("38) in font nullfont!
! Missing number, treated as zero.
<to be read again> 
                   ]
l.309 \includegraphics[width=0.98\textwidth]
                                            {figure/chap5/仿真器实现流程框图.pdf}
A number should have been here; I inserted `0'.
(If you can't figure out why I needed to see a number,
look up `weird error' in the index to The TeXbook.)

! Illegal unit of measure (pt inserted).
<to be read again> 
                   ]
l.309 \includegraphics[width=0.98\textwidth]
                                            {figure/chap5/仿真器实现流程框图.pdf}
Dimensions can be in units of em, ex, in, pt, pc,
cm, mm, dd, cc, bp, or sp; but yours is a new one!
I'll assume that you meant to say pt, for printer's points.
To recover gracefully from this error, it's best to
delete the erroneous units; e.g., type `2' to delete
two letters. (See Chapter 27 of The TeXbook.)

Missing character: There is no ] ("5D) in font nullfont!
Missing character: There is no f ("66) in font nullfont!
Missing character: There is no i ("69) in font nullfont!
Missing character: There is no g ("67) in font nullfont!
Missing character: There is no u ("75) in font nullfont!
Missing character: There is no r ("72) in font nullfont!
Missing character: There is no e ("65) in font nullfont!
Missing character: There is no / ("2F) in font nullfont!
Missing character: There is no c ("63) in font nullfont!
Missing character: There is no h ("68) in font nullfont!
Missing character: There is no a ("61) in font nullfont!
Missing character: There is no p ("70) in font nullfont!
Missing character: There is no 5 ("35) in font nullfont!
Missing character: There is no / ("2F) in font nullfont!
Missing character: There is no 仿 ("4EFF) in font nullfont!
Missing character: There is no 真 ("771F) in font nullfont!
Missing character: There is no 器 ("5668) in font nullfont!
Missing character: There is no 实 ("5B9E) in font nullfont!
Missing character: There is no 现 ("73B0) in font nullfont!
Missing character: There is no 流 ("6D41) in font nullfont!
Missing character: There is no 程 ("7A0B) in font nullfont!
Missing character: There is no 框 ("6846) in font nullfont!
Missing character: There is no 图 ("56FE) in font nullfont!
Missing character: There is no . ("2E) in font nullfont!
Missing character: There is no p ("70) in font nullfont!
Missing character: There is no d ("64) in font nullfont!
Missing character: There is no f ("66) in font nullfont!

! LaTeX Error: \caption outside float.

See the LaTeX manual or LaTeX Companion for explanation.
Type  H <return>  for immediate help.
 ...                                              
                                                  
l.310 \caption
              {统一仿真器设计与实现流程图}
You're in trouble here.  Try typing  <return>  to proceed.
If that doesn't work, type  X <return>  to quit.

Missing character: There is no 统 ("7EDF) in font nullfont!
Missing character: There is no 一 ("4E00) in font nullfont!
Missing character: There is no 仿 ("4EFF) in font nullfont!
Missing character: There is no 真 ("771F) in font nullfont!
Missing character: There is no 器 ("5668) in font nullfont!
Missing character: There is no 设 ("8BBE) in font nullfont!
Missing character: There is no 计 ("8BA1) in font nullfont!
Missing character: There is no 与 ("4E0E) in font nullfont!
Missing character: There is no 实 ("5B9E) in font nullfont!
Missing character: There is no 现 ("73B0) in font nullfont!
Missing character: There is no 流 ("6D41) in font nullfont!
Missing character: There is no 程 ("7A0B) in font nullfont!
Missing character: There is no 图 ("56FE) in font nullfont!

! LaTeX Error: \begin{document} ended by \end{figure}.

See the LaTeX manual or LaTeX Companion for explanation.
Type  H <return>  for immediate help.
 ...                                              
                                                  
l.312 \end{figure}
                  
Your command was ignored.
Type  I <command> <return>  to replace it with another command,
or  <return>  to continue without it.


Overfull \hbox (20.0pt too wide) in paragraph at lines 307--313
[]
 []


! LaTeX Error: Environment table undefined.

See the LaTeX manual or LaTeX Companion for explanation.
Type  H <return>  for immediate help.
 ...                                              
                                                  
l.348 \begin{table}
                   [htbp]
Your command was ignored.
Type  I <command> <return>  to replace it with another command,
or  <return>  to continue without it.

Missing character: There is no [ ("5B) in font nullfont!
Missing character: There is no h ("68) in font nullfont!
Missing character: There is no t ("74) in font nullfont!
Missing character: There is no b ("62) in font nullfont!
Missing character: There is no p ("70) in font nullfont!
Missing character: There is no ] ("5D) in font nullfont!

! LaTeX Error: \caption outside float.

See the LaTeX manual or LaTeX Companion for explanation.
Type  H <return>  for immediate help.
 ...                                              
                                                  
l.350 ^^I\caption
                 {统一仿真器关键参数汇总}
You're in trouble here.  Try typing  <return>  to proceed.
If that doesn't work, type  X <return>  to quit.

Missing character: There is no 统 ("7EDF) in font nullfont!
Missing character: There is no 一 ("4E00) in font nullfont!
Missing character: There is no 仿 ("4EFF) in font nullfont!
Missing character: There is no 真 ("771F) in font nullfont!
Missing character: There is no 器 ("5668) in font nullfont!
Missing character: There is no 关 ("5173) in font nullfont!
Missing character: There is no 键 ("952E) in font nullfont!
Missing character: There is no 参 ("53C2) in font nullfont!
Missing character: There is no 数 ("6570) in font nullfont!
Missing character: There is no 汇 ("6C47) in font nullfont!
Missing character: There is no 总 ("603B) in font nullfont!
! Undefined control sequence.
l.355 ^^I^^I\toprule
                    
The control sequence at the end of the top line
of your error message was never \def'ed. If you have
misspelled it (e.g., `\hobx'), type `I' and the correct
spelling (e.g., `I\hbox'). Otherwise just continue,
and I'll forget about whatever was undefined.

Missing character: There is no 参 (U+53C2) in font [lmroman10-bold]:mapping=tex-
text;!
Missing character: There is no 数 (U+6570) in font [lmroman10-bold]:mapping=tex-
text;!
Missing character: There is no 类 (U+7C7B) in font [lmroman10-bold]:mapping=tex-
text;!
Missing character: There is no 别 (U+522B) in font [lmroman10-bold]:mapping=tex-
text;!
Missing character: There is no 符 (U+7B26) in font [lmroman10-bold]:mapping=tex-
text;!
Missing character: There is no 号 (U+53F7) in font [lmroman10-bold]:mapping=tex-
text;!
Missing character: There is no 典 (U+5178) in font [lmroman10-bold]:mapping=tex-
text;!
Missing character: There is no 型 (U+578B) in font [lmroman10-bold]:mapping=tex-
text;!
Missing character: There is no 值 (U+503C) in font [lmroman10-bold]:mapping=tex-
text;!
Missing character: There is no 范 (U+8303) in font [lmroman10-bold]:mapping=tex-
text;!
Missing character: There is no 围 (U+56F4) in font [lmroman10-bold]:mapping=tex-
text;!
Missing character: There is no 说 (U+8BF4) in font [lmroman10-bold]:mapping=tex-
text;!
Missing character: There is no 明 (U+660E) in font [lmroman10-bold]:mapping=tex-
text;!
! Undefined control sequence.
<recently read> \midrule 
                         
l.357 ^^I^^I\midrule
                    
The control sequence at the end of the top line
of your error message was never \def'ed. If you have
misspelled it (e.g., `\hobx'), type `I' and the correct
spelling (e.g., `I\hbox'). Otherwise just continue,
and I'll forget about whatever was undefined.

! Undefined control sequence.
l.358 ^^I^^I\multirow
                     {4}{*}{基本参数}
The control sequence at the end of the top line
of your error message was never \def'ed. If you have
misspelled it (e.g., `\hobx'), type `I' and the correct
spelling (e.g., `I\hbox'). Otherwise just continue,
and I'll forget about whatever was undefined.

Missing character: There is no 4 ("34) in font nullfont!
Missing character: There is no * ("2A) in font nullfont!
Missing character: There is no 基 ("57FA) in font nullfont!
Missing character: There is no 本 ("672C) in font nullfont!
Missing character: There is no 参 ("53C2) in font nullfont!
Missing character: There is no 数 ("6570) in font nullfont!
Missing character: There is no 1 ("31) in font nullfont!
Missing character: There is no 0 ("30) in font nullfont!
Missing character: There is no 0 ("30) in font nullfont!
Missing character: There is no 网 ("7F51) in font nullfont!
Missing character: There is no 络 ("7EDC) in font nullfont!
Missing character: There is no 节 ("8282) in font nullfont!
Missing character: There is no 点 ("70B9) in font nullfont!
Missing character: There is no 数 ("6570) in font nullfont!
Missing character: There is no 仿 ("4EFF) in font nullfont!
Missing character: There is no 真 ("771F) in font nullfont!
Missing character: There is no 时 ("65F6) in font nullfont!
Missing character: There is no 隙 ("9699) in font nullfont!
Missing character: There is no 数 ("6570) in font nullfont!
! Undefined control sequence.
<recently read> \text 
                      
l.361 ^^I^^I& $\text
                    {traffic\_type}$ & \{U, B, P\} & 均匀(U)、突发(B)、周期(P) \\
The control sequence at the end of the top line
of your error message was never \def'ed. If you have
misspelled it (e.g., `\hobx'), type `I' and the correct
spelling (e.g., `I\hbox'). Otherwise just continue,
and I'll forget about whatever was undefined.

LaTeX Font Info:    Trying to load font information for OMS+lmr on input line 3
61.
(d:/texlive/2022/texmf-dist/tex/latex/lm/omslmr.fd
File: omslmr.fd 2015/05/01 v1.6.1 Font defs for Latin Modern
)
LaTeX Font Info:    Trying to load font information for OMS+lmsy on input line 
361.

(d:/texlive/2022/texmf-dist/tex/latex/lm/omslmsy.fd
File: omslmsy.fd 2015/05/01 v1.6.1 Font defs for Latin Modern
)
LaTeX Font Info:    Font shape `OMS/lmr/m/n' in size <10> not available
(Font)              Font shape `OMS/lmsy/m/n' tried instead on input line 361.

Missing character: There is no U ("55) in font nullfont!
Missing character: There is no , ("2C) in font nullfont!
Missing character: There is no B ("42) in font nullfont!
Missing character: There is no , ("2C) in font nullfont!
Missing character: There is no P ("50) in font nullfont!
Missing character: There is no 均 ("5747) in font nullfont!
Missing character: There is no 匀 ("5300) in font nullfont!
Missing character: There is no ( ("28) in font nullfont!
Missing character: There is no U ("55) in font nullfont!
Missing character: There is no ) ("29) in font nullfont!
Missing character: There is no 、 ("3001) in font nullfont!
Missing character: There is no 突 ("7A81) in font nullfont!
Missing character: There is no 发 ("53D1) in font nullfont!
Missing character: There is no ( ("28) in font nullfont!
Missing character: There is no B ("42) in font nullfont!
Missing character: There is no ) ("29) in font nullfont!
Missing character: There is no 、 ("3001) in font nullfont!
Missing character: There is no 周 ("5468) in font nullfont!
Missing character: There is no 期 ("671F) in font nullfont!
Missing character: There is no ( ("28) in font nullfont!
Missing character: There is no P ("50) in font nullfont!
Missing character: There is no ) ("29) in font nullfont!
Missing character: There is no 归 ("5F52) in font nullfont!
Missing character: There is no 一 ("4E00) in font nullfont!
Missing character: There is no 化 ("5316) in font nullfont!
Missing character: There is no 网 ("7F51) in font nullfont!
Missing character: There is no 络 ("7EDC) in font nullfont!
Missing character: There is no 平 ("5E73) in font nullfont!
Missing character: There is no 均 ("5747) in font nullfont!
Missing character: There is no 到 ("5230) in font nullfont!
Missing character: There is no 达 ("8FBE) in font nullfont!
Missing character: There is no 率 ("7387) in font nullfont!
! Undefined control sequence.
<recently read> \midrule 
                         
l.363 ^^I^^I\midrule
                    
The control sequence at the end of the top line
of your error message was never \def'ed. If you have
misspelled it (e.g., `\hobx'), type `I' and the correct
spelling (e.g., `I\hbox'). Otherwise just continue,
and I'll forget about whatever was undefined.

! Undefined control sequence.
l.364 ^^I^^I\multirow
                     {1}{*}{SA/SAST参数}
The control sequence at the end of the top line
of your error message was never \def'ed. If you have
misspelled it (e.g., `\hobx'), type `I' and the correct
spelling (e.g., `I\hbox'). Otherwise just continue,
and I'll forget about whatever was undefined.

Missing character: There is no 1 ("31) in font nullfont!
Missing character: There is no * ("2A) in font nullfont!
Missing character: There is no S ("53) in font nullfont!
Missing character: There is no A ("41) in font nullfont!
Missing character: There is no / ("2F) in font nullfont!
Missing character: There is no S ("53) in font nullfont!
Missing character: There is no A ("41) in font nullfont!
Missing character: There is no S ("53) in font nullfont!
Missing character: There is no T ("54) in font nullfont!
Missing character: There is no 参 ("53C2) in font nullfont!
Missing character: There is no 数 ("6570) in font nullfont!
Missing character: There is no 接 ("63A5) in font nullfont!
Missing character: There is no 入 ("5165) in font nullfont!
Missing character: There is no 概 ("6982) in font nullfont!
Missing character: There is no 率 ("7387) in font nullfont!
! Undefined control sequence.
<recently read> \midrule 
                         
l.366 ^^I^^I\midrule
                    
The control sequence at the end of the top line
of your error message was never \def'ed. If you have
misspelled it (e.g., `\hobx'), type `I' and the correct
spelling (e.g., `I\hbox'). Otherwise just continue,
and I'll forget about whatever was undefined.

! Undefined control sequence.
l.367 ^^I^^I\multirow
                     {2}{*}{CBA参数}
The control sequence at the end of the top line
of your error message was never \def'ed. If you have
misspelled it (e.g., `\hobx'), type `I' and the correct
spelling (e.g., `I\hbox'). Otherwise just continue,
and I'll forget about whatever was undefined.

Missing character: There is no 2 ("32) in font nullfont!
Missing character: There is no * ("2A) in font nullfont!
Missing character: There is no C ("43) in font nullfont!
Missing character: There is no B ("42) in font nullfont!
Missing character: There is no A ("41) in font nullfont!
Missing character: There is no 参 ("53C2) in font nullfont!
Missing character: There is no 数 ("6570) in font nullfont!
Missing character: There is no 接 ("63A5) in font nullfont!
Missing character: There is no 入 ("5165) in font nullfont!
Missing character: There is no 概 ("6982) in font nullfont!
Missing character: There is no 率 ("7387) in font nullfont!
Missing character: There is no 连 ("8FDE) in font nullfont!
Missing character: There is no 续 ("7EED) in font nullfont!
Missing character: There is no 传 ("4F20) in font nullfont!
Missing character: There is no 输 ("8F93) in font nullfont!
Missing character: There is no 长 ("957F) in font nullfont!
Missing character: There is no 度 ("5EA6) in font nullfont!
! Undefined control sequence.
<recently read> \bottomrule 
                            
l.370 ^^I^^I\bottomrule
                       
The control sequence at the end of the top line
of your error message was never \def'ed. If you have
misspelled it (e.g., `\hobx'), type `I' and the correct
spelling (e.g., `I\hbox'). Otherwise just continue,
and I'll forget about whatever was undefined.


! LaTeX Error: \begin{document} ended by \end{table}.

See the LaTeX manual or LaTeX Companion for explanation.
Type  H <return>  for immediate help.
 ...                                              
                                                  
l.372 \end{table}
                 
Your command was ignored.
Type  I <command> <return>  to replace it with another command,
or  <return>  to continue without it.

Missing character: There is no 通 ("901A) in font nullfont!
Missing character: There is no 过 ("8FC7) in font nullfont!
Missing character: There is no 上 ("4E0A) in font nullfont!
Missing character: There is no 述 ("8FF0) in font nullfont!
Missing character: There is no 设 ("8BBE) in font nullfont!
Missing character: There is no 计 ("8BA1) in font nullfont!
Missing character: There is no ， ("FF0C) in font nullfont!
Missing character: There is no 统 ("7EDF) in font nullfont!
Missing character: There is no 一 ("4E00) in font nullfont!
Missing character: There is no 仿 ("4EFF) in font nullfont!
Missing character: There is no 真 ("771F) in font nullfont!
Missing character: There is no 器 ("5668) in font nullfont!
Missing character: There is no 能 ("80FD) in font nullfont!
Missing character: There is no 够 ("591F) in font nullfont!
Missing character: There is no 高 ("9AD8) in font nullfont!
Missing character: There is no 效 ("6548) in font nullfont!
Missing character: There is no 、 ("3001) in font nullfont!
Missing character: There is no 准 ("51C6) in font nullfont!
Missing character: There is no 确 ("786E) in font nullfont!
Missing character: There is no 地 ("5730) in font nullfont!
Missing character: There is no 评 ("8BC4) in font nullfont!
Missing character: There is no 估 ("4F30) in font nullfont!
Missing character: There is no 不 ("4E0D) in font nullfont!
Missing character: There is no 同 ("540C) in font nullfont!
Missing character: There is no 协 ("534F) in font nullfont!
Missing character: There is no 议 ("8BAE) in font nullfont!
Missing character: There is no 配 ("914D) in font nullfont!
Missing character: There is no 置 ("7F6E) in font nullfont!
Missing character: There is no 下 ("4E0B) in font nullfont!
Missing character: There is no 的 ("7684) in font nullfont!
Missing character: There is no 网 ("7F51) in font nullfont!
Missing character: There is no 络 ("7EDC) in font nullfont!
Missing character: There is no 性 ("6027) in font nullfont!
Missing character: There is no 能 ("80FD) in font nullfont!
Missing character: There is no ， ("FF0C) in font nullfont!
Missing character: There is no 为 ("4E3A) in font nullfont!
Missing character: There is no 数 ("6570) in font nullfont!
Missing character: There is no 据 ("636E) in font nullfont!
Missing character: There is no 集 ("96C6) in font nullfont!
Missing character: There is no 构 ("6784) in font nullfont!
Missing character: There is no 建 ("5EFA) in font nullfont!
Missing character: There is no 提 ("63D0) in font nullfont!
Missing character: There is no 供 ("4F9B) in font nullfont!
Missing character: There is no 可 ("53EF) in font nullfont!
Missing character: There is no 靠 ("9760) in font nullfont!
Missing character: There is no 的 ("7684) in font nullfont!
Missing character: There is no 性 ("6027) in font nullfont!
Missing character: There is no 能 ("80FD) in font nullfont!
Missing character: There is no 标 ("6807) in font nullfont!
Missing character: There is no 签 ("7B7E) in font nullfont!
Missing character: There is no 。 ("3002) in font nullfont!

Overfull \hbox (20.0pt too wide) in paragraph at lines 348--374
[]
 []


Overfull \hbox (332.54707pt too wide) in paragraph at lines 348--374
[]
 []

! Undefined control sequence.
l.375 \subsection
                 {数据集构建与预处理}
The control sequence at the end of the top line
of your error message was never \def'ed. If you have
misspelled it (e.g., `\hobx'), type `I' and the correct
spelling (e.g., `I\hbox'). Otherwise just continue,
and I'll forget about whatever was undefined.

Missing character: There is no 数 ("6570) in font nullfont!
Missing character: There is no 据 ("636E) in font nullfont!
Missing character: There is no 集 ("96C6) in font nullfont!
Missing character: There is no 构 ("6784) in font nullfont!
Missing character: There is no 建 ("5EFA) in font nullfont!
Missing character: There is no 与 ("4E0E) in font nullfont!
Missing character: There is no 预 ("9884) in font nullfont!
Missing character: There is no 处 ("5904) in font nullfont!
Missing character: There is no 理 ("7406) in font nullfont!

Overfull \hbox (20.0pt too wide) in paragraph at lines 375--377
[]
 []

Missing character: There is no 基 ("57FA) in font nullfont!
Missing character: There is no 于 ("4E8E) in font nullfont!
Missing character: There is no 两 ("4E24) in font nullfont!
Missing character: There is no 阶 ("9636) in font nullfont!
Missing character: There is no 段 ("6BB5) in font nullfont!
Missing character: There is no 采 ("91C7) in font nullfont!
Missing character: There is no 样 ("6837) in font nullfont!
Missing character: There is no 策 ("7B56) in font nullfont!
Missing character: There is no 略 ("7565) in font nullfont!
Missing character: There is no 与 ("4E0E) in font nullfont!
Missing character: There is no 统 ("7EDF) in font nullfont!
Missing character: There is no 一 ("4E00) in font nullfont!
Missing character: There is no 仿 ("4EFF) in font nullfont!
Missing character: There is no 真 ("771F) in font nullfont!
Missing character: There is no 器 ("5668) in font nullfont!
Missing character: There is no ， ("FF0C) in font nullfont!
Missing character: There is no 本 ("672C) in font nullfont!
Missing character: There is no 文 ("6587) in font nullfont!
Missing character: There is no 构 ("6784) in font nullfont!
Missing character: There is no 建 ("5EFA) in font nullfont!
Missing character: There is no 了 ("4E86) in font nullfont!
Missing character: There is no 覆 ("8986) in font nullfont!
Missing character: There is no 盖 ("76D6) in font nullfont!
Missing character: There is no 六 ("516D) in font nullfont!
Missing character: There is no 种 ("79CD) in font nullfont!
Missing character: There is no 协 ("534F) in font nullfont!
Missing character: There is no 议 ("8BAE) in font nullfont!
Missing character: There is no 、 ("3001) in font nullfont!
Missing character: There is no 多 ("591A) in font nullfont!
Missing character: There is no 种 ("79CD) in font nullfont!
Missing character: There is no 流 ("6D41) in font nullfont!
Missing character: There is no 量 ("91CF) in font nullfont!
Missing character: There is no 强 ("5F3A) in font nullfont!
Missing character: There is no 度 ("5EA6) in font nullfont!
Missing character: There is no 与 ("4E0E) in font nullfont!
Missing character: There is no 参 ("53C2) in font nullfont!
Missing character: There is no 数 ("6570) in font nullfont!
Missing character: There is no 配 ("914D) in font nullfont!
Missing character: There is no 置 ("7F6E) in font nullfont!
Missing character: There is no 的 ("7684) in font nullfont!
Missing character: There is no 综 ("7EFC) in font nullfont!
Missing character: There is no 合 ("5408) in font nullfont!
Missing character: There is no 性 ("6027) in font nullfont!
Missing character: There is no 能 ("80FD) in font nullfont!
Missing character: There is no 数 ("6570) in font nullfont!
Missing character: There is no 据 ("636E) in font nullfont!
Missing character: There is no 集 ("96C6) in font nullfont!
Missing character: There is no 。 ("3002) in font nullfont!
Missing character: There is no 数 ("6570) in font nullfont!
Missing character: There is no 据 ("636E) in font nullfont!
Missing character: There is no 集 ("96C6) in font nullfont!
Missing character: There is no 构 ("6784) in font nullfont!
Missing character: There is no 建 ("5EFA) in font nullfont!
Missing character: There is no 过 ("8FC7) in font nullfont!
Missing character: There is no 程 ("7A0B) in font nullfont!
Missing character: There is no 如 ("5982) in font nullfont!
Missing character: There is no 下 ("4E0B) in font nullfont!
Missing character: There is no ： ("FF1A) in font nullfont!

Overfull \hbox (20.0pt too wide) in paragraph at lines 379--380
[] 
 []


Overfull \hbox (20.0pt too wide) in paragraph at lines 381--381
[] 
 []

Missing character: There is no [ ("5B) in font nullfont!
Missing character: There is no l ("6C) in font nullfont!
Missing character: There is no e ("65) in font nullfont!
Missing character: There is no f ("66) in font nullfont!
Missing character: There is no t ("74) in font nullfont!
Missing character: There is no m ("6D) in font nullfont!
Missing character: There is no a ("61) in font nullfont!
Missing character: There is no r ("72) in font nullfont!
Missing character: There is no g ("67) in font nullfont!
Missing character: There is no i ("69) in font nullfont!
Missing character: There is no n ("6E) in font nullfont!
Missing character: There is no = ("3D) in font nullfont!
Missing character: There is no * ("2A) in font nullfont!
Missing character: There is no ] ("5D) in font nullfont!

! LaTeX Error: Something's wrong--perhaps a missing \item.

See the LaTeX manual or LaTeX Companion for explanation.
Type  H <return>  for immediate help.
 ...                                              
                                                  
l.382 ^^I\item \textbf
                      {采样执行}：针对候选协议集合 $\mathcal{P} = \{\text{SA, SAST, CBA}\...

Try typing  <return>  to proceed.
If that doesn't work, type  X <return>  to quit.


! LaTeX Error: Something's wrong--perhaps a missing \item.

See the LaTeX manual or LaTeX Companion for explanation.
Type  H <return>  for immediate help.
 ...                                              
                                                  
l.382 ^^I\item \textbf
                      {采样执行}：针对候选协议集合 $\mathcal{P} = \{\text{SA, SAST, CBA}\...

Try typing  <return>  to proceed.
If that doesn't work, type  X <return>  to quit.


! LaTeX Error: Something's wrong--perhaps a missing \item.

See the LaTeX manual or LaTeX Companion for explanation.
Type  H <return>  for immediate help.
 ...                                              
                                                  
l.382 ^^I\item \textbf
                      {采样执行}：针对候选协议集合 $\mathcal{P} = \{\text{SA, SAST, CBA}\...

Try typing  <return>  to proceed.
If that doesn't work, type  X <return>  to quit.

Missing character: There is no 采 (U+91C7) in font [lmroman10-bold]:mapping=tex-
text;!
Missing character: There is no 样 (U+6837) in font [lmroman10-bold]:mapping=tex-
text;!
Missing character: There is no 执 (U+6267) in font [lmroman10-bold]:mapping=tex-
text;!
Missing character: There is no 行 (U+884C) in font [lmroman10-bold]:mapping=tex-
text;!
Missing character: There is no ： ("FF1A) in font nullfont!
Missing character: There is no 针 ("9488) in font nullfont!
Missing character: There is no 对 ("5BF9) in font nullfont!
Missing character: There is no 候 ("5019) in font nullfont!
Missing character: There is no 选 ("9009) in font nullfont!
Missing character: There is no 协 ("534F) in font nullfont!
Missing character: There is no 议 ("8BAE) in font nullfont!
Missing character: There is no 集 ("96C6) in font nullfont!
Missing character: There is no 合 ("5408) in font nullfont!
! Undefined control sequence.
l.382 ...tbf{采样执行}：针对候选协议集合 $\mathcal{P} = \{\text
                                                  {SA, SAST, CBA}\}$，依照前述网格搜...
The control sequence at the end of the top line
of your error message was never \def'ed. If you have
misspelled it (e.g., `\hobx'), type `I' and the correct
spelling (e.g., `I\hbox'). Otherwise just continue,
and I'll forget about whatever was undefined.

Missing character: There is no ， ("FF0C) in font nullfont!
Missing character: There is no 依 ("4F9D) in font nullfont!
Missing character: There is no 照 ("7167) in font nullfont!
Missing character: There is no 前 ("524D) in font nullfont!
Missing character: There is no 述 ("8FF0) in font nullfont!
Missing character: There is no 网 ("7F51) in font nullfont!
Missing character: There is no 格 ("683C) in font nullfont!
Missing character: There is no 搜 ("641C) in font nullfont!
Missing character: There is no 索 ("7D22) in font nullfont!
Missing character: There is no 策 ("7B56) in font nullfont!
Missing character: There is no 略 ("7565) in font nullfont!
Missing character: There is no 生 ("751F) in font nullfont!
Missing character: There is no 成 ("6210) in font nullfont!
Missing character: There is no 参 ("53C2) in font nullfont!
Missing character: There is no 数 ("6570) in font nullfont!
Missing character: There is no 组 ("7EC4) in font nullfont!
Missing character: There is no 合 ("5408) in font nullfont!
Missing character: There is no 。 ("3002) in font nullfont!
Missing character: There is no 各 ("5404) in font nullfont!
Missing character: There is no 采 ("91C7) in font nullfont!
Missing character: There is no 样 ("6837) in font nullfont!
Missing character: There is no 变 ("53D8) in font nullfont!
Missing character: There is no 量 ("91CF) in font nullfont!
Missing character: There is no 与 ("4E0E) in font nullfont!
Missing character: There is no 仿 ("4EFF) in font nullfont!
Missing character: There is no 真 ("771F) in font nullfont!
Missing character: There is no 器 ("5668) in font nullfont!
Missing character: There is no 关 ("5173) in font nullfont!
Missing character: There is no 键 ("952E) in font nullfont!
Missing character: There is no 参 ("53C2) in font nullfont!
Missing character: There is no 数 ("6570) in font nullfont!
Missing character: There is no 一 ("4E00) in font nullfont!
Missing character: There is no 一 ("4E00) in font nullfont!
Missing character: There is no 对 ("5BF9) in font nullfont!
Missing character: There is no 应 ("5E94) in font nullfont!
Missing character: There is no ， ("FF0C) in font nullfont!
Missing character: There is no 具 ("5177) in font nullfont!
Missing character: There is no 体 ("4F53) in font nullfont!
Missing character: There is no 参 ("53C2) in font nullfont!
Missing character: There is no 数 ("6570) in font nullfont!
Missing character: There is no 名 ("540D) in font nullfont!
Missing character: There is no 称 ("79F0) in font nullfont!
Missing character: There is no 及 ("53CA) in font nullfont!
Missing character: There is no 典 ("5178) in font nullfont!
Missing character: There is no 型 ("578B) in font nullfont!
Missing character: There is no 取 ("53D6) in font nullfont!
Missing character: There is no 值 ("503C) in font nullfont!
Missing character: There is no 范 ("8303) in font nullfont!
Missing character: There is no 围 ("56F4) in font nullfont!
Missing character: There is no 详 ("8BE6) in font nullfont!
Missing character: There is no 见 ("89C1) in font nullfont!
Missing character: There is no 表 ("8868) in font nullfont!
! Undefined control sequence.
<write> ...tab:simulator_params' on page \thepage 
                                                  \space undefined\on@line .^^J
l.382 ...参数名称及典型取值范围详见表~\ref{tab:simulator_params}
                                                  。以SA协议为例，主要参数包括归一化网络平均到达率$...
The control sequence at the end of the top line
of your error message was never \def'ed. If you have
misspelled it (e.g., `\hobx'), type `I' and the correct
spelling (e.g., `I\hbox'). Otherwise just continue,
and I'll forget about whatever was undefined.


LaTeX Warning: Reference `tab:simulator_params' on page  undefined on input lin
e 382.

Missing character: There is no 。 ("3002) in font nullfont!
Missing character: There is no 以 ("4EE5) in font nullfont!
Missing character: There is no S ("53) in font nullfont!
Missing character: There is no A ("41) in font nullfont!
Missing character: There is no 协 ("534F) in font nullfont!
Missing character: There is no 议 ("8BAE) in font nullfont!
Missing character: There is no 为 ("4E3A) in font nullfont!
Missing character: There is no 例 ("4F8B) in font nullfont!
Missing character: There is no ， ("FF0C) in font nullfont!
Missing character: There is no 主 ("4E3B) in font nullfont!
Missing character: There is no 要 ("8981) in font nullfont!
Missing character: There is no 参 ("53C2) in font nullfont!
Missing character: There is no 数 ("6570) in font nullfont!
Missing character: There is no 包 ("5305) in font nullfont!
Missing character: There is no 括 ("62EC) in font nullfont!
Missing character: There is no 归 ("5F52) in font nullfont!
Missing character: There is no 一 ("4E00) in font nullfont!
Missing character: There is no 化 ("5316) in font nullfont!
Missing character: There is no 网 ("7F51) in font nullfont!
Missing character: There is no 络 ("7EDC) in font nullfont!
Missing character: There is no 平 ("5E73) in font nullfont!
Missing character: There is no 均 ("5747) in font nullfont!
Missing character: There is no 到 ("5230) in font nullfont!
Missing character: There is no 达 ("8FBE) in font nullfont!
Missing character: There is no 率 ("7387) in font nullfont!
Missing character: There is no 和 ("548C) in font nullfont!
Missing character: There is no 接 ("63A5) in font nullfont!
Missing character: There is no 入 ("5165) in font nullfont!
Missing character: There is no 概 ("6982) in font nullfont!
Missing character: There is no 率 ("7387) in font nullfont!
Missing character: There is no ， ("FF0C) in font nullfont!
Missing character: There is no 分 ("5206) in font nullfont!
Missing character: There is no 别 ("522B) in font nullfont!
Missing character: There is no 在 ("5728) in font nullfont!
Missing character: There is no 设 ("8BBE) in font nullfont!
Missing character: There is no 定 ("5B9A) in font nullfont!
Missing character: There is no 区 ("533A) in font nullfont!
Missing character: There is no 间 ("95F4) in font nullfont!
Missing character: There is no 内 ("5185) in font nullfont!
Missing character: There is no 均 ("5747) in font nullfont!
Missing character: There is no 匀 ("5300) in font nullfont!
Missing character: There is no 采 ("91C7) in font nullfont!
Missing character: There is no 样 ("6837) in font nullfont!
Missing character: There is no ， ("FF0C) in font nullfont!
Missing character: There is no 最 ("6700) in font nullfont!
Missing character: There is no 终 ("7EC8) in font nullfont!
Missing character: There is no 形 ("5F62) in font nullfont!
Missing character: There is no 成 ("6210) in font nullfont!
Missing character: There is no 多 ("591A) in font nullfont!
Missing character: There is no 组 ("7EC4) in font nullfont!
Missing character: There is no 参 ("53C2) in font nullfont!
Missing character: There is no 数 ("6570) in font nullfont!
Missing character: There is no 配 ("914D) in font nullfont!
Missing character: There is no 置 ("7F6E) in font nullfont!
Missing character: There is no 。 ("3002) in font nullfont!

! LaTeX Error: Something's wrong--perhaps a missing \item.

See the LaTeX manual or LaTeX Companion for explanation.
Type  H <return>  for immediate help.
 ...                                              
                                                  
l.384 ^^I\item \textbf
                      {仿真执行}：对每组参数配置，调用统一仿真器进行仿真实验。仿真器在固定网络规模和仿真时隙数下运行并且返回性能...

Try typing  <return>  to proceed.
If that doesn't work, type  X <return>  to quit.


! LaTeX Error: Something's wrong--perhaps a missing \item.

See the LaTeX manual or LaTeX Companion for explanation.
Type  H <return>  for immediate help.
 ...                                              
                                                  
l.384 ^^I\item \textbf
                      {仿真执行}：对每组参数配置，调用统一仿真器进行仿真实验。仿真器在固定网络规模和仿真时隙数下运行并且返回性能...

Try typing  <return>  to proceed.
If that doesn't work, type  X <return>  to quit.


! LaTeX Error: Something's wrong--perhaps a missing \item.

See the LaTeX manual or LaTeX Companion for explanation.
Type  H <return>  for immediate help.
 ...                                              
                                                  
l.384 ^^I\item \textbf
                      {仿真执行}：对每组参数配置，调用统一仿真器进行仿真实验。仿真器在固定网络规模和仿真时隙数下运行并且返回性能...

Try typing  <return>  to proceed.
If that doesn't work, type  X <return>  to quit.

Missing character: There is no 仿 (U+4EFF) in font [lmroman10-bold]:mapping=tex-
text;!
Missing character: There is no 真 (U+771F) in font [lmroman10-bold]:mapping=tex-
text;!
Missing character: There is no 执 (U+6267) in font [lmroman10-bold]:mapping=tex-
text;!
Missing character: There is no 行 (U+884C) in font [lmroman10-bold]:mapping=tex-
text;!
Missing character: There is no ： ("FF1A) in font nullfont!
Missing character: There is no 对 ("5BF9) in font nullfont!
Missing character: There is no 每 ("6BCF) in font nullfont!
Missing character: There is no 组 ("7EC4) in font nullfont!
Missing character: There is no 参 ("53C2) in font nullfont!
Missing character: There is no 数 ("6570) in font nullfont!
Missing character: There is no 配 ("914D) in font nullfont!
Missing character: There is no 置 ("7F6E) in font nullfont!
Missing character: There is no ， ("FF0C) in font nullfont!
Missing character: There is no 调 ("8C03) in font nullfont!
Missing character: There is no 用 ("7528) in font nullfont!
Missing character: There is no 统 ("7EDF) in font nullfont!
Missing character: There is no 一 ("4E00) in font nullfont!
Missing character: There is no 仿 ("4EFF) in font nullfont!
Missing character: There is no 真 ("771F) in font nullfont!
Missing character: There is no 器 ("5668) in font nullfont!
Missing character: There is no 进 ("8FDB) in font nullfont!
Missing character: There is no 行 ("884C) in font nullfont!
Missing character: There is no 仿 ("4EFF) in font nullfont!
Missing character: There is no 真 ("771F) in font nullfont!
Missing character: There is no 实 ("5B9E) in font nullfont!
Missing character: There is no 验 ("9A8C) in font nullfont!
Missing character: There is no 。 ("3002) in font nullfont!
Missing character: There is no 仿 ("4EFF) in font nullfont!
Missing character: There is no 真 ("771F) in font nullfont!
Missing character: There is no 器 ("5668) in font nullfont!
Missing character: There is no 在 ("5728) in font nullfont!
Missing character: There is no 固 ("56FA) in font nullfont!
Missing character: There is no 定 ("5B9A) in font nullfont!
Missing character: There is no 网 ("7F51) in font nullfont!
Missing character: There is no 络 ("7EDC) in font nullfont!
Missing character: There is no 规 ("89C4) in font nullfont!
Missing character: There is no 模 ("6A21) in font nullfont!
Missing character: There is no 和 ("548C) in font nullfont!
Missing character: There is no 仿 ("4EFF) in font nullfont!
Missing character: There is no 真 ("771F) in font nullfont!
Missing character: There is no 时 ("65F6) in font nullfont!
Missing character: There is no 隙 ("9699) in font nullfont!
Missing character: There is no 数 ("6570) in font nullfont!
Missing character: There is no 下 ("4E0B) in font nullfont!
Missing character: There is no 运 ("8FD0) in font nullfont!
Missing character: There is no 行 ("884C) in font nullfont!
Missing character: There is no 并 ("5E76) in font nullfont!
Missing character: There is no 且 ("4E14) in font nullfont!
Missing character: There is no 返 ("8FD4) in font nullfont!
Missing character: There is no 回 ("56DE) in font nullfont!
Missing character: There is no 性 ("6027) in font nullfont!
Missing character: There is no 能 ("80FD) in font nullfont!
Missing character: There is no 指 ("6307) in font nullfont!
Missing character: There is no 标 ("6807) in font nullfont!
Missing character: There is no 的 ("7684) in font nullfont!
Missing character: There is no 最 ("6700) in font nullfont!
Missing character: There is no 终 ("7EC8) in font nullfont!
Missing character: There is no 结 ("7ED3) in font nullfont!
Missing character: There is no 果 ("679C) in font nullfont!
Missing character: There is no 。 ("3002) in font nullfont!
Missing character: There is no 为 ("4E3A) in font nullfont!
Missing character: There is no 减 ("51CF) in font nullfont!
Missing character: There is no 小 ("5C0F) in font nullfont!
Missing character: There is no 随 ("968F) in font nullfont!
Missing character: There is no 机 ("673A) in font nullfont!
Missing character: There is no 性 ("6027) in font nullfont!
Missing character: There is no 影 ("5F71) in font nullfont!
Missing character: There is no 响 ("54CD) in font nullfont!
Missing character: There is no ， ("FF0C) in font nullfont!
Missing character: There is no 每 ("6BCF) in font nullfont!
Missing character: There is no 组 ("7EC4) in font nullfont!
Missing character: There is no 配 ("914D) in font nullfont!
Missing character: There is no 置 ("7F6E) in font nullfont!
Missing character: There is no 重 ("91CD) in font nullfont!
Missing character: There is no 复 ("590D) in font nullfont!
Missing character: There is no 多 ("591A) in font nullfont!
Missing character: There is no 次 ("6B21) in font nullfont!
Missing character: There is no 独 ("72EC) in font nullfont!
Missing character: There is no 立 ("7ACB) in font nullfont!
Missing character: There is no 实 ("5B9E) in font nullfont!
Missing character: There is no 验 ("9A8C) in font nullfont!
Missing character: There is no ， ("FF0C) in font nullfont!
Missing character: There is no 最 ("6700) in font nullfont!
Missing character: There is no 终 ("7EC8) in font nullfont!
Missing character: There is no 以 ("4EE5) in font nullfont!
Missing character: There is no 各 ("5404) in font nullfont!
Missing character: There is no 项 ("9879) in font nullfont!
Missing character: There is no 性 ("6027) in font nullfont!
Missing character: There is no 能 ("80FD) in font nullfont!
Missing character: There is no 指 ("6307) in font nullfont!
Missing character: There is no 标 ("6807) in font nullfont!
Missing character: There is no 的 ("7684) in font nullfont!
Missing character: There is no 均 ("5747) in font nullfont!
Missing character: There is no 值 ("503C) in font nullfont!
Missing character: There is no 作 ("4F5C) in font nullfont!
Missing character: There is no 为 ("4E3A) in font nullfont!
Missing character: There is no 该 ("8BE5) in font nullfont!
Missing character: There is no 配 ("914D) in font nullfont!
Missing character: There is no 置 ("7F6E) in font nullfont!
Missing character: There is no 的 ("7684) in font nullfont!
Missing character: There is no 性 ("6027) in font nullfont!
Missing character: There is no 能 ("80FD) in font nullfont!
Missing character: There is no 标 ("6807) in font nullfont!
Missing character: There is no 签 ("7B7E) in font nullfont!
Missing character: There is no 。 ("3002) in font nullfont!

! LaTeX Error: Something's wrong--perhaps a missing \item.

See the LaTeX manual or LaTeX Companion for explanation.
Type  H <return>  for immediate help.
 ...                                              
                                                  
l.386 ^^I\item \textbf
                      {数据清洗}：对仿真结果进行筛查，剔除仿真失败或出现异常值的样本，并对极端异常值进行标记。表~\ref{ta...

Try typing  <return>  to proceed.
If that doesn't work, type  X <return>  to quit.


! LaTeX Error: Something's wrong--perhaps a missing \item.

See the LaTeX manual or LaTeX Companion for explanation.
Type  H <return>  for immediate help.
 ...                                              
                                                  
l.386 ^^I\item \textbf
                      {数据清洗}：对仿真结果进行筛查，剔除仿真失败或出现异常值的样本，并对极端异常值进行标记。表~\ref{ta...

Try typing  <return>  to proceed.
If that doesn't work, type  X <return>  to quit.


! LaTeX Error: Something's wrong--perhaps a missing \item.

See the LaTeX manual or LaTeX Companion for explanation.
Type  H <return>  for immediate help.
 ...                                              
                                                  
l.386 ^^I\item \textbf
                      {数据清洗}：对仿真结果进行筛查，剔除仿真失败或出现异常值的样本，并对极端异常值进行标记。表~\ref{ta...

Try typing  <return>  to proceed.
If that doesn't work, type  X <return>  to quit.

Missing character: There is no 数 (U+6570) in font [lmroman10-bold]:mapping=tex-
text;!
Missing character: There is no 据 (U+636E) in font [lmroman10-bold]:mapping=tex-
text;!
Missing character: There is no 清 (U+6E05) in font [lmroman10-bold]:mapping=tex-
text;!
Missing character: There is no 洗 (U+6D17) in font [lmroman10-bold]:mapping=tex-
text;!
Missing character: There is no ： ("FF1A) in font nullfont!
Missing character: There is no 对 ("5BF9) in font nullfont!
Missing character: There is no 仿 ("4EFF) in font nullfont!
Missing character: There is no 真 ("771F) in font nullfont!
Missing character: There is no 结 ("7ED3) in font nullfont!
Missing character: There is no 果 ("679C) in font nullfont!
Missing character: There is no 进 ("8FDB) in font nullfont!
Missing character: There is no 行 ("884C) in font nullfont!
Missing character: There is no 筛 ("7B5B) in font nullfont!
Missing character: There is no 查 ("67E5) in font nullfont!
Missing character: There is no ， ("FF0C) in font nullfont!
Missing character: There is no 剔 ("5254) in font nullfont!
Missing character: There is no 除 ("9664) in font nullfont!
Missing character: There is no 仿 ("4EFF) in font nullfont!
Missing character: There is no 真 ("771F) in font nullfont!
Missing character: There is no 失 ("5931) in font nullfont!
Missing character: There is no 败 ("8D25) in font nullfont!
Missing character: There is no 或 ("6216) in font nullfont!
Missing character: There is no 出 ("51FA) in font nullfont!
Missing character: There is no 现 ("73B0) in font nullfont!
Missing character: There is no 异 ("5F02) in font nullfont!
Missing character: There is no 常 ("5E38) in font nullfont!
Missing character: There is no 值 ("503C) in font nullfont!
Missing character: There is no 的 ("7684) in font nullfont!
Missing character: There is no 样 ("6837) in font nullfont!
Missing character: There is no 本 ("672C) in font nullfont!
Missing character: There is no ， ("FF0C) in font nullfont!
Missing character: There is no 并 ("5E76) in font nullfont!
Missing character: There is no 对 ("5BF9) in font nullfont!
Missing character: There is no 极 ("6781) in font nullfont!
Missing character: There is no 端 ("7AEF) in font nullfont!
Missing character: There is no 异 ("5F02) in font nullfont!
Missing character: There is no 常 ("5E38) in font nullfont!
Missing character: There is no 值 ("503C) in font nullfont!
Missing character: There is no 进 ("8FDB) in font nullfont!
Missing character: There is no 行 ("884C) in font nullfont!
Missing character: There is no 标 ("6807) in font nullfont!
Missing character: There is no 记 ("8BB0) in font nullfont!
Missing character: There is no 。 ("3002) in font nullfont!
Missing character: There is no 表 ("8868) in font nullfont!
! Undefined control sequence.
<write> ...`tab:dataset_summary' on page \thepage 
                                                  \space undefined\on@line .^^J
l.386 ...本，并对极端异常值进行标记。表~\ref{tab:dataset_summary}
                                                  中的“采样配置数”与“有效样本数”分别反映了数据清洗...
The control sequence at the end of the top line
of your error message was never \def'ed. If you have
misspelled it (e.g., `\hobx'), type `I' and the correct
spelling (e.g., `I\hbox'). Otherwise just continue,
and I'll forget about whatever was undefined.


LaTeX Warning: Reference `tab:dataset_summary' on page  undefined on input line
 386.

Missing character: There is no 中 ("4E2D) in font nullfont!
Missing character: There is no 的 ("7684) in font nullfont!
Missing character: There is no “ ("201C) in font nullfont!
Missing character: There is no 采 ("91C7) in font nullfont!
Missing character: There is no 样 ("6837) in font nullfont!
Missing character: There is no 配 ("914D) in font nullfont!
Missing character: There is no 置 ("7F6E) in font nullfont!
Missing character: There is no 数 ("6570) in font nullfont!
Missing character: There is no ” ("201D) in font nullfont!
Missing character: There is no 与 ("4E0E) in font nullfont!
Missing character: There is no “ ("201C) in font nullfont!
Missing character: There is no 有 ("6709) in font nullfont!
Missing character: There is no 效 ("6548) in font nullfont!
Missing character: There is no 样 ("6837) in font nullfont!
Missing character: There is no 本 ("672C) in font nullfont!
Missing character: There is no 数 ("6570) in font nullfont!
Missing character: There is no ” ("201D) in font nullfont!
Missing character: There is no 分 ("5206) in font nullfont!
Missing character: There is no 别 ("522B) in font nullfont!
Missing character: There is no 反 ("53CD) in font nullfont!
Missing character: There is no 映 ("6620) in font nullfont!
Missing character: There is no 了 ("4E86) in font nullfont!
Missing character: There is no 数 ("6570) in font nullfont!
Missing character: There is no 据 ("636E) in font nullfont!
Missing character: There is no 清 ("6E05) in font nullfont!
Missing character: There is no 洗 ("6D17) in font nullfont!
Missing character: There is no 前 ("524D) in font nullfont!
Missing character: There is no 后 ("540E) in font nullfont!
Missing character: There is no 的 ("7684) in font nullfont!
Missing character: There is no 样 ("6837) in font nullfont!
Missing character: There is no 本 ("672C) in font nullfont!
Missing character: There is no 统 ("7EDF) in font nullfont!
Missing character: There is no 计 ("8BA1) in font nullfont!
Missing character: There is no 。 ("3002) in font nullfont!

! LaTeX Error: Something's wrong--perhaps a missing \item.

See the LaTeX manual or LaTeX Companion for explanation.
Type  H <return>  for immediate help.
 ...                                              
                                                  
l.388 ^^I\item \textbf
                      {归一化处理}：对连续型特征保持在定义域内，流量特征已在特征提取阶段归一化至特定区间。离散型特征采用适当的编...

Try typing  <return>  to proceed.
If that doesn't work, type  X <return>  to quit.


! LaTeX Error: Something's wrong--perhaps a missing \item.

See the LaTeX manual or LaTeX Companion for explanation.
Type  H <return>  for immediate help.
 ...                                              
                                                  
l.388 ^^I\item \textbf
                      {归一化处理}：对连续型特征保持在定义域内，流量特征已在特征提取阶段归一化至特定区间。离散型特征采用适当的编...

Try typing  <return>  to proceed.
If that doesn't work, type  X <return>  to quit.


! LaTeX Error: Something's wrong--perhaps a missing \item.

See the LaTeX manual or LaTeX Companion for explanation.
Type  H <return>  for immediate help.
 ...                                              
                                                  
l.388 ^^I\item \textbf
                      {归一化处理}：对连续型特征保持在定义域内，流量特征已在特征提取阶段归一化至特定区间。离散型特征采用适当的编...

Try typing  <return>  to proceed.
If that doesn't work, type  X <return>  to quit.

Missing character: There is no 归 (U+5F52) in font [lmroman10-bold]:mapping=tex-
text;!
Missing character: There is no 一 (U+4E00) in font [lmroman10-bold]:mapping=tex-
text;!
Missing character: There is no 化 (U+5316) in font [lmroman10-bold]:mapping=tex-
text;!
Missing character: There is no 处 (U+5904) in font [lmroman10-bold]:mapping=tex-
text;!
Missing character: There is no 理 (U+7406) in font [lmroman10-bold]:mapping=tex-
text;!
Missing character: There is no ： ("FF1A) in font nullfont!
Missing character: There is no 对 ("5BF9) in font nullfont!
Missing character: There is no 连 ("8FDE) in font nullfont!
Missing character: There is no 续 ("7EED) in font nullfont!
Missing character: There is no 型 ("578B) in font nullfont!
Missing character: There is no 特 ("7279) in font nullfont!
Missing character: There is no 征 ("5F81) in font nullfont!
Missing character: There is no 保 ("4FDD) in font nullfont!
Missing character: There is no 持 ("6301) in font nullfont!
Missing character: There is no 在 ("5728) in font nullfont!
Missing character: There is no 定 ("5B9A) in font nullfont!
Missing character: There is no 义 ("4E49) in font nullfont!
Missing character: There is no 域 ("57DF) in font nullfont!
Missing character: There is no 内 ("5185) in font nullfont!
Missing character: There is no ， ("FF0C) in font nullfont!
Missing character: There is no 流 ("6D41) in font nullfont!
Missing character: There is no 量 ("91CF) in font nullfont!
Missing character: There is no 特 ("7279) in font nullfont!
Missing character: There is no 征 ("5F81) in font nullfont!
Missing character: There is no 已 ("5DF2) in font nullfont!
Missing character: There is no 在 ("5728) in font nullfont!
Missing character: There is no 特 ("7279) in font nullfont!
Missing character: There is no 征 ("5F81) in font nullfont!
Missing character: There is no 提 ("63D0) in font nullfont!
Missing character: There is no 取 ("53D6) in font nullfont!
Missing character: There is no 阶 ("9636) in font nullfont!
Missing character: There is no 段 ("6BB5) in font nullfont!
Missing character: There is no 归 ("5F52) in font nullfont!
Missing character: There is no 一 ("4E00) in font nullfont!
Missing character: There is no 化 ("5316) in font nullfont!
Missing character: There is no 至 ("81F3) in font nullfont!
Missing character: There is no 特 ("7279) in font nullfont!
Missing character: There is no 定 ("5B9A) in font nullfont!
Missing character: There is no 区 ("533A) in font nullfont!
Missing character: There is no 间 ("95F4) in font nullfont!
Missing character: There is no 。 ("3002) in font nullfont!
Missing character: There is no 离 ("79BB) in font nullfont!
Missing character: There is no 散 ("6563) in font nullfont!
Missing character: There is no 型 ("578B) in font nullfont!
Missing character: There is no 特 ("7279) in font nullfont!
Missing character: There is no 征 ("5F81) in font nullfont!
Missing character: There is no 采 ("91C7) in font nullfont!
Missing character: There is no 用 ("7528) in font nullfont!
Missing character: There is no 适 ("9002) in font nullfont!
Missing character: There is no 当 ("5F53) in font nullfont!
Missing character: There is no 的 ("7684) in font nullfont!
Missing character: There is no 编 ("7F16) in font nullfont!
Missing character: There is no 码 ("7801) in font nullfont!
Missing character: There is no 方 ("65B9) in font nullfont!
Missing character: There is no 式 ("5F0F) in font nullfont!
Missing character: There is no 。 ("3002) in font nullfont!
Missing character: There is no 性 ("6027) in font nullfont!
Missing character: There is no 能 ("80FD) in font nullfont!
Missing character: There is no 指 ("6307) in font nullfont!
Missing character: There is no 标 ("6807) in font nullfont!
Missing character: There is no 采 ("91C7) in font nullfont!
Missing character: There is no 用 ("7528) in font nullfont!
Missing character: There is no 标 ("6807) in font nullfont!
Missing character: There is no 准 ("51C6) in font nullfont!
Missing character: There is no 化 ("5316) in font nullfont!
Missing character: There is no 处 ("5904) in font nullfont!
Missing character: There is no 理 ("7406) in font nullfont!
Missing character: There is no ， ("FF0C) in font nullfont!
Missing character: There is no 以 ("4EE5) in font nullfont!
Missing character: There is no 提 ("63D0) in font nullfont!
Missing character: There is no 升 ("5347) in font nullfont!
Missing character: There is no 后 ("540E) in font nullfont!
Missing character: There is no 续 ("7EED) in font nullfont!
Missing character: There is no 模 ("6A21) in font nullfont!
Missing character: There is no 型 ("578B) in font nullfont!
Missing character: There is no 训 ("8BAD) in font nullfont!
Missing character: There is no 练 ("7EC3) in font nullfont!
Missing character: There is no 的 ("7684) in font nullfont!
Missing character: There is no 效 ("6548) in font nullfont!
Missing character: There is no 率 ("7387) in font nullfont!
Missing character: There is no 和 ("548C) in font nullfont!
Missing character: There is no 稳 ("7A33) in font nullfont!
Missing character: There is no 定 ("5B9A) in font nullfont!
Missing character: There is no 性 ("6027) in font nullfont!
Missing character: There is no 。 ("3002) in font nullfont!

! LaTeX Error: Something's wrong--perhaps a missing \item.

See the LaTeX manual or LaTeX Companion for explanation.
Type  H <return>  for immediate help.
 ...                                              
                                                  
l.390 ^^I\item \textbf
                      {数据划分}：将数据集划分为训练集、验证集和测试集。为保证协议类型在各子集中分布均衡，采用分层随机划分策略，...

Try typing  <return>  to proceed.
If that doesn't work, type  X <return>  to quit.


! LaTeX Error: Something's wrong--perhaps a missing \item.

See the LaTeX manual or LaTeX Companion for explanation.
Type  H <return>  for immediate help.
 ...                                              
                                                  
l.390 ^^I\item \textbf
                      {数据划分}：将数据集划分为训练集、验证集和测试集。为保证协议类型在各子集中分布均衡，采用分层随机划分策略，...

Try typing  <return>  to proceed.
If that doesn't work, type  X <return>  to quit.


! LaTeX Error: Something's wrong--perhaps a missing \item.

See the LaTeX manual or LaTeX Companion for explanation.
Type  H <return>  for immediate help.
 ...                                              
                                                  
l.390 ^^I\item \textbf
                      {数据划分}：将数据集划分为训练集、验证集和测试集。为保证协议类型在各子集中分布均衡，采用分层随机划分策略，...

Try typing  <return>  to proceed.
If that doesn't work, type  X <return>  to quit.

Missing character: There is no 数 (U+6570) in font [lmroman10-bold]:mapping=tex-
text;!
Missing character: There is no 据 (U+636E) in font [lmroman10-bold]:mapping=tex-
text;!
Missing character: There is no 划 (U+5212) in font [lmroman10-bold]:mapping=tex-
text;!
Missing character: There is no 分 (U+5206) in font [lmroman10-bold]:mapping=tex-
text;!
Missing character: There is no ： ("FF1A) in font nullfont!
Missing character: There is no 将 ("5C06) in font nullfont!
Missing character: There is no 数 ("6570) in font nullfont!
Missing character: There is no 据 ("636E) in font nullfont!
Missing character: There is no 集 ("96C6) in font nullfont!
Missing character: There is no 划 ("5212) in font nullfont!
Missing character: There is no 分 ("5206) in font nullfont!
Missing character: There is no 为 ("4E3A) in font nullfont!
Missing character: There is no 训 ("8BAD) in font nullfont!
Missing character: There is no 练 ("7EC3) in font nullfont!
Missing character: There is no 集 ("96C6) in font nullfont!
Missing character: There is no 、 ("3001) in font nullfont!
Missing character: There is no 验 ("9A8C) in font nullfont!
Missing character: There is no 证 ("8BC1) in font nullfont!
Missing character: There is no 集 ("96C6) in font nullfont!
Missing character: There is no 和 ("548C) in font nullfont!
Missing character: There is no 测 ("6D4B) in font nullfont!
Missing character: There is no 试 ("8BD5) in font nullfont!
Missing character: There is no 集 ("96C6) in font nullfont!
Missing character: There is no 。 ("3002) in font nullfont!
Missing character: There is no 为 ("4E3A) in font nullfont!
Missing character: There is no 保 ("4FDD) in font nullfont!
Missing character: There is no 证 ("8BC1) in font nullfont!
Missing character: There is no 协 ("534F) in font nullfont!
Missing character: There is no 议 ("8BAE) in font nullfont!
Missing character: There is no 类 ("7C7B) in font nullfont!
Missing character: There is no 型 ("578B) in font nullfont!
Missing character: There is no 在 ("5728) in font nullfont!
Missing character: There is no 各 ("5404) in font nullfont!
Missing character: There is no 子 ("5B50) in font nullfont!
Missing character: There is no 集 ("96C6) in font nullfont!
Missing character: There is no 中 ("4E2D) in font nullfont!
Missing character: There is no 分 ("5206) in font nullfont!
Missing character: There is no 布 ("5E03) in font nullfont!
Missing character: There is no 均 ("5747) in font nullfont!
Missing character: There is no 衡 ("8861) in font nullfont!
Missing character: There is no ， ("FF0C) in font nullfont!
Missing character: There is no 采 ("91C7) in font nullfont!
Missing character: There is no 用 ("7528) in font nullfont!
Missing character: There is no 分 ("5206) in font nullfont!
Missing character: There is no 层 ("5C42) in font nullfont!
Missing character: There is no 随 ("968F) in font nullfont!
Missing character: There is no 机 ("673A) in font nullfont!
Missing character: There is no 划 ("5212) in font nullfont!
Missing character: There is no 分 ("5206) in font nullfont!
Missing character: There is no 策 ("7B56) in font nullfont!
Missing character: There is no 略 ("7565) in font nullfont!
Missing character: There is no ， ("FF0C) in font nullfont!
Missing character: There is no 确 ("786E) in font nullfont!
Missing character: There is no 保 ("4FDD) in font nullfont!
Missing character: There is no 数 ("6570) in font nullfont!
Missing character: There is no 据 ("636E) in font nullfont!
Missing character: There is no 划 ("5212) in font nullfont!
Missing character: There is no 分 ("5206) in font nullfont!
Missing character: There is no 的 ("7684) in font nullfont!
Missing character: There is no 科 ("79D1) in font nullfont!
Missing character: There is no 学 ("5B66) in font nullfont!
Missing character: There is no 性 ("6027) in font nullfont!
Missing character: There is no 和 ("548C) in font nullfont!
Missing character: There is no 代 ("4EE3) in font nullfont!
Missing character: There is no 表 ("8868) in font nullfont!
Missing character: There is no 性 ("6027) in font nullfont!
Missing character: There is no 。 ("3002) in font nullfont!

! LaTeX Error: Something's wrong--perhaps a missing \item.

See the LaTeX manual or LaTeX Companion for explanation.
Type  H <return>  for immediate help.
 ...                                              
                                                  
l.391 \end{enumerate}
                     
Try typing  <return>  to proceed.
If that doesn't work, type  X <return>  to quit.


Overfull \hbox (11.2pt too wide) in paragraph at lines 381--391
[]\TU/lmr/bx/n/10 采样执行
 []


Overfull \hbox (18.33331pt too wide) in paragraph at lines 381--391
\OMS/cmsy/m/n/10 P \OT1/cmr/m/n/10 =
 []


Overfull \hbox (100.83359pt too wide) in paragraph at lines 381--391
\OMS/cmsy/m/n/10 f[]g$ []$[]$
 []


Overfull \hbox (4.8229pt too wide) in paragraph at lines 381--391
\OML/cmm/m/it/10 q$
 []


Overfull \hbox (11.2pt too wide) in paragraph at lines 381--391
[]\TU/lmr/bx/n/10 仿真执行
 []


Overfull \hbox (22.06pt too wide) in paragraph at lines 381--391
[]\TU/lmr/bx/n/10 数据清洗 []
 []


Overfull \hbox (14.0pt too wide) in paragraph at lines 381--391
[]\TU/lmr/bx/n/10 归一化处理
 []


Overfull \hbox (11.2pt too wide) in paragraph at lines 381--391
[]\TU/lmr/bx/n/10 数据划分 
 []

Missing character: There is no 表 ("8868) in font nullfont!
! Undefined control sequence.
<write> ...`tab:dataset_summary' on page \thepage 
                                                  \space undefined\on@line .^^J
l.393 表~\ref{tab:dataset_summary}
                                  总结了最终数据集的统计特性。
The control sequence at the end of the top line
of your error message was never \def'ed. If you have
misspelled it (e.g., `\hobx'), type `I' and the correct
spelling (e.g., `I\hbox'). Otherwise just continue,
and I'll forget about whatever was undefined.


LaTeX Warning: Reference `tab:dataset_summary' on page  undefined on input line
 393.

Missing character: There is no 总 ("603B) in font nullfont!
Missing character: There is no 结 ("7ED3) in font nullfont!
Missing character: There is no 了 ("4E86) in font nullfont!
Missing character: There is no 最 ("6700) in font nullfont!
Missing character: There is no 终 ("7EC8) in font nullfont!
Missing character: There is no 数 ("6570) in font nullfont!
Missing character: There is no 据 ("636E) in font nullfont!
Missing character: There is no 集 ("96C6) in font nullfont!
Missing character: There is no 的 ("7684) in font nullfont!
Missing character: There is no 统 ("7EDF) in font nullfont!
Missing character: There is no 计 ("8BA1) in font nullfont!
Missing character: There is no 特 ("7279) in font nullfont!
Missing character: There is no 性 ("6027) in font nullfont!
Missing character: There is no 。 ("3002) in font nullfont!

Overfull \hbox (30.86pt too wide) in paragraph at lines 393--394
[] []
 []


! LaTeX Error: Environment table undefined.

See the LaTeX manual or LaTeX Companion for explanation.
Type  H <return>  for immediate help.
 ...                                              
                                                  
l.395 \begin{table}
                   [htbp]
Your command was ignored.
Type  I <command> <return>  to replace it with another command,
or  <return>  to continue without it.

Missing character: There is no [ ("5B) in font nullfont!
Missing character: There is no h ("68) in font nullfont!
Missing character: There is no t ("74) in font nullfont!
Missing character: There is no b ("62) in font nullfont!
Missing character: There is no p ("70) in font nullfont!
Missing character: There is no ] ("5D) in font nullfont!

! LaTeX Error: \caption outside float.

See the LaTeX manual or LaTeX Companion for explanation.
Type  H <return>  for immediate help.
 ...                                              
                                                  
l.397 ^^I\caption
                 {仿真数据集统计摘要}
You're in trouble here.  Try typing  <return>  to proceed.
If that doesn't work, type  X <return>  to quit.

Missing character: There is no 仿 ("4EFF) in font nullfont!
Missing character: There is no 真 ("771F) in font nullfont!
Missing character: There is no 数 ("6570) in font nullfont!
Missing character: There is no 据 ("636E) in font nullfont!
Missing character: There is no 集 ("96C6) in font nullfont!
Missing character: There is no 统 ("7EDF) in font nullfont!
Missing character: There is no 计 ("8BA1) in font nullfont!
Missing character: There is no 摘 ("6458) in font nullfont!
Missing character: There is no 要 ("8981) in font nullfont!
! Undefined control sequence.
l.401 ^^I\toprule
                 
The control sequence at the end of the top line
of your error message was never \def'ed. If you have
misspelled it (e.g., `\hobx'), type `I' and the correct
spelling (e.g., `I\hbox'). Otherwise just continue,
and I'll forget about whatever was undefined.

Missing character: There is no 协 (U+534F) in font [lmroman10-bold]:mapping=tex-
text;!
Missing character: There is no 议 (U+8BAE) in font [lmroman10-bold]:mapping=tex-
text;!
Missing character: There is no 类 (U+7C7B) in font [lmroman10-bold]:mapping=tex-
text;!
Missing character: There is no 型 (U+578B) in font [lmroman10-bold]:mapping=tex-
text;!
Missing character: There is no 参 (U+53C2) in font [lmroman10-bold]:mapping=tex-
text;!
Missing character: There is no 数 (U+6570) in font [lmroman10-bold]:mapping=tex-
text;!
Missing character: There is no 维 (U+7EF4) in font [lmroman10-bold]:mapping=tex-
text;!
Missing character: There is no 度 (U+5EA6) in font [lmroman10-bold]:mapping=tex-
text;!
Missing character: There is no 采 (U+91C7) in font [lmroman10-bold]:mapping=tex-
text;!
Missing character: There is no 样 (U+6837) in font [lmroman10-bold]:mapping=tex-
text;!
Missing character: There is no 配 (U+914D) in font [lmroman10-bold]:mapping=tex-
text;!
Missing character: There is no 置 (U+7F6E) in font [lmroman10-bold]:mapping=tex-
text;!
Missing character: There is no 数 (U+6570) in font [lmroman10-bold]:mapping=tex-
text;!
Missing character: There is no 有 (U+6709) in font [lmroman10-bold]:mapping=tex-
text;!
Missing character: There is no 效 (U+6548) in font [lmroman10-bold]:mapping=tex-
text;!
Missing character: There is no 样 (U+6837) in font [lmroman10-bold]:mapping=tex-
text;!
Missing character: There is no 本 (U+672C) in font [lmroman10-bold]:mapping=tex-
text;!
Missing character: There is no 数 (U+6570) in font [lmroman10-bold]:mapping=tex-
text;!
Missing character: There is no 归 (U+5F52) in font [lmroman10-bold]:mapping=tex-
text;!
Missing character: There is no 一 (U+4E00) in font [lmroman10-bold]:mapping=tex-
text;!
Missing character: There is no 化 (U+5316) in font [lmroman10-bold]:mapping=tex-
text;!
Missing character: There is no 网 (U+7F51) in font [lmroman10-bold]:mapping=tex-
text;!
Missing character: There is no 络 (U+7EDC) in font [lmroman10-bold]:mapping=tex-
text;!
Missing character: There is no 平 (U+5E73) in font [lmroman10-bold]:mapping=tex-
text;!
Missing character: There is no 均 (U+5747) in font [lmroman10-bold]:mapping=tex-
text;!
Missing character: There is no 到 (U+5230) in font [lmroman10-bold]:mapping=tex-
text;!
Missing character: There is no 达 (U+8FBE) in font [lmroman10-bold]:mapping=tex-
text;!
Missing character: There is no 率 (U+7387) in font [lmroman10-bold]:mapping=tex-
text;!
Missing character: There is no 范 (U+8303) in font [lmroman10-bold]:mapping=tex-
text;!
Missing character: There is no 围 (U+56F4) in font [lmroman10-bold]:mapping=tex-
text;!
Missing character: There is no （ (U+FF08) in font [lmroman10-bold]:mapping=tex-
text;!
Missing character: There is no ） (U+FF09) in font [lmroman10-bold]:mapping=tex-
text;!
! Undefined control sequence.
<recently read> \midrule 
                         
l.403 ^^I\midrule
                 
The control sequence at the end of the top line
of your error message was never \def'ed. If you have
misspelled it (e.g., `\hobx'), type `I' and the correct
spelling (e.g., `I\hbox'). Otherwise just continue,
and I'll forget about whatever was undefined.

Missing character: There is no S ("53) in font nullfont!
Missing character: There is no A ("41) in font nullfont!
Missing character: There is no 2 ("32) in font nullfont!
Missing character: There is no 4 ("34) in font nullfont!
Missing character: There is no 0 ("30) in font nullfont!
Missing character: There is no 0 ("30) in font nullfont!
Missing character: There is no 3 ("33) in font nullfont!
Missing character: There is no 9 ("39) in font nullfont!
Missing character: There is no 5 ("35) in font nullfont!
Missing character: There is no S ("53) in font nullfont!
Missing character: There is no A ("41) in font nullfont!
Missing character: There is no S ("53) in font nullfont!
Missing character: There is no T ("54) in font nullfont!
Missing character: There is no 3 ("33) in font nullfont!
Missing character: There is no 8 ("38) in font nullfont!
Missing character: There is no 0 ("30) in font nullfont!
Missing character: There is no 0 ("30) in font nullfont!
Missing character: There is no 7 ("37) in font nullfont!
Missing character: There is no 8 ("38) in font nullfont!
Missing character: There is no 2 ("32) in font nullfont!
Missing character: There is no C ("43) in font nullfont!
Missing character: There is no B ("42) in font nullfont!
Missing character: There is no A ("41) in font nullfont!
Missing character: There is no 3 ("33) in font nullfont!
Missing character: There is no 8 ("38) in font nullfont!
Missing character: There is no 0 ("30) in font nullfont!
Missing character: There is no 0 ("30) in font nullfont!
Missing character: There is no 7 ("37) in font nullfont!
Missing character: There is no 9 ("39) in font nullfont!
Missing character: There is no 1 ("31) in font nullfont!
! Undefined control sequence.
<recently read> \midrule 
                         
l.407 ^^I\midrule
                 
The control sequence at the end of the top line
of your error message was never \def'ed. If you have
misspelled it (e.g., `\hobx'), type `I' and the correct
spelling (e.g., `I\hbox'). Otherwise just continue,
and I'll forget about whatever was undefined.

Missing character: There is no 总 (U+603B) in font [lmroman10-bold]:mapping=tex-
text;!
Missing character: There is no 计 (U+8BA1) in font [lmroman10-bold]:mapping=tex-
text;!
Missing character: There is no - ("2D) in font nullfont!
Missing character: There is no - ("2D) in font nullfont!
Missing character: There is no - ("2D) in font nullfont!
Missing character: There is no - ("2D) in font nullfont!
! Undefined control sequence.
<recently read> \bottomrule 
                            
l.409 ^^I\bottomrule
                    
The control sequence at the end of the top line
of your error message was never \def'ed. If you have
misspelled it (e.g., `\hobx'), type `I' and the correct
spelling (e.g., `I\hbox'). Otherwise just continue,
and I'll forget about whatever was undefined.


! LaTeX Error: \begin{document} ended by \end{table}.

See the LaTeX manual or LaTeX Companion for explanation.
Type  H <return>  for immediate help.
 ...                                              
                                                  
l.411 \end{table}
                 
Your command was ignored.
Type  I <command> <return>  to replace it with another command,
or  <return>  to continue without it.


Overfull \hbox (20.0pt too wide) in paragraph at lines 395--412
[]
 []


Overfull \hbox (113.43344pt too wide) in paragraph at lines 395--412
[]
 []

Missing character: There is no 通 ("901A) in font nullfont!
Missing character: There is no 过 ("8FC7) in font nullfont!
Missing character: There is no 上 ("4E0A) in font nullfont!
Missing character: There is no 述 ("8FF0) in font nullfont!
Missing character: There is no 数 ("6570) in font nullfont!
Missing character: There is no 据 ("636E) in font nullfont!
Missing character: There is no 集 ("96C6) in font nullfont!
Missing character: There is no 构 ("6784) in font nullfont!
Missing character: There is no 建 ("5EFA) in font nullfont!
Missing character: There is no 流 ("6D41) in font nullfont!
Missing character: There is no 程 ("7A0B) in font nullfont!
Missing character: There is no ， ("FF0C) in font nullfont!
Missing character: There is no 本 ("672C) in font nullfont!
Missing character: There is no 文 ("6587) in font nullfont!
Missing character: There is no 获 ("83B7) in font nullfont!
Missing character: There is no 得 ("5F97) in font nullfont!
Missing character: There is no 了 ("4E86) in font nullfont!
Missing character: There is no 覆 ("8986) in font nullfont!
Missing character: There is no 盖 ("76D6) in font nullfont!
Missing character: There is no 多 ("591A) in font nullfont!
Missing character: There is no 协 ("534F) in font nullfont!
Missing character: There is no 议 ("8BAE) in font nullfont!
Missing character: There is no 、 ("3001) in font nullfont!
Missing character: There is no 多 ("591A) in font nullfont!
Missing character: There is no 参 ("53C2) in font nullfont!
Missing character: There is no 数 ("6570) in font nullfont!
Missing character: There is no 配 ("914D) in font nullfont!
Missing character: There is no 置 ("7F6E) in font nullfont!
Missing character: There is no 与 ("4E0E) in font nullfont!
Missing character: There is no 多 ("591A) in font nullfont!
Missing character: There is no 种 ("79CD) in font nullfont!
Missing character: There is no 流 ("6D41) in font nullfont!
Missing character: There is no 量 ("91CF) in font nullfont!
Missing character: There is no 形 ("5F62) in font nullfont!
Missing character: There is no 态 ("6001) in font nullfont!
Missing character: There is no 的 ("7684) in font nullfont!
Missing character: There is no 仿 ("4EFF) in font nullfont!
Missing character: There is no 真 ("771F) in font nullfont!
Missing character: There is no 样 ("6837) in font nullfont!
Missing character: There is no 本 ("672C) in font nullfont!
Missing character: There is no 库 ("5E93) in font nullfont!
Missing character: There is no 。 ("3002) in font nullfont!
Missing character: There is no 需 ("9700) in font nullfont!
Missing character: There is no 要 ("8981) in font nullfont!
Missing character: There is no 强 ("5F3A) in font nullfont!
Missing character: There is no 调 ("8C03) in font nullfont!
Missing character: There is no 的 ("7684) in font nullfont!
Missing character: There is no 是 ("662F) in font nullfont!
Missing character: There is no ， ("FF0C) in font nullfont!
Missing character: There is no 数 ("6570) in font nullfont!
Missing character: There is no 据 ("636E) in font nullfont!
Missing character: There is no 集 ("96C6) in font nullfont!
Missing character: There is no 中 ("4E2D) in font nullfont!
Missing character: There is no 的 ("7684) in font nullfont!
Missing character: There is no 性 ("6027) in font nullfont!
Missing character: There is no 能 ("80FD) in font nullfont!
Missing character: There is no 标 ("6807) in font nullfont!
Missing character: There is no 签 ("7B7E) in font nullfont!
Missing character: There is no 由 ("7531) in font nullfont!
Missing character: There is no 统 ("7EDF) in font nullfont!
Missing character: There is no 一 ("4E00) in font nullfont!
Missing character: There is no 仿 ("4EFF) in font nullfont!
Missing character: There is no 真 ("771F) in font nullfont!
Missing character: There is no 器 ("5668) in font nullfont!
Missing character: There is no 在 ("5728) in font nullfont!
Missing character: There is no 统 ("7EDF) in font nullfont!
Missing character: There is no 一 ("4E00) in font nullfont!
Missing character: There is no 网 ("7F51) in font nullfont!
Missing character: There is no 络 ("7EDC) in font nullfont!
Missing character: There is no 规 ("89C4) in font nullfont!
Missing character: There is no 模 ("6A21) in font nullfont!
Missing character: There is no 与 ("4E0E) in font nullfont!
Missing character: There is no 统 ("7EDF) in font nullfont!
Missing character: There is no 一 ("4E00) in font nullfont!
Missing character: There is no 统 ("7EDF) in font nullfont!
Missing character: There is no 计 ("8BA1) in font nullfont!
Missing character: There is no 口 ("53E3) in font nullfont!
Missing character: There is no 径 ("5F84) in font nullfont!
Missing character: There is no 下 ("4E0B) in font nullfont!
Missing character: There is no 生 ("751F) in font nullfont!
Missing character: There is no 成 ("6210) in font nullfont!
Missing character: There is no ， ("FF0C) in font nullfont!
Missing character: There is no 且 ("4E14) in font nullfont!
Missing character: There is no 两 ("4E24) in font nullfont!
Missing character: There is no 阶 ("9636) in font nullfont!
Missing character: There is no 段 ("6BB5) in font nullfont!
Missing character: There is no 采 ("91C7) in font nullfont!
Missing character: There is no 样 ("6837) in font nullfont!
Missing character: There is no 保 ("4FDD) in font nullfont!
Missing character: There is no 证 ("8BC1) in font nullfont!
Missing character: There is no 了 ("4E86) in font nullfont!
Missing character: There is no 各 ("5404) in font nullfont!
Missing character: There is no 协 ("534F) in font nullfont!
Missing character: There is no 议 ("8BAE) in font nullfont!
Missing character: There is no 在 ("5728) in font nullfont!
Missing character: There is no 其 ("5176) in font nullfont!
Missing character: There is no 有 ("6709) in font nullfont!
Missing character: There is no 效 ("6548) in font nullfont!
Missing character: There is no 工 ("5DE5) in font nullfont!
Missing character: There is no 作 ("4F5C) in font nullfont!
Missing character: There is no 区 ("533A) in font nullfont!
Missing character: There is no 间 ("95F4) in font nullfont!
Missing character: There is no 内 ("5185) in font nullfont!
Missing character: There is no 具 ("5177) in font nullfont!
Missing character: There is no 有 ("6709) in font nullfont!
Missing character: There is no 足 ("8DB3) in font nullfont!
Missing character: There is no 够 ("591F) in font nullfont!
Missing character: There is no 的 ("7684) in font nullfont!
Missing character: There is no 样 ("6837) in font nullfont!
Missing character: There is no 本 ("672C) in font nullfont!
Missing character: There is no 密 ("5BC6) in font nullfont!
Missing character: There is no 度 ("5EA6) in font nullfont!
Missing character: There is no 。 ("3002) in font nullfont!
Missing character: There is no 因 ("56E0) in font nullfont!
Missing character: There is no 此 ("6B64) in font nullfont!
Missing character: There is no ， ("FF0C) in font nullfont!
Missing character: There is no 该 ("8BE5) in font nullfont!
Missing character: There is no 数 ("6570) in font nullfont!
Missing character: There is no 据 ("636E) in font nullfont!
Missing character: There is no 集 ("96C6) in font nullfont!
Missing character: There is no 不 ("4E0D) in font nullfont!
Missing character: There is no 仅 ("4EC5) in font nullfont!
Missing character: There is no 用 ("7528) in font nullfont!
Missing character: There is no 于 ("4E8E) in font nullfont!
Missing character: There is no 后 ("540E) in font nullfont!
Missing character: There is no 续 ("7EED) in font nullfont!
Missing character: There is no 代 ("4EE3) in font nullfont!
Missing character: There is no 理 ("7406) in font nullfont!
Missing character: There is no 模 ("6A21) in font nullfont!
Missing character: There is no 型 ("578B) in font nullfont!
Missing character: There is no 训 ("8BAD) in font nullfont!
Missing character: There is no 练 ("7EC3) in font nullfont!
Missing character: There is no ， ("FF0C) in font nullfont!
Missing character: There is no 同 ("540C) in font nullfont!
Missing character: There is no 时 ("65F6) in font nullfont!
Missing character: There is no 也 ("4E5F) in font nullfont!
Missing character: There is no 可 ("53EF) in font nullfont!
Missing character: There is no 作 ("4F5C) in font nullfont!
Missing character: There is no 为 ("4E3A) in font nullfont!
Missing character: There is no 可 ("53EF) in font nullfont!
Missing character: There is no 复 ("590D) in font nullfont!
Missing character: There is no 现 ("73B0) in font nullfont!
Missing character: There is no 的 ("7684) in font nullfont!
Missing character: There is no 性 ("6027) in font nullfont!
Missing character: There is no 能 ("80FD) in font nullfont!
Missing character: There is no 基 ("57FA) in font nullfont!
Missing character: There is no 准 ("51C6) in font nullfont!
Missing character: There is no 来 ("6765) in font nullfont!
Missing character: There is no 源 ("6E90) in font nullfont!
Missing character: There is no 。 ("3002) in font nullfont!
Missing character: There is no 基 ("57FA) in font nullfont!
Missing character: There is no 于 ("4E8E) in font nullfont!
Missing character: There is no 此 ("6B64) in font nullfont!
Missing character: There is no ， ("FF0C) in font nullfont!
Missing character: There is no 下 ("4E0B) in font nullfont!
Missing character: There is no 一 ("4E00) in font nullfont!
Missing character: There is no 小 ("5C0F) in font nullfont!
Missing character: There is no 节 ("8282) in font nullfont!
Missing character: There is no 将 ("5C06) in font nullfont!
Missing character: There is no 在 ("5728) in font nullfont!
Missing character: There is no 不 ("4E0D) in font nullfont!
Missing character: There is no 额 ("989D) in font nullfont!
Missing character: There is no 外 ("5916) in font nullfont!
Missing character: There is no 引 ("5F15) in font nullfont!
Missing character: There is no 入 ("5165) in font nullfont!
Missing character: There is no 新 ("65B0) in font nullfont!
Missing character: There is no 的 ("7684) in font nullfont!
Missing character: There is no 仿 ("4EFF) in font nullfont!
Missing character: There is no 真 ("771F) in font nullfont!
Missing character: There is no 设 ("8BBE) in font nullfont!
Missing character: There is no 置 ("7F6E) in font nullfont!
Missing character: There is no 前 ("524D) in font nullfont!
Missing character: There is no 提 ("63D0) in font nullfont!
Missing character: There is no 下 ("4E0B) in font nullfont!
Missing character: There is no ， ("FF0C) in font nullfont!
Missing character: There is no 对 ("5BF9) in font nullfont!
Missing character: There is no 数 ("6570) in font nullfont!
Missing character: There is no 据 ("636E) in font nullfont!
Missing character: There is no 集 ("96C6) in font nullfont!
Missing character: There is no 进 ("8FDB) in font nullfont!
Missing character: There is no 行 ("884C) in font nullfont!
Missing character: There is no 面 ("9762) in font nullfont!
Missing character: There is no 向 ("5411) in font nullfont!
Missing character: There is no 基 ("57FA) in font nullfont!
Missing character: There is no 准 ("51C6) in font nullfont!
Missing character: There is no 对 ("5BF9) in font nullfont!
Missing character: There is no 比 ("6BD4) in font nullfont!
Missing character: There is no 的 ("7684) in font nullfont!
Missing character: There is no 组 ("7EC4) in font nullfont!
Missing character: There is no 织 ("7EC7) in font nullfont!
Missing character: There is no 与 ("4E0E) in font nullfont!
Missing character: There is no 可 ("53EF) in font nullfont!
Missing character: There is no 视 ("89C6) in font nullfont!
Missing character: There is no 化 ("5316) in font nullfont!
Missing character: There is no 分 ("5206) in font nullfont!
Missing character: There is no 析 ("6790) in font nullfont!
Missing character: There is no ， ("FF0C) in font nullfont!
Missing character: There is no 给 ("7ED9) in font nullfont!
Missing character: There is no 出 ("51FA) in font nullfont!
Missing character: There is no 不 ("4E0D) in font nullfont!
Missing character: There is no 同 ("540C) in font nullfont!
Missing character: There is no 协 ("534F) in font nullfont!
Missing character: There is no 议 ("8BAE) in font nullfont!
Missing character: There is no 在 ("5728) in font nullfont!
Missing character: There is no 典 ("5178) in font nullfont!
Missing character: There is no 型 ("578B) in font nullfont!
Missing character: There is no 流 ("6D41) in font nullfont!
Missing character: There is no 量 ("91CF) in font nullfont!
Missing character: There is no 形 ("5F62) in font nullfont!
Missing character: There is no 态 ("6001) in font nullfont!
Missing character: There is no 与 ("4E0E) in font nullfont!
Missing character: There is no 流 ("6D41) in font nullfont!
Missing character: There is no 量 ("91CF) in font nullfont!
Missing character: There is no 强 ("5F3A) in font nullfont!
Missing character: There is no 度 ("5EA6) in font nullfont!
Missing character: There is no 变 ("53D8) in font nullfont!
Missing character: There is no 化 ("5316) in font nullfont!
Missing character: There is no 下 ("4E0B) in font nullfont!
Missing character: There is no 的 ("7684) in font nullfont!
Missing character: There is no 性 ("6027) in font nullfont!
Missing character: There is no 能 ("80FD) in font nullfont!
Missing character: There is no 差 ("5DEE) in font nullfont!
Missing character: There is no 异 ("5F02) in font nullfont!
Missing character: There is no ， ("FF0C) in font nullfont!
Missing character: There is no 为 ("4E3A) in font nullfont!
Missing character: There is no 后 ("540E) in font nullfont!
Missing character: There is no 续 ("7EED) in font nullfont!
Missing character: There is no 学 ("5B66) in font nullfont!
Missing character: There is no 习 ("4E60) in font nullfont!
Missing character: There is no 模 ("6A21) in font nullfont!
Missing character: There is no 型 ("578B) in font nullfont!
Missing character: There is no 的 ("7684) in font nullfont!
Missing character: There is no 效 ("6548) in font nullfont!
Missing character: There is no 果 ("679C) in font nullfont!
Missing character: There is no 评 ("8BC4) in font nullfont!
Missing character: There is no 估 ("4F30) in font nullfont!
Missing character: There is no 提 ("63D0) in font nullfont!
Missing character: There is no 供 ("4F9B) in font nullfont!
Missing character: There is no 参 ("53C2) in font nullfont!
Missing character: There is no 照 ("7167) in font nullfont!
Missing character: There is no 。 ("3002) in font nullfont!

Overfull \hbox (20.0pt too wide) in paragraph at lines 413--414
[] 
 []

! Undefined control sequence.
l.560 \section
              {基于多任务深度学习的性能预测代理模型}
The control sequence at the end of the top line
of your error message was never \def'ed. If you have
misspelled it (e.g., `\hobx'), type `I' and the correct
spelling (e.g., `I\hbox'). Otherwise just continue,
and I'll forget about whatever was undefined.

Missing character: There is no 基 ("57FA) in font nullfont!
Missing character: There is no 于 ("4E8E) in font nullfont!
Missing character: There is no 多 ("591A) in font nullfont!
Missing character: There is no 任 ("4EFB) in font nullfont!
Missing character: There is no 务 ("52A1) in font nullfont!
Missing character: There is no 深 ("6DF1) in font nullfont!
Missing character: There is no 度 ("5EA6) in font nullfont!
Missing character: There is no 学 ("5B66) in font nullfont!
Missing character: There is no 习 ("4E60) in font nullfont!
Missing character: There is no 的 ("7684) in font nullfont!
Missing character: There is no 性 ("6027) in font nullfont!
Missing character: There is no 能 ("80FD) in font nullfont!
Missing character: There is no 预 ("9884) in font nullfont!
Missing character: There is no 测 ("6D4B) in font nullfont!
Missing character: There is no 代 ("4EE3) in font nullfont!
Missing character: There is no 理 ("7406) in font nullfont!
Missing character: There is no 模 ("6A21) in font nullfont!
Missing character: There is no 型 ("578B) in font nullfont!

Overfull \hbox (20.0pt too wide) in paragraph at lines 560--562
[]
 []

Missing character: There is no 尽 ("5C3D) in font nullfont!
Missing character: There is no 管 ("7BA1) in font nullfont!
Missing character: There is no 离 ("79BB) in font nullfont!
Missing character: There is no 散 ("6563) in font nullfont!
Missing character: There is no 事 ("4E8B) in font nullfont!
Missing character: There is no 件 ("4EF6) in font nullfont!
Missing character: There is no 仿 ("4EFF) in font nullfont!
Missing character: There is no 真 ("771F) in font nullfont!
Missing character: There is no 器 ("5668) in font nullfont!
Missing character: There is no 能 ("80FD) in font nullfont!
Missing character: There is no 够 ("591F) in font nullfont!
Missing character: There is no 精 ("7CBE) in font nullfont!
Missing character: There is no 确 ("786E) in font nullfont!
Missing character: There is no 评 ("8BC4) in font nullfont!
Missing character: There is no 估 ("4F30) in font nullfont!
Missing character: There is no 特 ("7279) in font nullfont!
Missing character: There is no 定 ("5B9A) in font nullfont!
Missing character: There is no 协 ("534F) in font nullfont!
Missing character: There is no 议 ("8BAE) in font nullfont!
Missing character: There is no 配 ("914D) in font nullfont!
Missing character: There is no 置 ("7F6E) in font nullfont!
Missing character: There is no 下 ("4E0B) in font nullfont!
Missing character: There is no 的 ("7684) in font nullfont!
Missing character: There is no 网 ("7F51) in font nullfont!
Missing character: There is no 络 ("7EDC) in font nullfont!
Missing character: There is no 性 ("6027) in font nullfont!
Missing character: There is no 能 ("80FD) in font nullfont!
Missing character: There is no ， ("FF0C) in font nullfont!
Missing character: There is no 但 ("4F46) in font nullfont!
Missing character: There is no 其 ("5176) in font nullfont!
Missing character: There is no 计 ("8BA1) in font nullfont!
Missing character: There is no 算 ("7B97) in font nullfont!
Missing character: There is no 开 ("5F00) in font nullfont!
Missing character: There is no 销 ("9500) in font nullfont!
Missing character: There is no 极 ("6781) in font nullfont!
Missing character: There is no 为 ("4E3A) in font nullfont!
Missing character: There is no 高 ("9AD8) in font nullfont!
Missing character: There is no 昂 ("6602) in font nullfont!
Missing character: There is no 。 ("3002) in font nullfont!
Missing character: There is no 以 ("4EE5) in font nullfont!
Missing character: There is no 典 ("5178) in font nullfont!
Missing character: There is no 型 ("578B) in font nullfont!
Missing character: There is no 配 ("914D) in font nullfont!
Missing character: There is no 置 ("7F6E) in font nullfont!
Missing character: There is no （ ("FF08) in font nullfont!
Missing character: There is no 如 ("5982) in font nullfont!
Missing character: There is no 节 ("8282) in font nullfont!
Missing character: There is no 点 ("70B9) in font nullfont!
Missing character: There is no 、 ("3001) in font nullfont!
Missing character: There is no 时 ("65F6) in font nullfont!
Missing character: There is no 隙 ("9699) in font nullfont!
Missing character: There is no ） ("FF09) in font nullfont!
Missing character: There is no 为 ("4E3A) in font nullfont!
Missing character: There is no 例 ("4F8B) in font nullfont!
Missing character: There is no ， ("FF0C) in font nullfont!
Missing character: There is no 单 ("5355) in font nullfont!
Missing character: There is no 次 ("6B21) in font nullfont!
Missing character: There is no 仿 ("4EFF) in font nullfont!
Missing character: There is no 真 ("771F) in font nullfont!
Missing character: There is no 往 ("5F80) in font nullfont!
Missing character: There is no 往 ("5F80) in font nullfont!
Missing character: There is no 需 ("9700) in font nullfont!
Missing character: There is no 要 ("8981) in font nullfont!
Missing character: There is no 数 ("6570) in font nullfont!
Missing character: There is no 十 ("5341) in font nullfont!
Missing character: There is no 秒 ("79D2) in font nullfont!
Missing character: There is no 至 ("81F3) in font nullfont!
Missing character: There is no 数 ("6570) in font nullfont!
Missing character: There is no 分 ("5206) in font nullfont!
Missing character: There is no 钟 ("949F) in font nullfont!
Missing character: There is no ， ("FF0C) in font nullfont!
Missing character: There is no 若 ("82E5) in font nullfont!
Missing character: There is no 需 ("9700) in font nullfont!
Missing character: There is no 在 ("5728) in font nullfont!
Missing character: There is no 多 ("591A) in font nullfont!
Missing character: There is no 协 ("534F) in font nullfont!
Missing character: There is no 议 ("8BAE) in font nullfont!
Missing character: There is no 、 ("3001) in font nullfont!
Missing character: There is no 多 ("591A) in font nullfont!
Missing character: There is no 参 ("53C2) in font nullfont!
Missing character: There is no 数 ("6570) in font nullfont!
Missing character: There is no 、 ("3001) in font nullfont!
Missing character: There is no 不 ("4E0D) in font nullfont!
Missing character: There is no 同 ("540C) in font nullfont!
Missing character: There is no 流 ("6D41) in font nullfont!
Missing character: There is no 量 ("91CF) in font nullfont!
Missing character: There is no 场 ("573A) in font nullfont!
Missing character: There is no 景 ("666F) in font nullfont!
Missing character: There is no 下 ("4E0B) in font nullfont!
Missing character: There is no 进 ("8FDB) in font nullfont!
Missing character: There is no 行 ("884C) in font nullfont!
Missing character: There is no 大 ("5927) in font nullfont!
Missing character: There is no 规 ("89C4) in font nullfont!
Missing character: There is no 模 ("6A21) in font nullfont!
Missing character: There is no 参 ("53C2) in font nullfont!
Missing character: There is no 数 ("6570) in font nullfont!
Missing character: There is no 搜 ("641C) in font nullfont!
Missing character: There is no 索 ("7D22) in font nullfont!
Missing character: There is no ， ("FF0C) in font nullfont!
Missing character: There is no 整 ("6574) in font nullfont!
Missing character: There is no 体 ("4F53) in font nullfont!
Missing character: There is no 仿 ("4EFF) in font nullfont!
Missing character: There is no 真 ("771F) in font nullfont!
Missing character: There is no 时 ("65F6) in font nullfont!
Missing character: There is no 间 ("95F4) in font nullfont!
Missing character: There is no 将 ("5C06) in font nullfont!
Missing character: There is no 呈 ("5448) in font nullfont!
Missing character: There is no 指 ("6307) in font nullfont!
Missing character: There is no 数 ("6570) in font nullfont!
Missing character: There is no 级 ("7EA7) in font nullfont!
Missing character: There is no 增 ("589E) in font nullfont!
Missing character: There is no 长 ("957F) in font nullfont!
Missing character: There is no 。 ("3002) in font nullfont!
Missing character: There is no 例 ("4F8B) in font nullfont!
Missing character: There is no 如 ("5982) in font nullfont!
Missing character: There is no ， ("FF0C) in font nullfont!
Missing character: There is no 全 ("5168) in font nullfont!
Missing character: There is no 面 ("9762) in font nullfont!
Missing character: There is no 遍 ("904D) in font nullfont!
Missing character: There is no 历 ("5386) in font nullfont!
Missing character: There is no 全 ("5168) in font nullfont!
Missing character: There is no 部 ("90E8) in font nullfont!
Missing character: There is no 协 ("534F) in font nullfont!
Missing character: There is no 议 ("8BAE) in font nullfont!
Missing character: There is no 参 ("53C2) in font nullfont!
Missing character: There is no 数 ("6570) in font nullfont!
Missing character: There is no 组 ("7EC4) in font nullfont!
Missing character: There is no 合 ("5408) in font nullfont!
Missing character: There is no 和 ("548C) in font nullfont!
Missing character: There is no 流 ("6D41) in font nullfont!
Missing character: There is no 量 ("91CF) in font nullfont!
Missing character: There is no 场 ("573A) in font nullfont!
Missing character: There is no 景 ("666F) in font nullfont!
Missing character: There is no 时 ("65F6) in font nullfont!
Missing character: There is no ， ("FF0C) in font nullfont!
Missing character: There is no 单 ("5355) in font nullfont!
Missing character: There is no 轮 ("8F6E) in font nullfont!
Missing character: There is no 全 ("5168) in font nullfont!
Missing character: There is no 局 ("5C40) in font nullfont!
Missing character: There is no 仿 ("4EFF) in font nullfont!
Missing character: There is no 真 ("771F) in font nullfont!
Missing character: There is no 累 ("7D2F) in font nullfont!
Missing character: There is no 计 ("8BA1) in font nullfont!
Missing character: There is no 耗 ("8017) in font nullfont!
Missing character: There is no 时 ("65F6) in font nullfont!
Missing character: There is no 可 ("53EF) in font nullfont!
Missing character: There is no 达 ("8FBE) in font nullfont!
Missing character: There is no 数 ("6570) in font nullfont!
Missing character: There is no 百 ("767E) in font nullfont!
Missing character: There is no 小 ("5C0F) in font nullfont!
Missing character: There is no 时 ("65F6) in font nullfont!
Missing character: There is no ， ("FF0C) in font nullfont!
Missing character: There is no 远 ("8FDC) in font nullfont!
Missing character: There is no 超 ("8D85) in font nullfont!
Missing character: There is no 实 ("5B9E) in font nullfont!
Missing character: There is no 际 ("9645) in font nullfont!
Missing character: There is no 系 ("7CFB) in font nullfont!
Missing character: There is no 统 ("7EDF) in font nullfont!
Missing character: There is no 对 ("5BF9) in font nullfont!
Missing character: There is no 实 ("5B9E) in font nullfont!
Missing character: There is no 时 ("65F6) in font nullfont!
Missing character: There is no 决 ("51B3) in font nullfont!
Missing character: There is no 策 ("7B56) in font nullfont!
Missing character: There is no 的 ("7684) in font nullfont!
Missing character: There is no 响 ("54CD) in font nullfont!
Missing character: There is no 应 ("5E94) in font nullfont!
Missing character: There is no 要 ("8981) in font nullfont!
Missing character: There is no 求 ("6C42) in font nullfont!
Missing character: There is no 。 ("3002) in font nullfont!
Missing character: There is no 这 ("8FD9) in font nullfont!
Missing character: There is no 种 ("79CD) in font nullfont!
Missing character: There is no 高 ("9AD8) in font nullfont!
Missing character: There is no 昂 ("6602) in font nullfont!
Missing character: There is no 的 ("7684) in font nullfont!
Missing character: There is no 仿 ("4EFF) in font nullfont!
Missing character: There is no 真 ("771F) in font nullfont!
Missing character: There is no 代 ("4EE3) in font nullfont!
Missing character: There is no 价 ("4EF7) in font nullfont!
Missing character: There is no 不 ("4E0D) in font nullfont!
Missing character: There is no 仅 ("4EC5) in font nullfont!
Missing character: There is no 严 ("4E25) in font nullfont!
Missing character: There is no 重 ("91CD) in font nullfont!
Missing character: There is no 制 ("5236) in font nullfont!
Missing character: There is no 约 ("7EA6) in font nullfont!
Missing character: There is no 了 ("4E86) in font nullfont!
Missing character: There is no 在 ("5728) in font nullfont!
Missing character: There is no 线 ("7EBF) in font nullfont!
Missing character: There is no 优 ("4F18) in font nullfont!
Missing character: There is no 化 ("5316) in font nullfont!
Missing character: There is no 和 ("548C) in font nullfont!
Missing character: There is no 自 ("81EA) in font nullfont!
Missing character: There is no 适 ("9002) in font nullfont!
Missing character: There is no 应 ("5E94) in font nullfont!
Missing character: There is no 调 ("8C03) in font nullfont!
Missing character: There is no 整 ("6574) in font nullfont!
Missing character: There is no 的 ("7684) in font nullfont!
Missing character: There is no 可 ("53EF) in font nullfont!
Missing character: There is no 行 ("884C) in font nullfont!
Missing character: There is no 性 ("6027) in font nullfont!
Missing character: There is no ， ("FF0C) in font nullfont!
Missing character: There is no 也 ("4E5F) in font nullfont!
Missing character: There is no 使 ("4F7F) in font nullfont!
Missing character: There is no 得 ("5F97) in font nullfont!
Missing character: There is no 在 ("5728) in font nullfont!
Missing character: There is no 实 ("5B9E) in font nullfont!
Missing character: There is no 际 ("9645) in font nullfont!
Missing character: There is no 部 ("90E8) in font nullfont!
Missing character: There is no 署 ("7F72) in font nullfont!
Missing character: There is no 中 ("4E2D) in font nullfont!
Missing character: There is no 难 ("96BE) in font nullfont!
Missing character: There is no 以 ("4EE5) in font nullfont!
Missing character: There is no 支 ("652F) in font nullfont!
Missing character: There is no 撑 ("6491) in font nullfont!
Missing character: There is no 动 ("52A8) in font nullfont!
Missing character: There is no 态 ("6001) in font nullfont!
Missing character: There is no 环 ("73AF) in font nullfont!
Missing character: There is no 境 ("5883) in font nullfont!
Missing character: There is no 下 ("4E0B) in font nullfont!
Missing character: There is no 的 ("7684) in font nullfont!
Missing character: There is no 快 ("5FEB) in font nullfont!
Missing character: There is no 速 ("901F) in font nullfont!
Missing character: There is no 协 ("534F) in font nullfont!
Missing character: There is no 议 ("8BAE) in font nullfont!
Missing character: There is no 切 ("5207) in font nullfont!
Missing character: There is no 换 ("6362) in font nullfont!
Missing character: There is no 和 ("548C) in font nullfont!
Missing character: There is no 参 ("53C2) in font nullfont!
Missing character: There is no 数 ("6570) in font nullfont!
Missing character: There is no 重 ("91CD) in font nullfont!
Missing character: There is no 配 ("914D) in font nullfont!
Missing character: There is no 置 ("7F6E) in font nullfont!
Missing character: There is no 。 ("3002) in font nullfont!
Missing character: There is no 因 ("56E0) in font nullfont!
Missing character: There is no 此 ("6B64) in font nullfont!
Missing character: There is no ， ("FF0C) in font nullfont!
Missing character: There is no 需 ("9700) in font nullfont!
Missing character: There is no 一 ("4E00) in font nullfont!
Missing character: There is no 种 ("79CD) in font nullfont!
Missing character: There is no 能 ("80FD) in font nullfont!
Missing character: There is no 够 ("591F) in font nullfont!
Missing character: There is no 在 ("5728) in font nullfont!
Missing character: There is no 保 ("4FDD) in font nullfont!
Missing character: There is no 证 ("8BC1) in font nullfont!
Missing character: There is no 预 ("9884) in font nullfont!
Missing character: There is no 测 ("6D4B) in font nullfont!
Missing character: There is no 精 ("7CBE) in font nullfont!
Missing character: There is no 度 ("5EA6) in font nullfont!
Missing character: There is no 的 ("7684) in font nullfont!
Missing character: There is no 同 ("540C) in font nullfont!
Missing character: There is no 时 ("65F6) in font nullfont!
Missing character: There is no ， ("FF0C) in font nullfont!
Missing character: There is no 将 ("5C06) in font nullfont!
Missing character: There is no 性 ("6027) in font nullfont!
Missing character: There is no 能 ("80FD) in font nullfont!
Missing character: There is no 评 ("8BC4) in font nullfont!
Missing character: There is no 估 ("4F30) in font nullfont!
Missing character: There is no 延 ("5EF6) in font nullfont!
Missing character: There is no 迟 ("8FDF) in font nullfont!
Missing character: There is no 从 ("4ECE) in font nullfont!
Missing character: There is no 分 ("5206) in font nullfont!
Missing character: There is no 钟 ("949F) in font nullfont!
Missing character: There is no 级 ("7EA7) in font nullfont!
Missing character: There is no 大 ("5927) in font nullfont!
Missing character: There is no 幅 ("5E45) in font nullfont!
Missing character: There is no 缩 ("7F29) in font nullfont!
Missing character: There is no 减 ("51CF) in font nullfont!
Missing character: There is no 至 ("81F3) in font nullfont!
Missing character: There is no 毫 ("6BEB) in font nullfont!
Missing character: There is no 秒 ("79D2) in font nullfont!
Missing character: There is no 级 ("7EA7) in font nullfont!
Missing character: There is no 的 ("7684) in font nullfont!
Missing character: There is no 方 ("65B9) in font nullfont!
Missing character: There is no 法 ("6CD5) in font nullfont!
Missing character: There is no 。 ("3002) in font nullfont!
Missing character: There is no 为 ("4E3A) in font nullfont!
Missing character: There is no 解 ("89E3) in font nullfont!
Missing character: There is no 决 ("51B3) in font nullfont!
Missing character: There is no 上 ("4E0A) in font nullfont!
Missing character: There is no 述 ("8FF0) in font nullfont!
Missing character: There is no 瓶 ("74F6) in font nullfont!
Missing character: There is no 颈 ("9888) in font nullfont!
Missing character: There is no ， ("FF0C) in font nullfont!
Missing character: There is no 本 ("672C) in font nullfont!
Missing character: There is no 节 ("8282) in font nullfont!
Missing character: There is no 基 ("57FA) in font nullfont!
Missing character: There is no 于 ("4E8E) in font nullfont!
! Undefined control sequence.
<write> ...dataset_construction' on page \thepage 
                                                  \space undefined\on@line .^^J
l.564 ...述瓶颈，本节基于\ref{subsec:dataset_construction}
                                                  节构建的仿真数据集，设计并训练高效的深度学习代理模型...
The control sequence at the end of the top line
of your error message was never \def'ed. If you have
misspelled it (e.g., `\hobx'), type `I' and the correct
spelling (e.g., `I\hbox'). Otherwise just continue,
and I'll forget about whatever was undefined.


LaTeX Warning: Reference `subsec:dataset_construction' on page  undefined on in
put line 564.

Missing character: There is no 节 ("8282) in font nullfont!
Missing character: There is no 构 ("6784) in font nullfont!
Missing character: There is no 建 ("5EFA) in font nullfont!
Missing character: There is no 的 ("7684) in font nullfont!
Missing character: There is no 仿 ("4EFF) in font nullfont!
Missing character: There is no 真 ("771F) in font nullfont!
Missing character: There is no 数 ("6570) in font nullfont!
Missing character: There is no 据 ("636E) in font nullfont!
Missing character: There is no 集 ("96C6) in font nullfont!
Missing character: There is no ， ("FF0C) in font nullfont!
Missing character: There is no 设 ("8BBE) in font nullfont!
Missing character: There is no 计 ("8BA1) in font nullfont!
Missing character: There is no 并 ("5E76) in font nullfont!
Missing character: There is no 训 ("8BAD) in font nullfont!
Missing character: There is no 练 ("7EC3) in font nullfont!
Missing character: There is no 高 ("9AD8) in font nullfont!
Missing character: There is no 效 ("6548) in font nullfont!
Missing character: There is no 的 ("7684) in font nullfont!
Missing character: There is no 深 ("6DF1) in font nullfont!
Missing character: There is no 度 ("5EA6) in font nullfont!
Missing character: There is no 学 ("5B66) in font nullfont!
Missing character: There is no 习 ("4E60) in font nullfont!
Missing character: There is no 代 ("4EE3) in font nullfont!
Missing character: There is no 理 ("7406) in font nullfont!
Missing character: There is no 模 ("6A21) in font nullfont!
Missing character: There is no 型 ("578B) in font nullfont!
Missing character: There is no 。 ("3002) in font nullfont!
Missing character: There is no 该 ("8BE5) in font nullfont!
Missing character: There is no 模 ("6A21) in font nullfont!
Missing character: There is no 型 ("578B) in font nullfont!
Missing character: There is no 采 ("91C7) in font nullfont!
Missing character: There is no 用 ("7528) in font nullfont!
Missing character: There is no 多 ("591A) in font nullfont!
Missing character: There is no 任 ("4EFB) in font nullfont!
Missing character: There is no 务 ("52A1) in font nullfont!
Missing character: There is no 深 ("6DF1) in font nullfont!
Missing character: There is no 度 ("5EA6) in font nullfont!
Missing character: There is no 神 ("795E) in font nullfont!
Missing character: There is no 经 ("7ECF) in font nullfont!
Missing character: There is no 网 ("7F51) in font nullfont!
Missing character: There is no 络 ("7EDC) in font nullfont!
Missing character: There is no （ ("FF08) in font nullfont!
Missing character: There is no M ("4D) in font nullfont!
Missing character: There is no T ("54) in font nullfont!
Missing character: There is no - ("2D) in font nullfont!
Missing character: There is no D ("44) in font nullfont!
Missing character: There is no N ("4E) in font nullfont!
Missing character: There is no N ("4E) in font nullfont!
Missing character: There is no ） ("FF09) in font nullfont!
Missing character: There is no 架 ("67B6) in font nullfont!
Missing character: There is no 构 ("6784) in font nullfont!
Missing character: There is no ， ("FF0C) in font nullfont!
Missing character: There is no 能 ("80FD) in font nullfont!
Missing character: There is no 够 ("591F) in font nullfont!
Missing character: There is no 利 ("5229) in font nullfont!
Missing character: There is no 用 ("7528) in font nullfont!
Missing character: There is no 单 ("5355) in font nullfont!
Missing character: There is no 一 ("4E00) in font nullfont!
Missing character: There is no 网 ("7F51) in font nullfont!
Missing character: There is no 络 ("7EDC) in font nullfont!
Missing character: There is no 同 ("540C) in font nullfont!
Missing character: There is no 时 ("65F6) in font nullfont!
Missing character: There is no 预 ("9884) in font nullfont!
Missing character: There is no 测 ("6D4B) in font nullfont!
Missing character: There is no 吞 ("541E) in font nullfont!
Missing character: There is no 吐 ("5410) in font nullfont!
Missing character: There is no 量 ("91CF) in font nullfont!
Missing character: There is no 、 ("3001) in font nullfont!
Missing character: There is no 时 ("65F6) in font nullfont!
Missing character: There is no 延 ("5EF6) in font nullfont!
Missing character: There is no 、 ("3001) in font nullfont!
Missing character: There is no 公 ("516C) in font nullfont!
Missing character: There is no 平 ("5E73) in font nullfont!
Missing character: There is no 性 ("6027) in font nullfont!
Missing character: There is no 等 ("7B49) in font nullfont!
Missing character: There is no 多 ("591A) in font nullfont!
Missing character: There is no 维 ("7EF4) in font nullfont!
Missing character: There is no 性 ("6027) in font nullfont!
Missing character: There is no 能 ("80FD) in font nullfont!
Missing character: There is no 指 ("6307) in font nullfont!
Missing character: There is no 标 ("6807) in font nullfont!
Missing character: There is no ， ("FF0C) in font nullfont!
Missing character: There is no 实 ("5B9E) in font nullfont!
Missing character: There is no 现 ("73B0) in font nullfont!
Missing character: There is no 从 ("4ECE) in font nullfont!
Missing character: There is no 输 ("8F93) in font nullfont!
Missing character: There is no 入 ("5165) in font nullfont!
Missing character: There is no 特 ("7279) in font nullfont!
Missing character: There is no 征 ("5F81) in font nullfont!
Missing character: There is no 到 ("5230) in font nullfont!
Missing character: There is no 性 ("6027) in font nullfont!
Missing character: There is no 能 ("80FD) in font nullfont!
Missing character: There is no 评 ("8BC4) in font nullfont!
Missing character: There is no 估 ("4F30) in font nullfont!
Missing character: There is no 的 ("7684) in font nullfont!
Missing character: There is no 毫 ("6BEB) in font nullfont!
Missing character: There is no 秒 ("79D2) in font nullfont!
Missing character: There is no 级 ("7EA7) in font nullfont!
Missing character: There is no 快 ("5FEB) in font nullfont!
Missing character: There is no 速 ("901F) in font nullfont!
Missing character: There is no 映 ("6620) in font nullfont!
Missing character: There is no 射 ("5C04) in font nullfont!
Missing character: There is no ， ("FF0C) in font nullfont!
Missing character: There is no 为 ("4E3A) in font nullfont!
Missing character: There is no 后 ("540E) in font nullfont!
Missing character: There is no 续 ("7EED) in font nullfont!
Missing character: There is no 的 ("7684) in font nullfont!
Missing character: There is no 协 ("534F) in font nullfont!
Missing character: There is no 议 ("8BAE) in font nullfont!
Missing character: There is no 优 ("4F18) in font nullfont!
Missing character: There is no 化 ("5316) in font nullfont!
Missing character: There is no 决 ("51B3) in font nullfont!
Missing character: There is no 策 ("7B56) in font nullfont!
Missing character: There is no 提 ("63D0) in font nullfont!
Missing character: There is no 供 ("4F9B) in font nullfont!
Missing character: There is no 实 ("5B9E) in font nullfont!
Missing character: There is no 时 ("65F6) in font nullfont!
Missing character: There is no 支 ("652F) in font nullfont!
Missing character: There is no 持 ("6301) in font nullfont!
Missing character: There is no 。 ("3002) in font nullfont!

Overfull \hbox (20.0pt too wide) in paragraph at lines 563--565
[]
 []


Overfull \hbox (16.55786pt too wide) in paragraph at lines 563--565
\OML/cmm/m/it/10 n \OT1/cmr/m/n/10 =
 []


Overfull \hbox (15.00005pt too wide) in paragraph at lines 563--565
\OT1/cmr/m/n/10 100$
 []


Overfull \hbox (17.78816pt too wide) in paragraph at lines 563--565
\OML/cmm/m/it/10 T \OT1/cmr/m/n/10 =
 []


Overfull \hbox (12.77782pt too wide) in paragraph at lines 563--565
\OT1/cmr/m/n/10 3 \OMS/cmsy/m/n/10 ^^B
 []


Overfull \hbox (14.48616pt too wide) in paragraph at lines 563--565
\OT1/cmr/m/n/10 10[]$
 []


Overfull \hbox (10.86pt too wide) in paragraph at lines 563--565
[] 
 []

! Undefined control sequence.
l.566 \subsection
                 {基于硬参数共享的多任务网络架构}
The control sequence at the end of the top line
of your error message was never \def'ed. If you have
misspelled it (e.g., `\hobx'), type `I' and the correct
spelling (e.g., `I\hbox'). Otherwise just continue,
and I'll forget about whatever was undefined.

Missing character: There is no 基 ("57FA) in font nullfont!
Missing character: There is no 于 ("4E8E) in font nullfont!
Missing character: There is no 硬 ("786C) in font nullfont!
Missing character: There is no 参 ("53C2) in font nullfont!
Missing character: There is no 数 ("6570) in font nullfont!
Missing character: There is no 共 ("5171) in font nullfont!
Missing character: There is no 享 ("4EAB) in font nullfont!
Missing character: There is no 的 ("7684) in font nullfont!
Missing character: There is no 多 ("591A) in font nullfont!
Missing character: There is no 任 ("4EFB) in font nullfont!
Missing character: There is no 务 ("52A1) in font nullfont!
Missing character: There is no 网 ("7F51) in font nullfont!
Missing character: There is no 络 ("7EDC) in font nullfont!
Missing character: There is no 架 ("67B6) in font nullfont!
Missing character: There is no 构 ("6784) in font nullfont!

Overfull \hbox (20.0pt too wide) in paragraph at lines 566--568
[]
 []

Missing character: There is no 考 ("8003) in font nullfont!
Missing character: There is no 虑 ("8651) in font nullfont!
Missing character: There is no 到 ("5230) in font nullfont!
Missing character: There is no 网 ("7F51) in font nullfont!
Missing character: There is no 络 ("7EDC) in font nullfont!
Missing character: There is no 性 ("6027) in font nullfont!
Missing character: There is no 能 ("80FD) in font nullfont!
Missing character: There is no 指 ("6307) in font nullfont!
Missing character: There is no 标 ("6807) in font nullfont!
Missing character: There is no 之 ("4E4B) in font nullfont!
Missing character: There is no 间 ("95F4) in font nullfont!
Missing character: There is no 存 ("5B58) in font nullfont!
Missing character: There is no 在 ("5728) in font nullfont!
Missing character: There is no 显 ("663E) in font nullfont!
Missing character: There is no 著 ("8457) in font nullfont!
Missing character: There is no 的 ("7684) in font nullfont!
Missing character: There is no 物 ("7269) in font nullfont!
Missing character: There is no 理 ("7406) in font nullfont!
Missing character: There is no 耦 ("8026) in font nullfont!
Missing character: There is no 合 ("5408) in font nullfont!
Missing character: There is no 性 ("6027) in font nullfont!
Missing character: There is no ， ("FF0C) in font nullfont!
Missing character: There is no 例 ("4F8B) in font nullfont!
Missing character: There is no 如 ("5982) in font nullfont!
Missing character: There is no 高 ("9AD8) in font nullfont!
Missing character: There is no 负 ("8D1F) in font nullfont!
Missing character: There is no 载 ("8F7D) in font nullfont!
Missing character: There is no 状 ("72B6) in font nullfont!
Missing character: There is no 态 ("6001) in font nullfont!
Missing character: There is no 通 ("901A) in font nullfont!
Missing character: There is no 常 ("5E38) in font nullfont!
Missing character: There is no 同 ("540C) in font nullfont!
Missing character: There is no 时 ("65F6) in font nullfont!
Missing character: There is no 对 ("5BF9) in font nullfont!
Missing character: There is no 应 ("5E94) in font nullfont!
Missing character: There is no 吞 ("541E) in font nullfont!
Missing character: There is no 吐 ("5410) in font nullfont!
Missing character: There is no 量 ("91CF) in font nullfont!
Missing character: There is no 饱 ("9971) in font nullfont!
Missing character: There is no 和 ("548C) in font nullfont!
Missing character: There is no 与 ("4E0E) in font nullfont!
Missing character: There is no 时 ("65F6) in font nullfont!
Missing character: There is no 延 ("5EF6) in font nullfont!
Missing character: There is no 激 ("6FC0) in font nullfont!
Missing character: There is no 增 ("589E) in font nullfont!
Missing character: There is no ， ("FF0C) in font nullfont!
Missing character: There is no 独 ("72EC) in font nullfont!
Missing character: There is no 立 ("7ACB) in font nullfont!
Missing character: There is no 的 ("7684) in font nullfont!
Missing character: There is no 单 ("5355) in font nullfont!
Missing character: There is no 任 ("4EFB) in font nullfont!
Missing character: There is no 务 ("52A1) in font nullfont!
Missing character: There is no 模 ("6A21) in font nullfont!
Missing character: There is no 型 ("578B) in font nullfont!
Missing character: There is no 往 ("5F80) in font nullfont!
Missing character: There is no 往 ("5F80) in font nullfont!
Missing character: There is no 忽 ("5FFD) in font nullfont!
Missing character: There is no 略 ("7565) in font nullfont!
Missing character: There is no 了 ("4E86) in font nullfont!
Missing character: There is no 这 ("8FD9) in font nullfont!
Missing character: There is no 些 ("4E9B) in font nullfont!
Missing character: There is no 内 ("5185) in font nullfont!
Missing character: There is no 在 ("5728) in font nullfont!
Missing character: There is no 关 ("5173) in font nullfont!
Missing character: There is no 联 ("8054) in font nullfont!
Missing character: There is no ， ("FF0C) in font nullfont!
Missing character: There is no 且 ("4E14) in font nullfont!
Missing character: There is no 训 ("8BAD) in font nullfont!
Missing character: There is no 练 ("7EC3) in font nullfont!
Missing character: There is no 效 ("6548) in font nullfont!
Missing character: There is no 率 ("7387) in font nullfont!
Missing character: There is no 低 ("4F4E) in font nullfont!
Missing character: There is no 下 ("4E0B) in font nullfont!
Missing character: There is no 。 ("3002) in font nullfont!
Missing character: There is no 为 ("4E3A) in font nullfont!
Missing character: There is no 此 ("6B64) in font nullfont!
Missing character: There is no ， ("FF0C) in font nullfont!
Missing character: There is no 本 ("672C) in font nullfont!
Missing character: There is no 文 ("6587) in font nullfont!
Missing character: There is no 设 ("8BBE) in font nullfont!
Missing character: There is no 计 ("8BA1) in font nullfont!
Missing character: There is no 了 ("4E86) in font nullfont!
Missing character: There is no 基 ("57FA) in font nullfont!
Missing character: There is no 于 ("4E8E) in font nullfont!
Missing character: There is no 硬 ("786C) in font nullfont!
Missing character: There is no 参 ("53C2) in font nullfont!
Missing character: There is no 数 ("6570) in font nullfont!
Missing character: There is no 共 ("5171) in font nullfont!
Missing character: There is no 享 ("4EAB) in font nullfont!
Missing character: There is no 机 ("673A) in font nullfont!
Missing character: There is no 制 ("5236) in font nullfont!
Missing character: There is no 的 ("7684) in font nullfont!
Missing character: There is no 神 ("795E) in font nullfont!
Missing character: There is no 经 ("7ECF) in font nullfont!
Missing character: There is no 网 ("7F51) in font nullfont!
Missing character: There is no 络 ("7EDC) in font nullfont!
Missing character: There is no 架 ("67B6) in font nullfont!
Missing character: There is no 构 ("6784) in font nullfont!
Missing character: There is no ， ("FF0C) in font nullfont!
Missing character: There is no 该 ("8BE5) in font nullfont!
Missing character: There is no 架 ("67B6) in font nullfont!
Missing character: There is no 构 ("6784) in font nullfont!
Missing character: There is no 在 ("5728) in font nullfont!
Missing character: There is no 保 ("4FDD) in font nullfont!
Missing character: There is no 持 ("6301) in font nullfont!
Missing character: There is no 参 ("53C2) in font nullfont!
Missing character: There is no 数 ("6570) in font nullfont!
Missing character: There is no 量 ("91CF) in font nullfont!
Missing character: There is no 可 ("53EF) in font nullfont!
Missing character: There is no 控 ("63A7) in font nullfont!
Missing character: There is no 的 ("7684) in font nullfont!
Missing character: There is no 同 ("540C) in font nullfont!
Missing character: There is no 时 ("65F6) in font nullfont!
Missing character: There is no ， ("FF0C) in font nullfont!
Missing character: There is no 能 ("80FD) in font nullfont!
Missing character: There is no 够 ("591F) in font nullfont!
Missing character: There is no 有 ("6709) in font nullfont!
Missing character: There is no 效 ("6548) in font nullfont!
Missing character: There is no 学 ("5B66) in font nullfont!
Missing character: There is no 习 ("4E60) in font nullfont!
Missing character: There is no 多 ("591A) in font nullfont!
Missing character: There is no 任 ("4EFB) in font nullfont!
Missing character: There is no 务 ("52A1) in font nullfont!
Missing character: There is no 间 ("95F4) in font nullfont!
Missing character: There is no 的 ("7684) in font nullfont!
Missing character: There is no 关 ("5173) in font nullfont!
Missing character: There is no 联 ("8054) in font nullfont!
Missing character: There is no 性 ("6027) in font nullfont!
Missing character: There is no 。 ("3002) in font nullfont!

Overfull \hbox (20.0pt too wide) in paragraph at lines 569--570
[] 
 []

! Undefined control sequence.
l.571 \paragraph
                {架构设计原理}
The control sequence at the end of the top line
of your error message was never \def'ed. If you have
misspelled it (e.g., `\hobx'), type `I' and the correct
spelling (e.g., `I\hbox'). Otherwise just continue,
and I'll forget about whatever was undefined.

Missing character: There is no 架 ("67B6) in font nullfont!
Missing character: There is no 构 ("6784) in font nullfont!
Missing character: There is no 设 ("8BBE) in font nullfont!
Missing character: There is no 计 ("8BA1) in font nullfont!
Missing character: There is no 原 ("539F) in font nullfont!
Missing character: There is no 理 ("7406) in font nullfont!
Missing character: There is no 硬 ("786C) in font nullfont!
Missing character: There is no 参 ("53C2) in font nullfont!
Missing character: There is no 数 ("6570) in font nullfont!
Missing character: There is no 共 ("5171) in font nullfont!
Missing character: There is no 享 ("4EAB) in font nullfont!
Missing character: There is no 架 ("67B6) in font nullfont!
Missing character: There is no 构 ("6784) in font nullfont!
Missing character: There is no 由 ("7531) in font nullfont!
Missing character: There is no 以 ("4EE5) in font nullfont!
Missing character: There is no 下 ("4E0B) in font nullfont!
Missing character: There is no 三 ("4E09) in font nullfont!
Missing character: There is no 个 ("4E2A) in font nullfont!
Missing character: There is no 核 ("6838) in font nullfont!
Missing character: There is no 心 ("5FC3) in font nullfont!
Missing character: There is no 模 ("6A21) in font nullfont!
Missing character: There is no 块 ("5757) in font nullfont!
Missing character: There is no 组 ("7EC4) in font nullfont!
Missing character: There is no 成 ("6210) in font nullfont!
Missing character: There is no ： ("FF1A) in font nullfont!

Overfull \hbox (20.0pt too wide) in paragraph at lines 571--573
[] 
 []

Missing character: There is no [ ("5B) in font nullfont!
Missing character: There is no l ("6C) in font nullfont!
Missing character: There is no e ("65) in font nullfont!
Missing character: There is no f ("66) in font nullfont!
Missing character: There is no t ("74) in font nullfont!
Missing character: There is no m ("6D) in font nullfont!
Missing character: There is no a ("61) in font nullfont!
Missing character: There is no r ("72) in font nullfont!
Missing character: There is no g ("67) in font nullfont!
Missing character: There is no i ("69) in font nullfont!
Missing character: There is no n ("6E) in font nullfont!
Missing character: There is no = ("3D) in font nullfont!
Missing character: There is no * ("2A) in font nullfont!
Missing character: There is no ] ("5D) in font nullfont!

! LaTeX Error: Something's wrong--perhaps a missing \item.

See the LaTeX manual or LaTeX Companion for explanation.
Type  H <return>  for immediate help.
 ...                                              
                                                  
l.574 ^^I\item \textbf
                      {输入归一化层}：采用 LayerNorm 对输入特征进行归一化，消除不同特征量纲差异，稳定梯度流。
Try typing  <return>  to proceed.
If that doesn't work, type  X <return>  to quit.


! LaTeX Error: Something's wrong--perhaps a missing \item.

See the LaTeX manual or LaTeX Companion for explanation.
Type  H <return>  for immediate help.
 ...                                              
                                                  
l.574 ^^I\item \textbf
                      {输入归一化层}：采用 LayerNorm 对输入特征进行归一化，消除不同特征量纲差异，稳定梯度流。
Try typing  <return>  to proceed.
If that doesn't work, type  X <return>  to quit.


! LaTeX Error: Something's wrong--perhaps a missing \item.

See the LaTeX manual or LaTeX Companion for explanation.
Type  H <return>  for immediate help.
 ...                                              
                                                  
l.574 ^^I\item \textbf
                      {输入归一化层}：采用 LayerNorm 对输入特征进行归一化，消除不同特征量纲差异，稳定梯度流。
Try typing  <return>  to proceed.
If that doesn't work, type  X <return>  to quit.

Missing character: There is no 输 (U+8F93) in font [lmroman10-bold]:mapping=tex-
text;!
Missing character: There is no 入 (U+5165) in font [lmroman10-bold]:mapping=tex-
text;!
Missing character: There is no 归 (U+5F52) in font [lmroman10-bold]:mapping=tex-
text;!
Missing character: There is no 一 (U+4E00) in font [lmroman10-bold]:mapping=tex-
text;!
Missing character: There is no 化 (U+5316) in font [lmroman10-bold]:mapping=tex-
text;!
Missing character: There is no 层 (U+5C42) in font [lmroman10-bold]:mapping=tex-
text;!
Missing character: There is no ： ("FF1A) in font nullfont!
Missing character: There is no 采 ("91C7) in font nullfont!
Missing character: There is no 用 ("7528) in font nullfont!
Missing character: There is no L ("4C) in font nullfont!
Missing character: There is no a ("61) in font nullfont!
Missing character: There is no y ("79) in font nullfont!
Missing character: There is no e ("65) in font nullfont!
Missing character: There is no r ("72) in font nullfont!
Missing character: There is no N ("4E) in font nullfont!
Missing character: There is no o ("6F) in font nullfont!
Missing character: There is no r ("72) in font nullfont!
Missing character: There is no m ("6D) in font nullfont!
Missing character: There is no 对 ("5BF9) in font nullfont!
Missing character: There is no 输 ("8F93) in font nullfont!
Missing character: There is no 入 ("5165) in font nullfont!
Missing character: There is no 特 ("7279) in font nullfont!
Missing character: There is no 征 ("5F81) in font nullfont!
Missing character: There is no 进 ("8FDB) in font nullfont!
Missing character: There is no 行 ("884C) in font nullfont!
Missing character: There is no 归 ("5F52) in font nullfont!
Missing character: There is no 一 ("4E00) in font nullfont!
Missing character: There is no 化 ("5316) in font nullfont!
Missing character: There is no ， ("FF0C) in font nullfont!
Missing character: There is no 消 ("6D88) in font nullfont!
Missing character: There is no 除 ("9664) in font nullfont!
Missing character: There is no 不 ("4E0D) in font nullfont!
Missing character: There is no 同 ("540C) in font nullfont!
Missing character: There is no 特 ("7279) in font nullfont!
Missing character: There is no 征 ("5F81) in font nullfont!
Missing character: There is no 量 ("91CF) in font nullfont!
Missing character: There is no 纲 ("7EB2) in font nullfont!
Missing character: There is no 差 ("5DEE) in font nullfont!
Missing character: There is no 异 ("5F02) in font nullfont!
Missing character: There is no ， ("FF0C) in font nullfont!
Missing character: There is no 稳 ("7A33) in font nullfont!
Missing character: There is no 定 ("5B9A) in font nullfont!
Missing character: There is no 梯 ("68AF) in font nullfont!
Missing character: There is no 度 ("5EA6) in font nullfont!
Missing character: There is no 流 ("6D41) in font nullfont!
Missing character: There is no 。 ("3002) in font nullfont!

! LaTeX Error: Something's wrong--perhaps a missing \item.

See the LaTeX manual or LaTeX Companion for explanation.
Type  H <return>  for immediate help.
 ...                                              
                                                  
l.575 ^^I\item \textbf
                      {共享特征提取层}：由两至三层全连接网络堆叠而成，每层均配备 LayerNorm、GELU 激活函数和 Dr...

Try typing  <return>  to proceed.
If that doesn't work, type  X <return>  to quit.


! LaTeX Error: Something's wrong--perhaps a missing \item.

See the LaTeX manual or LaTeX Companion for explanation.
Type  H <return>  for immediate help.
 ...                                              
                                                  
l.575 ^^I\item \textbf
                      {共享特征提取层}：由两至三层全连接网络堆叠而成，每层均配备 LayerNorm、GELU 激活函数和 Dr...

Try typing  <return>  to proceed.
If that doesn't work, type  X <return>  to quit.


! LaTeX Error: Something's wrong--perhaps a missing \item.

See the LaTeX manual or LaTeX Companion for explanation.
Type  H <return>  for immediate help.
 ...                                              
                                                  
l.575 ^^I\item \textbf
                      {共享特征提取层}：由两至三层全连接网络堆叠而成，每层均配备 LayerNorm、GELU 激活函数和 Dr...

Try typing  <return>  to proceed.
If that doesn't work, type  X <return>  to quit.

Missing character: There is no 共 (U+5171) in font [lmroman10-bold]:mapping=tex-
text;!
Missing character: There is no 享 (U+4EAB) in font [lmroman10-bold]:mapping=tex-
text;!
Missing character: There is no 特 (U+7279) in font [lmroman10-bold]:mapping=tex-
text;!
Missing character: There is no 征 (U+5F81) in font [lmroman10-bold]:mapping=tex-
text;!
Missing character: There is no 提 (U+63D0) in font [lmroman10-bold]:mapping=tex-
text;!
Missing character: There is no 取 (U+53D6) in font [lmroman10-bold]:mapping=tex-
text;!
Missing character: There is no 层 (U+5C42) in font [lmroman10-bold]:mapping=tex-
text;!
Missing character: There is no ： ("FF1A) in font nullfont!
Missing character: There is no 由 ("7531) in font nullfont!
Missing character: There is no 两 ("4E24) in font nullfont!
Missing character: There is no 至 ("81F3) in font nullfont!
Missing character: There is no 三 ("4E09) in font nullfont!
Missing character: There is no 层 ("5C42) in font nullfont!
Missing character: There is no 全 ("5168) in font nullfont!
Missing character: There is no 连 ("8FDE) in font nullfont!
Missing character: There is no 接 ("63A5) in font nullfont!
Missing character: There is no 网 ("7F51) in font nullfont!
Missing character: There is no 络 ("7EDC) in font nullfont!
Missing character: There is no 堆 ("5806) in font nullfont!
Missing character: There is no 叠 ("53E0) in font nullfont!
Missing character: There is no 而 ("800C) in font nullfont!
Missing character: There is no 成 ("6210) in font nullfont!
Missing character: There is no ， ("FF0C) in font nullfont!
Missing character: There is no 每 ("6BCF) in font nullfont!
Missing character: There is no 层 ("5C42) in font nullfont!
Missing character: There is no 均 ("5747) in font nullfont!
Missing character: There is no 配 ("914D) in font nullfont!
Missing character: There is no 备 ("5907) in font nullfont!
Missing character: There is no L ("4C) in font nullfont!
Missing character: There is no a ("61) in font nullfont!
Missing character: There is no y ("79) in font nullfont!
Missing character: There is no e ("65) in font nullfont!
Missing character: There is no r ("72) in font nullfont!
Missing character: There is no N ("4E) in font nullfont!
Missing character: There is no o ("6F) in font nullfont!
Missing character: There is no r ("72) in font nullfont!
Missing character: There is no m ("6D) in font nullfont!
Missing character: There is no 、 ("3001) in font nullfont!
Missing character: There is no G ("47) in font nullfont!
Missing character: There is no E ("45) in font nullfont!
Missing character: There is no L ("4C) in font nullfont!
Missing character: There is no U ("55) in font nullfont!
Missing character: There is no 激 ("6FC0) in font nullfont!
Missing character: There is no 活 ("6D3B) in font nullfont!
Missing character: There is no 函 ("51FD) in font nullfont!
Missing character: There is no 数 ("6570) in font nullfont!
Missing character: There is no 和 ("548C) in font nullfont!
Missing character: There is no D ("44) in font nullfont!
Missing character: There is no r ("72) in font nullfont!
Missing character: There is no o ("6F) in font nullfont!
Missing character: There is no p ("70) in font nullfont!
Missing character: There is no o ("6F) in font nullfont!
Missing character: There is no u ("75) in font nullfont!
Missing character: There is no t ("74) in font nullfont!
Missing character: There is no 。 ("3002) in font nullfont!
Missing character: There is no 该 ("8BE5) in font nullfont!
Missing character: There is no 部 ("90E8) in font nullfont!
Missing character: There is no 分 ("5206) in font nullfont!
Missing character: There is no 负 ("8D1F) in font nullfont!
Missing character: There is no 责 ("8D23) in font nullfont!
Missing character: There is no 提 ("63D0) in font nullfont!
Missing character: There is no 取 ("53D6) in font nullfont!
Missing character: There is no 所 ("6240) in font nullfont!
Missing character: There is no 有 ("6709) in font nullfont!
Missing character: There is no 任 ("4EFB) in font nullfont!
Missing character: There is no 务 ("52A1) in font nullfont!
Missing character: There is no 通 ("901A) in font nullfont!
Missing character: There is no 用 ("7528) in font nullfont!
Missing character: There is no 的 ("7684) in font nullfont!
Missing character: There is no 网 ("7F51) in font nullfont!
Missing character: There is no 络 ("7EDC) in font nullfont!
Missing character: There is no 状 ("72B6) in font nullfont!
Missing character: There is no 态 ("6001) in font nullfont!
Missing character: There is no 表 ("8868) in font nullfont!
Missing character: There is no 征 ("5F81) in font nullfont!
Missing character: There is no 。 ("3002) in font nullfont!

! LaTeX Error: Something's wrong--perhaps a missing \item.

See the LaTeX manual or LaTeX Companion for explanation.
Type  H <return>  for immediate help.
 ...                                              
                                                  
l.576 ^^I\item \textbf
                      {任务特定头部}：针对每个任务设置独立的单层线性映射，实现从共享特征到任务输出的最终转换。
Try typing  <return>  to proceed.
If that doesn't work, type  X <return>  to quit.


! LaTeX Error: Something's wrong--perhaps a missing \item.

See the LaTeX manual or LaTeX Companion for explanation.
Type  H <return>  for immediate help.
 ...                                              
                                                  
l.576 ^^I\item \textbf
                      {任务特定头部}：针对每个任务设置独立的单层线性映射，实现从共享特征到任务输出的最终转换。
Try typing  <return>  to proceed.
If that doesn't work, type  X <return>  to quit.


! LaTeX Error: Something's wrong--perhaps a missing \item.

See the LaTeX manual or LaTeX Companion for explanation.
Type  H <return>  for immediate help.
 ...                                              
                                                  
l.576 ^^I\item \textbf
                      {任务特定头部}：针对每个任务设置独立的单层线性映射，实现从共享特征到任务输出的最终转换。
Try typing  <return>  to proceed.
If that doesn't work, type  X <return>  to quit.

Missing character: There is no 任 (U+4EFB) in font [lmroman10-bold]:mapping=tex-
text;!
Missing character: There is no 务 (U+52A1) in font [lmroman10-bold]:mapping=tex-
text;!
Missing character: There is no 特 (U+7279) in font [lmroman10-bold]:mapping=tex-
text;!
Missing character: There is no 定 (U+5B9A) in font [lmroman10-bold]:mapping=tex-
text;!
Missing character: There is no 头 (U+5934) in font [lmroman10-bold]:mapping=tex-
text;!
Missing character: There is no 部 (U+90E8) in font [lmroman10-bold]:mapping=tex-
text;!
Missing character: There is no ： ("FF1A) in font nullfont!
Missing character: There is no 针 ("9488) in font nullfont!
Missing character: There is no 对 ("5BF9) in font nullfont!
Missing character: There is no 每 ("6BCF) in font nullfont!
Missing character: There is no 个 ("4E2A) in font nullfont!
Missing character: There is no 任 ("4EFB) in font nullfont!
Missing character: There is no 务 ("52A1) in font nullfont!
Missing character: There is no 设 ("8BBE) in font nullfont!
Missing character: There is no 置 ("7F6E) in font nullfont!
Missing character: There is no 独 ("72EC) in font nullfont!
Missing character: There is no 立 ("7ACB) in font nullfont!
Missing character: There is no 的 ("7684) in font nullfont!
Missing character: There is no 单 ("5355) in font nullfont!
Missing character: There is no 层 ("5C42) in font nullfont!
Missing character: There is no 线 ("7EBF) in font nullfont!
Missing character: There is no 性 ("6027) in font nullfont!
Missing character: There is no 映 ("6620) in font nullfont!
Missing character: There is no 射 ("5C04) in font nullfont!
Missing character: There is no ， ("FF0C) in font nullfont!
Missing character: There is no 实 ("5B9E) in font nullfont!
Missing character: There is no 现 ("73B0) in font nullfont!
Missing character: There is no 从 ("4ECE) in font nullfont!
Missing character: There is no 共 ("5171) in font nullfont!
Missing character: There is no 享 ("4EAB) in font nullfont!
Missing character: There is no 特 ("7279) in font nullfont!
Missing character: There is no 征 ("5F81) in font nullfont!
Missing character: There is no 到 ("5230) in font nullfont!
Missing character: There is no 任 ("4EFB) in font nullfont!
Missing character: There is no 务 ("52A1) in font nullfont!
Missing character: There is no 输 ("8F93) in font nullfont!
Missing character: There is no 出 ("51FA) in font nullfont!
Missing character: There is no 的 ("7684) in font nullfont!
Missing character: There is no 最 ("6700) in font nullfont!
Missing character: There is no 终 ("7EC8) in font nullfont!
Missing character: There is no 转 ("8F6C) in font nullfont!
Missing character: There is no 换 ("6362) in font nullfont!
Missing character: There is no 。 ("3002) in font nullfont!

! LaTeX Error: Something's wrong--perhaps a missing \item.

See the LaTeX manual or LaTeX Companion for explanation.
Type  H <return>  for immediate help.
 ...                                              
                                                  
l.577 \end{itemize}
                   
Try typing  <return>  to proceed.
If that doesn't work, type  X <return>  to quit.


Overfull \hbox (16.8pt too wide) in paragraph at lines 573--577
[]\TU/lmr/bx/n/10 输入归一化层
 []


Overfull \hbox (19.6pt too wide) in paragraph at lines 573--577
[]\TU/lmr/bx/n/10 共享特征提取层
 []


Overfull \hbox (16.8pt too wide) in paragraph at lines 573--577
[]\TU/lmr/bx/n/10 任务特定头部 
 []

Missing character: There is no 网 ("7F51) in font nullfont!
Missing character: There is no 络 ("7EDC) in font nullfont!
Missing character: There is no 的 ("7684) in font nullfont!
Missing character: There is no 数 ("6570) in font nullfont!
Missing character: There is no 学 ("5B66) in font nullfont!
Missing character: There is no 描 ("63CF) in font nullfont!
Missing character: There is no 述 ("8FF0) in font nullfont!
Missing character: There is no 如 ("5982) in font nullfont!
Missing character: There is no 下 ("4E0B) in font nullfont!
Missing character: There is no 。 ("3002) in font nullfont!
Missing character: There is no 设 ("8BBE) in font nullfont!
Missing character: There is no 输 ("8F93) in font nullfont!
Missing character: There is no 入 ("5165) in font nullfont!
Missing character: There is no 特 ("7279) in font nullfont!
Missing character: There is no 征 ("5F81) in font nullfont!
Missing character: There is no 维 ("7EF4) in font nullfont!
Missing character: There is no 度 ("5EA6) in font nullfont!
Missing character: There is no 为 ("4E3A) in font nullfont!
! Undefined control sequence.
l.579 网络的数学描述如下。设输入特征维度为 $D_{\text
                                  {in}}$，共享层隐藏维度为 $D_{\text{hidden}}$，共享层深度为...
The control sequence at the end of the top line
of your error message was never \def'ed. If you have
misspelled it (e.g., `\hobx'), type `I' and the correct
spelling (e.g., `I\hbox'). Otherwise just continue,
and I'll forget about whatever was undefined.

Missing character: There is no ， ("FF0C) in font nullfont!
Missing character: There is no 共 ("5171) in font nullfont!
Missing character: There is no 享 ("4EAB) in font nullfont!
Missing character: There is no 层 ("5C42) in font nullfont!
Missing character: There is no 隐 ("9690) in font nullfont!
Missing character: There is no 藏 ("85CF) in font nullfont!
Missing character: There is no 维 ("7EF4) in font nullfont!
Missing character: There is no 度 ("5EA6) in font nullfont!
Missing character: There is no 为 ("4E3A) in font nullfont!
! Undefined control sequence.
l.579 ...入特征维度为 $D_{\text{in}}$，共享层隐藏维度为 $D_{\text
                                                  {hidden}}$，共享层深度为 $L$。首先对输...
The control sequence at the end of the top line
of your error message was never \def'ed. If you have
misspelled it (e.g., `\hobx'), type `I' and the correct
spelling (e.g., `I\hbox'). Otherwise just continue,
and I'll forget about whatever was undefined.

Missing character: There is no ， ("FF0C) in font nullfont!
Missing character: There is no 共 ("5171) in font nullfont!
Missing character: There is no 享 ("4EAB) in font nullfont!
Missing character: There is no 层 ("5C42) in font nullfont!
Missing character: There is no 深 ("6DF1) in font nullfont!
Missing character: There is no 度 ("5EA6) in font nullfont!
Missing character: There is no 为 ("4E3A) in font nullfont!
Missing character: There is no 。 ("3002) in font nullfont!
Missing character: There is no 首 ("9996) in font nullfont!
Missing character: There is no 先 ("5148) in font nullfont!
Missing character: There is no 对 ("5BF9) in font nullfont!
Missing character: There is no 输 ("8F93) in font nullfont!
Missing character: There is no 入 ("5165) in font nullfont!
Missing character: There is no 特 ("7279) in font nullfont!
Missing character: There is no 征 ("5F81) in font nullfont!
Missing character: There is no 与 ("4E0E) in font nullfont!
Missing character: There is no 掩 ("63A9) in font nullfont!
Missing character: There is no 码 ("7801) in font nullfont!
Missing character: There is no 向 ("5411) in font nullfont!
Missing character: There is no 量 ("91CF) in font nullfont!
Missing character: There is no 逐 ("9010) in font nullfont!
Missing character: There is no 元 ("5143) in font nullfont!
Missing character: There is no 素 ("7D20) in font nullfont!
Missing character: There is no 相 ("76F8) in font nullfont!
Missing character: There is no 乘 ("4E58) in font nullfont!
Missing character: There is no 并 ("5E76) in font nullfont!
Missing character: There is no 归 ("5F52) in font nullfont!
Missing character: There is no 一 ("4E00) in font nullfont!
Missing character: There is no 化 ("5316) in font nullfont!
Missing character: There is no ： ("FF1A) in font nullfont!

Overfull \hbox (20.0pt too wide) in paragraph at lines 579--580
[]
 []


Overfull \hbox (16.55177pt too wide) in paragraph at lines 579--580
\OML/cmm/m/it/10 D[]$
 []


Overfull \hbox (33.35338pt too wide) in paragraph at lines 579--580
\OML/cmm/m/it/10 D[]$
 []


Overfull \hbox (6.80557pt too wide) in paragraph at lines 579--580
\OML/cmm/m/it/10 L$ 
 []

! Undefined control sequence.
l.581 ^^I\mathbf{h}^{(0)} = \text
                                 {LayerNorm}(\mathbf{X}_{\text{in}} \odot \m...
The control sequence at the end of the top line
of your error message was never \def'ed. If you have
misspelled it (e.g., `\hobx'), type `I' and the correct
spelling (e.g., `I\hbox'). Otherwise just continue,
and I'll forget about whatever was undefined.

! Undefined control sequence.
l.581 ...(0)} = \text{LayerNorm}(\mathbf{X}_{\text
                                                  {in}} \odot \mathbf{m})
The control sequence at the end of the top line
of your error message was never \def'ed. If you have
misspelled it (e.g., `\hobx'), type `I' and the correct
spelling (e.g., `I\hbox'). Otherwise just continue,
and I'll forget about whatever was undefined.


Overfull \hbox (126.90453pt too wide) detected at line 582
\OT1/cmr/bx/n/10 h[] \OT1/cmr/m/n/10 = [](\OT1/cmr/bx/n/10 X[] \OMS/cmsy/m/n/10
 ^^L \OT1/cmr/bx/n/10 m\OT1/cmr/m/n/10 )
 []

Missing character: There is no 其 ("5176) in font nullfont!
Missing character: There is no 中 ("4E2D) in font nullfont!
Missing character: There is no 为 ("4E3A) in font nullfont!
Missing character: There is no 掩 ("63A9) in font nullfont!
Missing character: There is no 码 ("7801) in font nullfont!
Missing character: There is no 向 ("5411) in font nullfont!
Missing character: There is no 量 ("91CF) in font nullfont!
Missing character: There is no ， ("FF0C) in font nullfont!
Missing character: There is no 用 ("7528) in font nullfont!
Missing character: There is no 于 ("4E8E) in font nullfont!
Missing character: There is no 屏 ("5C4F) in font nullfont!
Missing character: There is no 蔽 ("853D) in font nullfont!
Missing character: There is no 无 ("65E0) in font nullfont!
Missing character: There is no 效 ("6548) in font nullfont!
Missing character: There is no 参 ("53C2) in font nullfont!
Missing character: There is no 数 ("6570) in font nullfont!
Missing character: There is no 分 ("5206) in font nullfont!
Missing character: There is no 量 ("91CF) in font nullfont!
Missing character: There is no 。 ("3002) in font nullfont!
Missing character: There is no 随 ("968F) in font nullfont!
Missing character: There is no 后 ("540E) in font nullfont!
Missing character: There is no 依 ("4F9D) in font nullfont!
Missing character: There is no 次 ("6B21) in font nullfont!
Missing character: There is no 进 ("8FDB) in font nullfont!
Missing character: There is no 行 ("884C) in font nullfont!
Missing character: There is no 特 ("7279) in font nullfont!
Missing character: There is no 征 ("5F81) in font nullfont!
Missing character: There is no 变 ("53D8) in font nullfont!
Missing character: There is no 换 ("6362) in font nullfont!
Missing character: There is no 和 ("548C) in font nullfont!
Missing character: There is no 非 ("975E) in font nullfont!
Missing character: There is no 线 ("7EBF) in font nullfont!
Missing character: There is no 性 ("6027) in font nullfont!
Missing character: There is no 映 ("6620) in font nullfont!
Missing character: There is no 射 ("5C04) in font nullfont!
Missing character: There is no ： ("FF1A) in font nullfont!

Overfull \hbox (9.58328pt too wide) in paragraph at lines 582--584
 $\OT1/cmr/bx/n/10 m$
 []

! Undefined control sequence.
l.585 ^^I\mathbf{h}^{(\ell)} = \text
                                    {Dropout}\left( \sigma\left( \text{Layer...
The control sequence at the end of the top line
of your error message was never \def'ed. If you have
misspelled it (e.g., `\hobx'), type `I' and the correct
spelling (e.g., `I\hbox'). Otherwise just continue,
and I'll forget about whatever was undefined.

! Undefined control sequence.
l.585 ...= \text{Dropout}\left( \sigma\left( \text
                                                  {LayerNorm}(\mathbf{W}^{(\...
The control sequence at the end of the top line
of your error message was never \def'ed. If you have
misspelled it (e.g., `\hobx'), type `I' and the correct
spelling (e.g., `I\hbox'). Otherwise just continue,
and I'll forget about whatever was undefined.


Overfull \hbox (297.85536pt too wide) detected at line 586
\OT1/cmr/bx/n/10 h[] \OT1/cmr/m/n/10 = [] [] \OML/cmm/m/it/10 ;  ` \OT1/cmr/m/n
/10 = 1\OML/cmm/m/it/10 ; [] ; L
 []

Missing character: There is no 其 ("5176) in font nullfont!
Missing character: There is no 中 ("4E2D) in font nullfont!
Missing character: There is no 表 ("8868) in font nullfont!
Missing character: There is no 示 ("793A) in font nullfont!
Missing character: There is no G ("47) in font nullfont!
Missing character: There is no E ("45) in font nullfont!
Missing character: There is no L ("4C) in font nullfont!
Missing character: There is no U ("55) in font nullfont!
Missing character: There is no 激 ("6FC0) in font nullfont!
Missing character: There is no 活 ("6D3B) in font nullfont!
Missing character: There is no 函 ("51FD) in font nullfont!
Missing character: There is no 数 ("6570) in font nullfont!
Missing character: There is no ， ("FF0C) in font nullfont!
Missing character: There is no D ("44) in font nullfont!
Missing character: There is no r ("72) in font nullfont!
Missing character: There is no o ("6F) in font nullfont!
Missing character: There is no p ("70) in font nullfont!
Missing character: There is no o ("6F) in font nullfont!
Missing character: There is no u ("75) in font nullfont!
Missing character: There is no t ("74) in font nullfont!
Missing character: There is no 比 ("6BD4) in font nullfont!
Missing character: There is no 率 ("7387) in font nullfont!
Missing character: There is no 为 ("4E3A) in font nullfont!
Missing character: There is no 0 ("30) in font nullfont!
Missing character: There is no . ("2E) in font nullfont!
Missing character: There is no 1 ("31) in font nullfont!
Missing character: There is no 。 ("3002) in font nullfont!
Missing character: There is no 对 ("5BF9) in font nullfont!
Missing character: There is no 于 ("4E8E) in font nullfont!
Missing character: There is no 第 ("7B2C) in font nullfont!
Missing character: There is no 个 ("4E2A) in font nullfont!
Missing character: There is no 任 ("4EFB) in font nullfont!
Missing character: There is no 务 ("52A1) in font nullfont!
Missing character: There is no ， ("FF0C) in font nullfont!
Missing character: There is no 输 ("8F93) in font nullfont!
Missing character: There is no 出 ("51FA) in font nullfont!
Missing character: There is no 通 ("901A) in font nullfont!
Missing character: There is no 过 ("8FC7) in font nullfont!
Missing character: There is no 线 ("7EBF) in font nullfont!
Missing character: There is no 性 ("6027) in font nullfont!
Missing character: There is no 映 ("6620) in font nullfont!
Missing character: There is no 射 ("5C04) in font nullfont!
Missing character: There is no 获 ("83B7) in font nullfont!
Missing character: There is no 得 ("5F97) in font nullfont!
Missing character: There is no ： ("FF1A) in font nullfont!

Overfull \hbox (6.0729pt too wide) in paragraph at lines 586--588
 $\OML/cmm/m/it/10 ^^[$
 []


Overfull \hbox (5.52084pt too wide) in paragraph at lines 586--588
\OML/cmm/m/it/10 k$
 []


Overfull \hbox (73.98611pt too wide) detected at line 590
[] \OT1/cmr/m/n/10 = \OT1/cmr/bx/n/10 w[]h[] \OT1/cmr/m/n/10 + \OML/cmm/m/it/10
 b[]
 []

Missing character: There is no 各 ("5404) in font nullfont!
Missing character: There is no 任 ("4EFB) in font nullfont!
Missing character: There is no 务 ("52A1) in font nullfont!
Missing character: There is no 输 ("8F93) in font nullfont!
Missing character: There is no 出 ("51FA) in font nullfont!
Missing character: There is no 为 ("4E3A) in font nullfont!
Missing character: There is no 连 ("8FDE) in font nullfont!
Missing character: There is no 续 ("7EED) in font nullfont!
Missing character: There is no 值 ("503C) in font nullfont!
Missing character: There is no ， ("FF0C) in font nullfont!
Missing character: There is no 无 ("65E0) in font nullfont!
Missing character: There is no 需 ("9700) in font nullfont!
Missing character: There is no 额 ("989D) in font nullfont!
Missing character: There is no 外 ("5916) in font nullfont!
Missing character: There is no 激 ("6FC0) in font nullfont!
Missing character: There is no 活 ("6D3B) in font nullfont!
Missing character: There is no 函 ("51FD) in font nullfont!
Missing character: There is no 数 ("6570) in font nullfont!
Missing character: There is no 。 ("3002) in font nullfont!

! LaTeX Error: Environment table undefined.

See the LaTeX manual or LaTeX Companion for explanation.
Type  H <return>  for immediate help.
 ...                                              
                                                  
l.593 \begin{table}
                   [htbp]
Your command was ignored.
Type  I <command> <return>  to replace it with another command,
or  <return>  to continue without it.

Missing character: There is no [ ("5B) in font nullfont!
Missing character: There is no h ("68) in font nullfont!
Missing character: There is no t ("74) in font nullfont!
Missing character: There is no b ("62) in font nullfont!
Missing character: There is no p ("70) in font nullfont!
Missing character: There is no ] ("5D) in font nullfont!

! LaTeX Error: \caption outside float.

See the LaTeX manual or LaTeX Companion for explanation.
Type  H <return>  for immediate help.
 ...                                              
                                                  
l.595 ^^I\caption
                 {多任务代理模型的神经网络架构}
You're in trouble here.  Try typing  <return>  to proceed.
If that doesn't work, type  X <return>  to quit.

Missing character: There is no 多 ("591A) in font nullfont!
Missing character: There is no 任 ("4EFB) in font nullfont!
Missing character: There is no 务 ("52A1) in font nullfont!
Missing character: There is no 代 ("4EE3) in font nullfont!
Missing character: There is no 理 ("7406) in font nullfont!
Missing character: There is no 模 ("6A21) in font nullfont!
Missing character: There is no 型 ("578B) in font nullfont!
Missing character: There is no 的 ("7684) in font nullfont!
Missing character: There is no 神 ("795E) in font nullfont!
Missing character: There is no 经 ("7ECF) in font nullfont!
Missing character: There is no 网 ("7F51) in font nullfont!
Missing character: There is no 络 ("7EDC) in font nullfont!
Missing character: There is no 架 ("67B6) in font nullfont!
Missing character: There is no 构 ("6784) in font nullfont!
! Undefined control sequence.
l.599 ^^I^^I\toprule
                    
The control sequence at the end of the top line
of your error message was never \def'ed. If you have
misspelled it (e.g., `\hobx'), type `I' and the correct
spelling (e.g., `I\hbox'). Otherwise just continue,
and I'll forget about whatever was undefined.

Missing character: There is no 模 (U+6A21) in font [lmroman10-bold]:mapping=tex-
text;!
Missing character: There is no 块 (U+5757) in font [lmroman10-bold]:mapping=tex-
text;!
Missing character: There is no 结 (U+7ED3) in font [lmroman10-bold]:mapping=tex-
text;!
Missing character: There is no 构 (U+6784) in font [lmroman10-bold]:mapping=tex-
text;!
Missing character: There is no 配 (U+914D) in font [lmroman10-bold]:mapping=tex-
text;!
Missing character: There is no 置 (U+7F6E) in font [lmroman10-bold]:mapping=tex-
text;!
Missing character: There is no 参 (U+53C2) in font [lmroman10-bold]:mapping=tex-
text;!
Missing character: There is no 数 (U+6570) in font [lmroman10-bold]:mapping=tex-
text;!
Missing character: There is no 说 (U+8BF4) in font [lmroman10-bold]:mapping=tex-
text;!
Missing character: There is no 明 (U+660E) in font [lmroman10-bold]:mapping=tex-
text;!
! Undefined control sequence.
<recently read> \midrule 
                         
l.601 ^^I^^I\midrule
                    
The control sequence at the end of the top line
of your error message was never \def'ed. If you have
misspelled it (e.g., `\hobx'), type `I' and the correct
spelling (e.g., `I\hbox'). Otherwise just continue,
and I'll forget about whatever was undefined.

! Undefined control sequence.
l.602 ^^I^^I\multirow
                     {2}{*}{输入层}
The control sequence at the end of the top line
of your error message was never \def'ed. If you have
misspelled it (e.g., `\hobx'), type `I' and the correct
spelling (e.g., `I\hbox'). Otherwise just continue,
and I'll forget about whatever was undefined.

Missing character: There is no 2 ("32) in font nullfont!
Missing character: There is no * ("2A) in font nullfont!
Missing character: There is no 输 ("8F93) in font nullfont!
Missing character: There is no 入 ("5165) in font nullfont!
Missing character: There is no 层 ("5C42) in font nullfont!
Missing character: There is no L ("4C) in font nullfont!
Missing character: There is no a ("61) in font nullfont!
Missing character: There is no y ("79) in font nullfont!
Missing character: There is no e ("65) in font nullfont!
Missing character: There is no r ("72) in font nullfont!
Missing character: There is no N ("4E) in font nullfont!
Missing character: There is no o ("6F) in font nullfont!
Missing character: There is no r ("72) in font nullfont!
Missing character: There is no m ("6D) in font nullfont!
Missing character: There is no 特 ("7279) in font nullfont!
Missing character: There is no 征 ("5F81) in font nullfont!
Missing character: There is no 归 ("5F52) in font nullfont!
Missing character: There is no 一 ("4E00) in font nullfont!
Missing character: There is no 化 ("5316) in font nullfont!
Missing character: There is no 以 ("4EE5) in font nullfont!
Missing character: There is no 稳 ("7A33) in font nullfont!
Missing character: There is no 定 ("5B9A) in font nullfont!
Missing character: There is no 训 ("8BAD) in font nullfont!
Missing character: There is no 练 ("7EC3) in font nullfont!
Missing character: There is no 过 ("8FC7) in font nullfont!
Missing character: There is no 程 ("7A0B) in font nullfont!
Missing character: There is no 掩 ("63A9) in font nullfont!
Missing character: There is no 码 ("7801) in font nullfont!
Missing character: There is no 乘 ("4E58) in font nullfont!
Missing character: There is no 法 ("6CD5) in font nullfont!
Missing character: There is no ， ("FF0C) in font nullfont!
Missing character: There is no 屏 ("5C4F) in font nullfont!
Missing character: There is no 蔽 ("853D) in font nullfont!
Missing character: There is no 无 ("65E0) in font nullfont!
Missing character: There is no 效 ("6548) in font nullfont!
Missing character: There is no 或 ("6216) in font nullfont!
Missing character: There is no 缺 ("7F3A) in font nullfont!
Missing character: There is no 失 ("5931) in font nullfont!
Missing character: There is no 特 ("7279) in font nullfont!
Missing character: There is no 征 ("5F81) in font nullfont!
! Undefined control sequence.
<recently read> \midrule 
                         
l.607 ^^I^^I\midrule
                    
The control sequence at the end of the top line
of your error message was never \def'ed. If you have
misspelled it (e.g., `\hobx'), type `I' and the correct
spelling (e.g., `I\hbox'). Otherwise just continue,
and I'll forget about whatever was undefined.

! Undefined control sequence.
l.608 ^^I^^I\multirow
                     {5}{*}{共享隐藏层}
The control sequence at the end of the top line
of your error message was never \def'ed. If you have
misspelled it (e.g., `\hobx'), type `I' and the correct
spelling (e.g., `I\hbox'). Otherwise just continue,
and I'll forget about whatever was undefined.

Missing character: There is no 5 ("35) in font nullfont!
Missing character: There is no * ("2A) in font nullfont!
Missing character: There is no 共 ("5171) in font nullfont!
Missing character: There is no 享 ("4EAB) in font nullfont!
Missing character: There is no 隐 ("9690) in font nullfont!
Missing character: There is no 藏 ("85CF) in font nullfont!
Missing character: There is no 层 ("5C42) in font nullfont!
Missing character: There is no F ("46) in font nullfont!
Missing character: There is no C ("43) in font nullfont!
Missing character: There is no + ("2B) in font nullfont!
Missing character: There is no L ("4C) in font nullfont!
Missing character: There is no a ("61) in font nullfont!
Missing character: There is no y ("79) in font nullfont!
Missing character: There is no e ("65) in font nullfont!
Missing character: There is no r ("72) in font nullfont!
Missing character: There is no N ("4E) in font nullfont!
Missing character: There is no o ("6F) in font nullfont!
Missing character: There is no r ("72) in font nullfont!
Missing character: There is no m ("6D) in font nullfont!
Missing character: There is no 维 ("7EF4) in font nullfont!
Missing character: There is no 度 ("5EA6) in font nullfont!
Missing character: There is no 映 ("6620) in font nullfont!
Missing character: There is no 射 ("5C04) in font nullfont!
Missing character: There is no （ ("FF08) in font nullfont!
Missing character: There is no 如 ("5982) in font nullfont!
Missing character: There is no 1 ("31) in font nullfont!
Missing character: There is no 2 ("32) in font nullfont!
Missing character: There is no 8 ("38) in font nullfont!
Missing character: There is no ） ("FF09) in font nullfont!
Missing character: There is no G ("47) in font nullfont!
Missing character: There is no E ("45) in font nullfont!
Missing character: There is no L ("4C) in font nullfont!
Missing character: There is no U ("55) in font nullfont!
Missing character: There is no + ("2B) in font nullfont!
Missing character: There is no D ("44) in font nullfont!
Missing character: There is no r ("72) in font nullfont!
Missing character: There is no o ("6F) in font nullfont!
Missing character: There is no p ("70) in font nullfont!
Missing character: There is no o ("6F) in font nullfont!
Missing character: There is no u ("75) in font nullfont!
Missing character: There is no t ("74) in font nullfont!
Missing character: There is no 非 ("975E) in font nullfont!
Missing character: There is no 线 ("7EBF) in font nullfont!
Missing character: There is no 性 ("6027) in font nullfont!
Missing character: There is no 激 ("6FC0) in font nullfont!
Missing character: There is no 活 ("6D3B) in font nullfont!
Missing character: There is no 与 ("4E0E) in font nullfont!
Missing character: There is no 正 ("6B63) in font nullfont!
Missing character: There is no 则 ("5219) in font nullfont!
Missing character: There is no 化 ("5316) in font nullfont!
Missing character: There is no ， ("FF0C) in font nullfont!
Missing character: There is no D ("44) in font nullfont!
Missing character: There is no r ("72) in font nullfont!
Missing character: There is no o ("6F) in font nullfont!
Missing character: There is no p ("70) in font nullfont!
Missing character: There is no o ("6F) in font nullfont!
Missing character: There is no u ("75) in font nullfont!
Missing character: There is no t ("74) in font nullfont!
Missing character: There is no 概 ("6982) in font nullfont!
Missing character: There is no 率 ("7387) in font nullfont!
Missing character: There is no F ("46) in font nullfont!
Missing character: There is no C ("43) in font nullfont!
Missing character: There is no + ("2B) in font nullfont!
Missing character: There is no L ("4C) in font nullfont!
Missing character: There is no a ("61) in font nullfont!
Missing character: There is no y ("79) in font nullfont!
Missing character: There is no e ("65) in font nullfont!
Missing character: There is no r ("72) in font nullfont!
Missing character: There is no N ("4E) in font nullfont!
Missing character: There is no o ("6F) in font nullfont!
Missing character: There is no r ("72) in font nullfont!
Missing character: There is no m ("6D) in font nullfont!
Missing character: There is no 隐 ("9690) in font nullfont!
Missing character: There is no 藏 ("85CF) in font nullfont!
Missing character: There is no 层 ("5C42) in font nullfont!
Missing character: There is no 维 ("7EF4) in font nullfont!
Missing character: There is no 度 ("5EA6) in font nullfont!
Missing character: There is no 保 ("4FDD) in font nullfont!
Missing character: There is no 持 ("6301) in font nullfont!
Missing character: There is no G ("47) in font nullfont!
Missing character: There is no E ("45) in font nullfont!
Missing character: There is no L ("4C) in font nullfont!
Missing character: There is no U ("55) in font nullfont!
Missing character: There is no + ("2B) in font nullfont!
Missing character: There is no D ("44) in font nullfont!
Missing character: There is no r ("72) in font nullfont!
Missing character: There is no o ("6F) in font nullfont!
Missing character: There is no p ("70) in font nullfont!
Missing character: There is no o ("6F) in font nullfont!
Missing character: There is no u ("75) in font nullfont!
Missing character: There is no t ("74) in font nullfont!
Missing character: There is no 激 ("6FC0) in font nullfont!
Missing character: There is no 活 ("6D3B) in font nullfont!
Missing character: There is no 与 ("4E0E) in font nullfont!
Missing character: There is no 正 ("6B63) in font nullfont!
Missing character: There is no 则 ("5219) in font nullfont!
Missing character: There is no 化 ("5316) in font nullfont!
Missing character: There is no 可 ("53EF) in font nullfont!
Missing character: There is no 选 ("9009) in font nullfont!
Missing character: There is no 第 ("7B2C) in font nullfont!
Missing character: There is no 3 ("33) in font nullfont!
Missing character: There is no 层 ("5C42) in font nullfont!
Missing character: There is no 深 ("6DF1) in font nullfont!
Missing character: There is no 层 ("5C42) in font nullfont!
Missing character: There is no 模 ("6A21) in font nullfont!
Missing character: There is no 式 ("5F0F) in font nullfont!
Missing character: There is no 下 ("4E0B) in font nullfont!
Missing character: There is no 启 ("542F) in font nullfont!
Missing character: There is no 用 ("7528) in font nullfont!
Missing character: There is no ， ("FF0C) in font nullfont!
Missing character: There is no 用 ("7528) in font nullfont!
Missing character: There is no 于 ("4E8E) in font nullfont!
Missing character: There is no 提 ("63D0) in font nullfont!
Missing character: There is no 升 ("5347) in font nullfont!
Missing character: There is no 模 ("6A21) in font nullfont!
Missing character: There is no 型 ("578B) in font nullfont!
Missing character: There is no 表 ("8868) in font nullfont!
Missing character: There is no 达 ("8FBE) in font nullfont!
Missing character: There is no 能 ("80FD) in font nullfont!
Missing character: There is no 力 ("529B) in font nullfont!
! Undefined control sequence.
<recently read> \midrule 
                         
l.619 ^^I^^I\midrule
                    
The control sequence at the end of the top line
of your error message was never \def'ed. If you have
misspelled it (e.g., `\hobx'), type `I' and the correct
spelling (e.g., `I\hbox'). Otherwise just continue,
and I'll forget about whatever was undefined.

! Undefined control sequence.
l.620 ^^I^^I\multirow
                     {2}{*}{任务输出头}
The control sequence at the end of the top line
of your error message was never \def'ed. If you have
misspelled it (e.g., `\hobx'), type `I' and the correct
spelling (e.g., `I\hbox'). Otherwise just continue,
and I'll forget about whatever was undefined.

Missing character: There is no 2 ("32) in font nullfont!
Missing character: There is no * ("2A) in font nullfont!
Missing character: There is no 任 ("4EFB) in font nullfont!
Missing character: There is no 务 ("52A1) in font nullfont!
Missing character: There is no 输 ("8F93) in font nullfont!
Missing character: There is no 出 ("51FA) in font nullfont!
Missing character: There is no 头 ("5934) in font nullfont!
Missing character: There is no 每 ("6BCF) in font nullfont!
Missing character: There is no 任 ("4EFB) in font nullfont!
Missing character: There is no 务 ("52A1) in font nullfont!
Missing character: There is no 独 ("72EC) in font nullfont!
Missing character: There is no 立 ("7ACB) in font nullfont!
Missing character: There is no 全 ("5168) in font nullfont!
Missing character: There is no 连 ("8FDE) in font nullfont!
Missing character: There is no 接 ("63A5) in font nullfont!
Missing character: There is no 层 ("5C42) in font nullfont!
Missing character: There is no 输 ("8F93) in font nullfont!
Missing character: There is no 出 ("51FA) in font nullfont!
Missing character: There is no 维 ("7EF4) in font nullfont!
Missing character: There is no 度 ("5EA6) in font nullfont!
Missing character: There is no 为 ("4E3A) in font nullfont!
Missing character: There is no 1 ("31) in font nullfont!
Missing character: There is no 无 ("65E0) in font nullfont!
Missing character: There is no 激 ("6FC0) in font nullfont!
Missing character: There is no 活 ("6D3B) in font nullfont!
Missing character: There is no 函 ("51FD) in font nullfont!
Missing character: There is no 数 ("6570) in font nullfont!
Missing character: There is no 回 ("56DE) in font nullfont!
Missing character: There is no 归 ("5F52) in font nullfont!
Missing character: There is no 任 ("4EFB) in font nullfont!
Missing character: There is no 务 ("52A1) in font nullfont!
Missing character: There is no ， ("FF0C) in font nullfont!
Missing character: There is no 直 ("76F4) in font nullfont!
Missing character: There is no 接 ("63A5) in font nullfont!
Missing character: There is no 输 ("8F93) in font nullfont!
Missing character: There is no 出 ("51FA) in font nullfont!
Missing character: There is no 连 ("8FDE) in font nullfont!
Missing character: There is no 续 ("7EED) in font nullfont!
Missing character: There is no 值 ("503C) in font nullfont!
! Undefined control sequence.
<recently read> \bottomrule 
                            
l.625 ^^I^^I\bottomrule
                       
The control sequence at the end of the top line
of your error message was never \def'ed. If you have
misspelled it (e.g., `\hobx'), type `I' and the correct
spelling (e.g., `I\hbox'). Otherwise just continue,
and I'll forget about whatever was undefined.


! LaTeX Error: \begin{document} ended by \end{table}.

See the LaTeX manual or LaTeX Companion for explanation.
Type  H <return>  for immediate help.
 ...                                              
                                                  
l.627 \end{table}
                 
Your command was ignored.
Type  I <command> <return>  to replace it with another command,
or  <return>  to continue without it.


Overfull \hbox (20.0pt too wide) in paragraph at lines 593--628
[]
 []


Overfull \hbox (96.88625pt too wide) in paragraph at lines 593--628
[]
 []


! LaTeX Error: Environment figure undefined.

See the LaTeX manual or LaTeX Companion for explanation.
Type  H <return>  for immediate help.
 ...                                              
                                                  
l.629 \begin{figure}
                    [t]
Your command was ignored.
Type  I <command> <return>  to replace it with another command,
or  <return>  to continue without it.

Missing character: There is no [ ("5B) in font nullfont!
Missing character: There is no t ("74) in font nullfont!
Missing character: There is no ] ("5D) in font nullfont!
! Undefined control sequence.
l.631 ^^I\includegraphics
                         [width=0.95\textwidth]{figure/chap5/神经网络训练流程.pdf}
The control sequence at the end of the top line
of your error message was never \def'ed. If you have
misspelled it (e.g., `\hobx'), type `I' and the correct
spelling (e.g., `I\hbox'). Otherwise just continue,
and I'll forget about whatever was undefined.

Missing character: There is no [ ("5B) in font nullfont!
Missing character: There is no w ("77) in font nullfont!
Missing character: There is no i ("69) in font nullfont!
Missing character: There is no d ("64) in font nullfont!
Missing character: There is no t ("74) in font nullfont!
Missing character: There is no h ("68) in font nullfont!
Missing character: There is no = ("3D) in font nullfont!
Missing character: There is no 0 ("30) in font nullfont!
Missing character: There is no . ("2E) in font nullfont!
Missing character: There is no 9 ("39) in font nullfont!
Missing character: There is no 5 ("35) in font nullfont!
! Missing number, treated as zero.
<to be read again> 
                   ]
l.631 ^^I\includegraphics[width=0.95\textwidth]
                                               {figure/chap5/神经网络训练流程.pdf}
A number should have been here; I inserted `0'.
(If you can't figure out why I needed to see a number,
look up `weird error' in the index to The TeXbook.)

! Illegal unit of measure (pt inserted).
<to be read again> 
                   ]
l.631 ^^I\includegraphics[width=0.95\textwidth]
                                               {figure/chap5/神经网络训练流程.pdf}
Dimensions can be in units of em, ex, in, pt, pc,
cm, mm, dd, cc, bp, or sp; but yours is a new one!
I'll assume that you meant to say pt, for printer's points.
To recover gracefully from this error, it's best to
delete the erroneous units; e.g., type `2' to delete
two letters. (See Chapter 27 of The TeXbook.)

Missing character: There is no ] ("5D) in font nullfont!
Missing character: There is no f ("66) in font nullfont!
Missing character: There is no i ("69) in font nullfont!
Missing character: There is no g ("67) in font nullfont!
Missing character: There is no u ("75) in font nullfont!
Missing character: There is no r ("72) in font nullfont!
Missing character: There is no e ("65) in font nullfont!
Missing character: There is no / ("2F) in font nullfont!
Missing character: There is no c ("63) in font nullfont!
Missing character: There is no h ("68) in font nullfont!
Missing character: There is no a ("61) in font nullfont!
Missing character: There is no p ("70) in font nullfont!
Missing character: There is no 5 ("35) in font nullfont!
Missing character: There is no / ("2F) in font nullfont!
Missing character: There is no 神 ("795E) in font nullfont!
Missing character: There is no 经 ("7ECF) in font nullfont!
Missing character: There is no 网 ("7F51) in font nullfont!
Missing character: There is no 络 ("7EDC) in font nullfont!
Missing character: There is no 训 ("8BAD) in font nullfont!
Missing character: There is no 练 ("7EC3) in font nullfont!
Missing character: There is no 流 ("6D41) in font nullfont!
Missing character: There is no 程 ("7A0B) in font nullfont!
Missing character: There is no . ("2E) in font nullfont!
Missing character: There is no p ("70) in font nullfont!
Missing character: There is no d ("64) in font nullfont!
Missing character: There is no f ("66) in font nullfont!

! LaTeX Error: \caption outside float.

See the LaTeX manual or LaTeX Companion for explanation.
Type  H <return>  for immediate help.
 ...                                              
                                                  
l.632 ^^I\caption
                 {多任务深度神经网络代理模型的训练流程示意图}
You're in trouble here.  Try typing  <return>  to proceed.
If that doesn't work, type  X <return>  to quit.

Missing character: There is no 多 ("591A) in font nullfont!
Missing character: There is no 任 ("4EFB) in font nullfont!
Missing character: There is no 务 ("52A1) in font nullfont!
Missing character: There is no 深 ("6DF1) in font nullfont!
Missing character: There is no 度 ("5EA6) in font nullfont!
Missing character: There is no 神 ("795E) in font nullfont!
Missing character: There is no 经 ("7ECF) in font nullfont!
Missing character: There is no 网 ("7F51) in font nullfont!
Missing character: There is no 络 ("7EDC) in font nullfont!
Missing character: There is no 代 ("4EE3) in font nullfont!
Missing character: There is no 理 ("7406) in font nullfont!
Missing character: There is no 模 ("6A21) in font nullfont!
Missing character: There is no 型 ("578B) in font nullfont!
Missing character: There is no 的 ("7684) in font nullfont!
Missing character: There is no 训 ("8BAD) in font nullfont!
Missing character: There is no 练 ("7EC3) in font nullfont!
Missing character: There is no 流 ("6D41) in font nullfont!
Missing character: There is no 程 ("7A0B) in font nullfont!
Missing character: There is no 示 ("793A) in font nullfont!
Missing character: There is no 意 ("610F) in font nullfont!
Missing character: There is no 图 ("56FE) in font nullfont!

! LaTeX Error: \begin{document} ended by \end{figure}.

See the LaTeX manual or LaTeX Companion for explanation.
Type  H <return>  for immediate help.
 ...                                              
                                                  
l.634 \end{figure}
                  
Your command was ignored.
Type  I <command> <return>  to replace it with another command,
or  <return>  to continue without it.


Overfull \hbox (20.0pt too wide) in paragraph at lines 629--635
[]
 []

Missing character: There is no 图 ("56FE) in font nullfont!
! Undefined control sequence.
<write> ...fig:nn_training_flow' on page \thepage 
                                                  \space undefined\on@line .^^J
l.636 图~\ref{fig:nn_training_flow}
                                   给出多任务深度神经网络代理模型的训练流程，包括数据预处理、特征归一化、前向传播、多...
The control sequence at the end of the top line
of your error message was never \def'ed. If you have
misspelled it (e.g., `\hobx'), type `I' and the correct
spelling (e.g., `I\hbox'). Otherwise just continue,
and I'll forget about whatever was undefined.


LaTeX Warning: Reference `fig:nn_training_flow' on page  undefined on input lin
e 636.

Missing character: There is no 给 ("7ED9) in font nullfont!
Missing character: There is no 出 ("51FA) in font nullfont!
Missing character: There is no 多 ("591A) in font nullfont!
Missing character: There is no 任 ("4EFB) in font nullfont!
Missing character: There is no 务 ("52A1) in font nullfont!
Missing character: There is no 深 ("6DF1) in font nullfont!
Missing character: There is no 度 ("5EA6) in font nullfont!
Missing character: There is no 神 ("795E) in font nullfont!
Missing character: There is no 经 ("7ECF) in font nullfont!
Missing character: There is no 网 ("7F51) in font nullfont!
Missing character: There is no 络 ("7EDC) in font nullfont!
Missing character: There is no 代 ("4EE3) in font nullfont!
Missing character: There is no 理 ("7406) in font nullfont!
Missing character: There is no 模 ("6A21) in font nullfont!
Missing character: There is no 型 ("578B) in font nullfont!
Missing character: There is no 的 ("7684) in font nullfont!
Missing character: There is no 训 ("8BAD) in font nullfont!
Missing character: There is no 练 ("7EC3) in font nullfont!
Missing character: There is no 流 ("6D41) in font nullfont!
Missing character: There is no 程 ("7A0B) in font nullfont!
Missing character: There is no ， ("FF0C) in font nullfont!
Missing character: There is no 包 ("5305) in font nullfont!
Missing character: There is no 括 ("62EC) in font nullfont!
Missing character: There is no 数 ("6570) in font nullfont!
Missing character: There is no 据 ("636E) in font nullfont!
Missing character: There is no 预 ("9884) in font nullfont!
Missing character: There is no 处 ("5904) in font nullfont!
Missing character: There is no 理 ("7406) in font nullfont!
Missing character: There is no 、 ("3001) in font nullfont!
Missing character: There is no 特 ("7279) in font nullfont!
Missing character: There is no 征 ("5F81) in font nullfont!
Missing character: There is no 归 ("5F52) in font nullfont!
Missing character: There is no 一 ("4E00) in font nullfont!
Missing character: There is no 化 ("5316) in font nullfont!
Missing character: There is no 、 ("3001) in font nullfont!
Missing character: There is no 前 ("524D) in font nullfont!
Missing character: There is no 向 ("5411) in font nullfont!
Missing character: There is no 传 ("4F20) in font nullfont!
Missing character: There is no 播 ("64AD) in font nullfont!
Missing character: There is no 、 ("3001) in font nullfont!
Missing character: There is no 多 ("591A) in font nullfont!
Missing character: There is no 任 ("4EFB) in font nullfont!
Missing character: There is no 务 ("52A1) in font nullfont!
Missing character: There is no 损 ("635F) in font nullfont!
Missing character: There is no 失 ("5931) in font nullfont!
Missing character: There is no 计 ("8BA1) in font nullfont!
Missing character: There is no 算 ("7B97) in font nullfont!
Missing character: There is no 、 ("3001) in font nullfont!
Missing character: There is no 参 ("53C2) in font nullfont!
Missing character: There is no 数 ("6570) in font nullfont!
Missing character: There is no 优 ("4F18) in font nullfont!
Missing character: There is no 化 ("5316) in font nullfont!
Missing character: There is no 与 ("4E0E) in font nullfont!
Missing character: There is no 验 ("9A8C) in font nullfont!
Missing character: There is no 证 ("8BC1) in font nullfont!
Missing character: There is no 集 ("96C6) in font nullfont!
Missing character: There is no 监 ("76D1) in font nullfont!
Missing character: There is no 控 ("63A7) in font nullfont!
Missing character: There is no 等 ("7B49) in font nullfont!
Missing character: There is no 环 ("73AF) in font nullfont!
Missing character: There is no 节 ("8282) in font nullfont!
Missing character: There is no 。 ("3002) in font nullfont!
Missing character: There is no 在 ("5728) in font nullfont!
Missing character: There is no 标 ("6807) in font nullfont!
Missing character: There is no 准 ("51C6) in font nullfont!
Missing character: There is no 配 ("914D) in font nullfont!
Missing character: There is no 置 ("7F6E) in font nullfont!
Missing character: There is no 下 ("4E0B) in font nullfont!
Missing character: There is no ， ("FF0C) in font nullfont!
Missing character: There is no 模 ("6A21) in font nullfont!
Missing character: There is no 型 ("578B) in font nullfont!
Missing character: There is no 输 ("8F93) in font nullfont!
Missing character: There is no 入 ("5165) in font nullfont!
Missing character: There is no 特 ("7279) in font nullfont!
Missing character: There is no 征 ("5F81) in font nullfont!
Missing character: There is no 维 ("7EF4) in font nullfont!
Missing character: There is no 度 ("5EA6) in font nullfont!
Missing character: There is no 约 ("7EA6) in font nullfont!
Missing character: There is no 为 ("4E3A) in font nullfont!
Missing character: There is no 1 ("31) in font nullfont!
Missing character: There is no 0 ("30) in font nullfont!
Missing character: There is no 0 ("30) in font nullfont!
Missing character: There is no ， ("FF0C) in font nullfont!
Missing character: There is no 隐 ("9690) in font nullfont!
Missing character: There is no 藏 ("85CF) in font nullfont!
Missing character: There is no 层 ("5C42) in font nullfont!
Missing character: There is no 宽 ("5BBD) in font nullfont!
Missing character: There is no 度 ("5EA6) in font nullfont!
Missing character: There is no 1 ("31) in font nullfont!
Missing character: There is no 2 ("32) in font nullfont!
Missing character: There is no 8 ("38) in font nullfont!
Missing character: There is no ， ("FF0C) in font nullfont!
Missing character: There is no 输 ("8F93) in font nullfont!
Missing character: There is no 出 ("51FA) in font nullfont!
Missing character: There is no 端 ("7AEF) in font nullfont!
Missing character: There is no 包 ("5305) in font nullfont!
Missing character: There is no 含 ("542B) in font nullfont!
Missing character: There is no 4 ("34) in font nullfont!
Missing character: There is no 个 ("4E2A) in font nullfont!
Missing character: There is no 任 ("4EFB) in font nullfont!
Missing character: There is no 务 ("52A1) in font nullfont!
Missing character: There is no 分 ("5206) in font nullfont!
Missing character: There is no 支 ("652F) in font nullfont!
Missing character: There is no ， ("FF0C) in font nullfont!
Missing character: There is no 参 ("53C2) in font nullfont!
Missing character: There is no 数 ("6570) in font nullfont!
Missing character: There is no 量 ("91CF) in font nullfont!
Missing character: There is no 约 ("7EA6) in font nullfont!
Missing character: There is no 为 ("4E3A) in font nullfont!
Missing character: There is no 3 ("33) in font nullfont!
Missing character: There is no 0 ("30) in font nullfont!
Missing character: There is no 0 ("30) in font nullfont!
Missing character: There is no 0 ("30) in font nullfont!
Missing character: There is no - ("2D) in font nullfont!
Missing character: There is no - ("2D) in font nullfont!
Missing character: There is no 4 ("34) in font nullfont!
Missing character: There is no 5 ("35) in font nullfont!
Missing character: There is no 0 ("30) in font nullfont!
Missing character: There is no 0 ("30) in font nullfont!
Missing character: There is no 。 ("3002) in font nullfont!
Missing character: There is no 结 ("7ED3) in font nullfont!
Missing character: There is no 合 ("5408) in font nullfont!
Missing character: There is no 前 ("524D) in font nullfont!
Missing character: There is no 述 ("8FF0) in font nullfont!
Missing character: There is no 数 ("6570) in font nullfont!
Missing character: There is no 据 ("636E) in font nullfont!
Missing character: There is no 集 ("96C6) in font nullfont!
Missing character: There is no 规 ("89C4) in font nullfont!
Missing character: There is no 模 ("6A21) in font nullfont!
Missing character: There is no ， ("FF0C) in font nullfont!
Missing character: There is no 样 ("6837) in font nullfont!
Missing character: There is no 本 ("672C) in font nullfont!
Missing character: There is no 量 ("91CF) in font nullfont!
Missing character: There is no 与 ("4E0E) in font nullfont!
Missing character: There is no 参 ("53C2) in font nullfont!
Missing character: There is no 数 ("6570) in font nullfont!
Missing character: There is no 量 ("91CF) in font nullfont!
Missing character: There is no 之 ("4E4B) in font nullfont!
Missing character: There is no 比 ("6BD4) in font nullfont!
Missing character: There is no 约 ("7EA6) in font nullfont!
Missing character: There is no 为 ("4E3A) in font nullfont!
Missing character: There is no 1 ("31) in font nullfont!
Missing character: There is no 0 ("30) in font nullfont!
Missing character: There is no 0 ("30) in font nullfont!
Missing character: There is no - ("2D) in font nullfont!
Missing character: There is no - ("2D) in font nullfont!
Missing character: There is no 2 ("32) in font nullfont!
Missing character: There is no 0 ("30) in font nullfont!
Missing character: There is no 0 ("30) in font nullfont!
Missing character: There is no ， ("FF0C) in font nullfont!
Missing character: There is no 可 ("53EF) in font nullfont!
Missing character: There is no 用 ("7528) in font nullfont!
Missing character: There is no 于 ("4E8E) in font nullfont!
Missing character: There is no 评 ("8BC4) in font nullfont!
Missing character: There is no 估 ("4F30) in font nullfont!
Missing character: There is no 模 ("6A21) in font nullfont!
Missing character: There is no 型 ("578B) in font nullfont!
Missing character: There is no 复 ("590D) in font nullfont!
Missing character: There is no 杂 ("6742) in font nullfont!
Missing character: There is no 度 ("5EA6) in font nullfont!
Missing character: There is no 与 ("4E0E) in font nullfont!
Missing character: There is no 样 ("6837) in font nullfont!
Missing character: There is no 本 ("672C) in font nullfont!
Missing character: There is no 规 ("89C4) in font nullfont!
Missing character: There is no 模 ("6A21) in font nullfont!
Missing character: There is no 的 ("7684) in font nullfont!
Missing character: There is no 匹 ("5339) in font nullfont!
Missing character: There is no 配 ("914D) in font nullfont!
Missing character: There is no 程 ("7A0B) in font nullfont!
Missing character: There is no 度 ("5EA6) in font nullfont!
Missing character: There is no 。 ("3002) in font nullfont!

Overfull \hbox (30.86pt too wide) in paragraph at lines 636--637
[] []
 []

! Undefined control sequence.
l.639 \subsection
                 {多目标协同优化与训练策略}
The control sequence at the end of the top line
of your error message was never \def'ed. If you have
misspelled it (e.g., `\hobx'), type `I' and the correct
spelling (e.g., `I\hbox'). Otherwise just continue,
and I'll forget about whatever was undefined.

Missing character: There is no 多 ("591A) in font nullfont!
Missing character: There is no 目 ("76EE) in font nullfont!
Missing character: There is no 标 ("6807) in font nullfont!
Missing character: There is no 协 ("534F) in font nullfont!
Missing character: There is no 同 ("540C) in font nullfont!
Missing character: There is no 优 ("4F18) in font nullfont!
Missing character: There is no 化 ("5316) in font nullfont!
Missing character: There is no 与 ("4E0E) in font nullfont!
Missing character: There is no 训 ("8BAD) in font nullfont!
Missing character: There is no 练 ("7EC3) in font nullfont!
Missing character: There is no 策 ("7B56) in font nullfont!
Missing character: There is no 略 ("7565) in font nullfont!

Overfull \hbox (20.0pt too wide) in paragraph at lines 639--641
[]
 []

Missing character: There is no 针 ("9488) in font nullfont!
Missing character: There is no 对 ("5BF9) in font nullfont!
Missing character: There is no 多 ("591A) in font nullfont!
Missing character: There is no 任 ("4EFB) in font nullfont!
Missing character: There is no 务 ("52A1) in font nullfont!
Missing character: There is no 学 ("5B66) in font nullfont!
Missing character: There is no 习 ("4E60) in font nullfont!
Missing character: There is no 中 ("4E2D) in font nullfont!
Missing character: There is no 存 ("5B58) in font nullfont!
Missing character: There is no 在 ("5728) in font nullfont!
Missing character: There is no 的 ("7684) in font nullfont!
Missing character: There is no 任 ("4EFB) in font nullfont!
Missing character: There is no 务 ("52A1) in font nullfont!
Missing character: There is no 间 ("95F4) in font nullfont!
Missing character: There is no 竞 ("7ADE) in font nullfont!
Missing character: There is no 争 ("4E89) in font nullfont!
Missing character: There is no 与 ("4E0E) in font nullfont!
Missing character: There is no 梯 ("68AF) in font nullfont!
Missing character: There is no 度 ("5EA6) in font nullfont!
Missing character: There is no 冲 ("51B2) in font nullfont!
Missing character: There is no 突 ("7A81) in font nullfont!
Missing character: There is no 问 ("95EE) in font nullfont!
Missing character: There is no 题 ("9898) in font nullfont!
Missing character: There is no ， ("FF0C) in font nullfont!
Missing character: There is no 本 ("672C) in font nullfont!
Missing character: There is no 文 ("6587) in font nullfont!
Missing character: There is no 设 ("8BBE) in font nullfont!
Missing character: There is no 计 ("8BA1) in font nullfont!
Missing character: There is no 了 ("4E86) in font nullfont!
Missing character: There is no 一 ("4E00) in font nullfont!
Missing character: There is no 套 ("5957) in font nullfont!
Missing character: There is no 综 ("7EFC) in font nullfont!
Missing character: There is no 合 ("5408) in font nullfont!
Missing character: There is no 训 ("8BAD) in font nullfont!
Missing character: There is no 练 ("7EC3) in font nullfont!
Missing character: There is no 框 ("6846) in font nullfont!
Missing character: There is no 架 ("67B6) in font nullfont!
Missing character: There is no 。 ("3002) in font nullfont!
Missing character: There is no 该 ("8BE5) in font nullfont!
Missing character: There is no 框 ("6846) in font nullfont!
Missing character: There is no 架 ("67B6) in font nullfont!
Missing character: There is no 通 ("901A) in font nullfont!
Missing character: There is no 过 ("8FC7) in font nullfont!
Missing character: There is no 构 ("6784) in font nullfont!
Missing character: There is no 建 ("5EFA) in font nullfont!
Missing character: There is no 加 ("52A0) in font nullfont!
Missing character: There is no 权 ("6743) in font nullfont!
Missing character: There is no 损 ("635F) in font nullfont!
Missing character: There is no 失 ("5931) in font nullfont!
Missing character: There is no 函 ("51FD) in font nullfont!
Missing character: There is no 数 ("6570) in font nullfont!
Missing character: There is no 消 ("6D88) in font nullfont!
Missing character: There is no 除 ("9664) in font nullfont!
Missing character: There is no 量 ("91CF) in font nullfont!
Missing character: There is no 纲 ("7EB2) in font nullfont!
Missing character: There is no 差 ("5DEE) in font nullfont!
Missing character: There is no 异 ("5F02) in font nullfont!
Missing character: There is no ， ("FF0C) in font nullfont!
Missing character: There is no 引 ("5F15) in font nullfont!
Missing character: There is no 入 ("5165) in font nullfont!
Missing character: There is no 多 ("591A) in font nullfont!
Missing character: There is no 维 ("7EF4) in font nullfont!
Missing character: There is no 正 ("6B63) in font nullfont!
Missing character: There is no 则 ("5219) in font nullfont!
Missing character: There is no 化 ("5316) in font nullfont!
Missing character: There is no 机 ("673A) in font nullfont!
Missing character: There is no 制 ("5236) in font nullfont!
Missing character: There is no 提 ("63D0) in font nullfont!
Missing character: There is no 升 ("5347) in font nullfont!
Missing character: There is no 模 ("6A21) in font nullfont!
Missing character: There is no 型 ("578B) in font nullfont!
Missing character: There is no 泛 ("6CDB) in font nullfont!
Missing character: There is no 化 ("5316) in font nullfont!
Missing character: There is no 能 ("80FD) in font nullfont!
Missing character: There is no 力 ("529B) in font nullfont!
Missing character: There is no ， ("FF0C) in font nullfont!
Missing character: There is no 并 ("5E76) in font nullfont!
Missing character: There is no 结 ("7ED3) in font nullfont!
Missing character: There is no 合 ("5408) in font nullfont!
Missing character: There is no 自 ("81EA) in font nullfont!
Missing character: There is no 适 ("9002) in font nullfont!
Missing character: There is no 应 ("5E94) in font nullfont!
Missing character: There is no 学 ("5B66) in font nullfont!
Missing character: There is no 习 ("4E60) in font nullfont!
Missing character: There is no 率 ("7387) in font nullfont!
Missing character: There is no 调 ("8C03) in font nullfont!
Missing character: There is no 度 ("5EA6) in font nullfont!
Missing character: There is no 策 ("7B56) in font nullfont!
Missing character: There is no 略 ("7565) in font nullfont!
Missing character: There is no 以 ("4EE5) in font nullfont!
Missing character: There is no 确 ("786E) in font nullfont!
Missing character: There is no 保 ("4FDD) in font nullfont!
Missing character: There is no 模 ("6A21) in font nullfont!
Missing character: There is no 型 ("578B) in font nullfont!
Missing character: There is no 收 ("6536) in font nullfont!
Missing character: There is no 敛 ("655B) in font nullfont!
Missing character: There is no 至 ("81F3) in font nullfont!
Missing character: There is no 全 ("5168) in font nullfont!
Missing character: There is no 局 ("5C40) in font nullfont!
Missing character: There is no 最 ("6700) in font nullfont!
Missing character: There is no 优 ("4F18) in font nullfont!
Missing character: There is no 。 ("3002) in font nullfont!

Overfull \hbox (20.0pt too wide) in paragraph at lines 642--643
[] 
 []

Missing character: There is no 1 ("31) in font nullfont!
Missing character: There is no . ("2E) in font nullfont!
Missing character: There is no 加 ("52A0) in font nullfont!
Missing character: There is no 权 ("6743) in font nullfont!
Missing character: There is no 多 ("591A) in font nullfont!
Missing character: There is no 任 ("4EFB) in font nullfont!
Missing character: There is no 务 ("52A1) in font nullfont!
Missing character: There is no 损 ("635F) in font nullfont!
Missing character: There is no 失 ("5931) in font nullfont!
Missing character: There is no 函 ("51FD) in font nullfont!
Missing character: There is no 数 ("6570) in font nullfont!
Missing character: There is no 构 ("6784) in font nullfont!
Missing character: There is no 建 ("5EFA) in font nullfont!
Missing character: There is no 鉴 ("9274) in font nullfont!
Missing character: There is no 于 ("4E8E) in font nullfont!
Missing character: There is no 系 ("7CFB) in font nullfont!
Missing character: There is no 统 ("7EDF) in font nullfont!
Missing character: There is no 吞 ("541E) in font nullfont!
Missing character: There is no 吐 ("5410) in font nullfont!
Missing character: There is no 量 ("91CF) in font nullfont!
Missing character: There is no 、 ("3001) in font nullfont!
Missing character: There is no 时 ("65F6) in font nullfont!
Missing character: There is no 延 ("5EF6) in font nullfont!
Missing character: There is no 等 ("7B49) in font nullfont!
Missing character: There is no 关 ("5173) in font nullfont!
Missing character: There is no 键 ("952E) in font nullfont!
Missing character: There is no 性 ("6027) in font nullfont!
Missing character: There is no 能 ("80FD) in font nullfont!
Missing character: There is no 指 ("6307) in font nullfont!
Missing character: There is no 标 ("6807) in font nullfont!
Missing character: There is no 与 ("4E0E) in font nullfont!
Missing character: There is no 计 ("8BA1) in font nullfont!
Missing character: There is no 算 ("7B97) in font nullfont!
Missing character: There is no 开 ("5F00) in font nullfont!
Missing character: There is no 销 ("9500) in font nullfont!
Missing character: There is no 等 ("7B49) in font nullfont!
Missing character: There is no 资 ("8D44) in font nullfont!
Missing character: There is no 源 ("6E90) in font nullfont!
Missing character: There is no 指 ("6307) in font nullfont!
Missing character: There is no 标 ("6807) in font nullfont!
Missing character: There is no 在 ("5728) in font nullfont!
Missing character: There is no 数 ("6570) in font nullfont!
Missing character: There is no 值 ("503C) in font nullfont!
Missing character: There is no 量 ("91CF) in font nullfont!
Missing character: There is no 纲 ("7EB2) in font nullfont!
Missing character: There is no 及 ("53CA) in font nullfont!
Missing character: There is no 学 ("5B66) in font nullfont!
Missing character: There is no 习 ("4E60) in font nullfont!
Missing character: There is no 难 ("96BE) in font nullfont!
Missing character: There is no 度 ("5EA6) in font nullfont!
Missing character: There is no 上 ("4E0A) in font nullfont!
Missing character: There is no 存 ("5B58) in font nullfont!
Missing character: There is no 在 ("5728) in font nullfont!
Missing character: There is no 显 ("663E) in font nullfont!
Missing character: There is no 著 ("8457) in font nullfont!
Missing character: There is no 差 ("5DEE) in font nullfont!
Missing character: There is no 异 ("5F02) in font nullfont!
Missing character: There is no ， ("FF0C) in font nullfont!
Missing character: There is no 直 ("76F4) in font nullfont!
Missing character: There is no 接 ("63A5) in font nullfont!
Missing character: There is no 求 ("6C42) in font nullfont!
Missing character: There is no 和 ("548C) in font nullfont!
Missing character: There is no 会 ("4F1A) in font nullfont!
Missing character: There is no 导 ("5BFC) in font nullfont!
Missing character: There is no 致 ("81F4) in font nullfont!
Missing character: There is no 模 ("6A21) in font nullfont!
Missing character: There is no 型 ("578B) in font nullfont!
Missing character: There is no 训 ("8BAD) in font nullfont!
Missing character: There is no 练 ("7EC3) in font nullfont!
Missing character: There is no 偏 ("504F) in font nullfont!
Missing character: There is no 向 ("5411) in font nullfont!
Missing character: There is no 于 ("4E8E) in font nullfont!
Missing character: There is no 数 ("6570) in font nullfont!
Missing character: There is no 值 ("503C) in font nullfont!
Missing character: There is no 较 ("8F83) in font nullfont!
Missing character: There is no 大 ("5927) in font nullfont!
Missing character: There is no 的 ("7684) in font nullfont!
Missing character: There is no 任 ("4EFB) in font nullfont!
Missing character: There is no 务 ("52A1) in font nullfont!
Missing character: There is no 。 ("3002) in font nullfont!
Missing character: There is no 为 ("4E3A) in font nullfont!
Missing character: There is no 此 ("6B64) in font nullfont!
Missing character: There is no ， ("FF0C) in font nullfont!
Missing character: There is no 本 ("672C) in font nullfont!
Missing character: There is no 文 ("6587) in font nullfont!
Missing character: There is no 采 ("91C7) in font nullfont!
Missing character: There is no 用 ("7528) in font nullfont!
Missing character: There is no 基 ("57FA) in font nullfont!
Missing character: There is no 于 ("4E8E) in font nullfont!
Missing character: There is no 最 ("6700) in font nullfont!
Missing character: There is no 小 ("5C0F) in font nullfont!
Missing character: There is no 最 ("6700) in font nullfont!
Missing character: There is no 大 ("5927) in font nullfont!
Missing character: There is no 归 ("5F52) in font nullfont!
Missing character: There is no 一 ("4E00) in font nullfont!
Missing character: There is no 化 ("5316) in font nullfont!
Missing character: There is no 的 ("7684) in font nullfont!
Missing character: There is no 加 ("52A0) in font nullfont!
Missing character: There is no 权 ("6743) in font nullfont!
Missing character: There is no 均 ("5747) in font nullfont!
Missing character: There is no 方 ("65B9) in font nullfont!
Missing character: There is no 误 ("8BEF) in font nullfont!
Missing character: There is no 差 ("5DEE) in font nullfont!
Missing character: There is no 损 ("635F) in font nullfont!
Missing character: There is no 失 ("5931) in font nullfont!
Missing character: There is no 函 ("51FD) in font nullfont!
Missing character: There is no 数 ("6570) in font nullfont!
Missing character: There is no ： ("FF1A) in font nullfont!

Overfull \hbox (20.0pt too wide) in paragraph at lines 648--649
[] 
 []

! Undefined control sequence.
l.650 ^^I\mathcal{L}_{\text
                           {total}} = \sum_{k=1}^{K} \omega_k \cdot \left\| ...
The control sequence at the end of the top line
of your error message was never \def'ed. If you have
misspelled it (e.g., `\hobx'), type `I' and the correct
spelling (e.g., `I\hbox'). Otherwise just continue,
and I'll forget about whatever was undefined.


Overfull \hbox (118.55948pt too wide) detected at line 651
\OMS/cmsy/m/n/10 L[] \OT1/cmr/m/n/10 = [] \OML/cmm/m/it/10 ![] \OMS/cmsy/m/n/10
 ^^A [][] \OML/cmm/m/it/10 ;
 []

Missing character: There is no 其 ("5176) in font nullfont!
Missing character: There is no 中 ("4E2D) in font nullfont!
Missing character: There is no ， ("FF0C) in font nullfont!
Missing character: There is no 表 ("8868) in font nullfont!
Missing character: There is no 示 ("793A) in font nullfont!
Missing character: There is no 第 ("7B2C) in font nullfont!
Missing character: There is no 个 ("4E2A) in font nullfont!
Missing character: There is no 任 ("4EFB) in font nullfont!
Missing character: There is no 务 ("52A1) in font nullfont!
Missing character: There is no 的 ("7684) in font nullfont!
Missing character: There is no 归 ("5F52) in font nullfont!
Missing character: There is no 一 ("4E00) in font nullfont!
Missing character: There is no 化 ("5316) in font nullfont!
Missing character: There is no 标 ("6807) in font nullfont!
Missing character: There is no 签 ("7B7E) in font nullfont!
Missing character: There is no ， ("FF0C) in font nullfont!
Missing character: There is no 为 ("4E3A) in font nullfont!
Missing character: There is no 模 ("6A21) in font nullfont!
Missing character: There is no 型 ("578B) in font nullfont!
Missing character: There is no 输 ("8F93) in font nullfont!
Missing character: There is no 出 ("51FA) in font nullfont!
Missing character: There is no ， ("FF0C) in font nullfont!
Missing character: There is no 为 ("4E3A) in font nullfont!
Missing character: There is no 任 ("4EFB) in font nullfont!
Missing character: There is no 务 ("52A1) in font nullfont!
Missing character: There is no 权 ("6743) in font nullfont!
Missing character: There is no 重 ("91CD) in font nullfont!
Missing character: There is no 系 ("7CFB) in font nullfont!
Missing character: There is no 数 ("6570) in font nullfont!
Missing character: There is no ， ("FF0C) in font nullfont!
Missing character: There is no 用 ("7528) in font nullfont!
Missing character: There is no 以 ("4EE5) in font nullfont!
Missing character: There is no 体 ("4F53) in font nullfont!
Missing character: There is no 现 ("73B0) in font nullfont!
Missing character: There is no 不 ("4E0D) in font nullfont!
Missing character: There is no 同 ("540C) in font nullfont!
Missing character: There is no 优 ("4F18) in font nullfont!
Missing character: There is no 化 ("5316) in font nullfont!
Missing character: There is no 目 ("76EE) in font nullfont!
Missing character: There is no 标 ("6807) in font nullfont!
Missing character: There is no 的 ("7684) in font nullfont!
Missing character: There is no 优 ("4F18) in font nullfont!
Missing character: There is no 先 ("5148) in font nullfont!
Missing character: There is no 级 ("7EA7) in font nullfont!
Missing character: There is no 。 ("3002) in font nullfont!
Missing character: There is no 实 ("5B9E) in font nullfont!
Missing character: There is no 验 ("9A8C) in font nullfont!
Missing character: There is no 中 ("4E2D) in font nullfont!
Missing character: There is no ， ("FF0C) in font nullfont!
Missing character: There is no 核 ("6838) in font nullfont!
Missing character: There is no 心 ("5FC3) in font nullfont!
Missing character: There is no 通 ("901A) in font nullfont!
Missing character: There is no 信 ("4FE1) in font nullfont!
Missing character: There is no 指 ("6307) in font nullfont!
Missing character: There is no 标 ("6807) in font nullfont!
Missing character: There is no 的 ("7684) in font nullfont!
Missing character: There is no 权 ("6743) in font nullfont!
Missing character: There is no 重 ("91CD) in font nullfont!
Missing character: There is no 设 ("8BBE) in font nullfont!
Missing character: There is no 定 ("5B9A) in font nullfont!
Missing character: There is no 为 ("4E3A) in font nullfont!
Missing character: There is no ， ("FF0C) in font nullfont!
Missing character: There is no 资 ("8D44) in font nullfont!
Missing character: There is no 源 ("6E90) in font nullfont!
Missing character: There is no 类 ("7C7B) in font nullfont!
Missing character: There is no 指 ("6307) in font nullfont!
Missing character: There is no 标 ("6807) in font nullfont!
Missing character: There is no 权 ("6743) in font nullfont!
Missing character: There is no 重 ("91CD) in font nullfont!
Missing character: There is no 设 ("8BBE) in font nullfont!
Missing character: There is no 定 ("5B9A) in font nullfont!
Missing character: There is no 为 ("4E3A) in font nullfont!
Missing character: There is no 。 ("3002) in font nullfont!
Missing character: There is no 该 ("8BE5) in font nullfont!
Missing character: There is no 权 ("6743) in font nullfont!
Missing character: There is no 重 ("91CD) in font nullfont!
Missing character: There is no 分 ("5206) in font nullfont!
Missing character: There is no 配 ("914D) in font nullfont!
Missing character: There is no 能 ("80FD) in font nullfont!
Missing character: There is no 够 ("591F) in font nullfont!
Missing character: There is no 保 ("4FDD) in font nullfont!
Missing character: There is no 证 ("8BC1) in font nullfont!
Missing character: There is no 模 ("6A21) in font nullfont!
Missing character: There is no 型 ("578B) in font nullfont!
Missing character: There is no 在 ("5728) in font nullfont!
Missing character: There is no 基 ("57FA) in font nullfont!
Missing character: There is no 本 ("672C) in font nullfont!
Missing character: There is no 性 ("6027) in font nullfont!
Missing character: There is no 能 ("80FD) in font nullfont!
Missing character: There is no 方 ("65B9) in font nullfont!
Missing character: There is no 面 ("9762) in font nullfont!
Missing character: There is no 的 ("7684) in font nullfont!
Missing character: There is no 优 ("4F18) in font nullfont!
Missing character: There is no 化 ("5316) in font nullfont!
Missing character: There is no ， ("FF0C) in font nullfont!
Missing character: There is no 同 ("540C) in font nullfont!
Missing character: There is no 时 ("65F6) in font nullfont!
Missing character: There is no 对 ("5BF9) in font nullfont!
Missing character: There is no 计 ("8BA1) in font nullfont!
Missing character: There is no 算 ("7B97) in font nullfont!
Missing character: There is no 开 ("5F00) in font nullfont!
Missing character: There is no 销 ("9500) in font nullfont!
Missing character: There is no 进 ("8FDB) in font nullfont!
Missing character: There is no 行 ("884C) in font nullfont!
Missing character: There is no 软 ("8F6F) in font nullfont!
Missing character: There is no 约 ("7EA6) in font nullfont!
Missing character: There is no 束 ("675F) in font nullfont!
Missing character: There is no ， ("FF0C) in font nullfont!
Missing character: There is no 避 ("907F) in font nullfont!
Missing character: There is no 免 ("514D) in font nullfont!
Missing character: There is no 辅 ("8F85) in font nullfont!
Missing character: There is no 助 ("52A9) in font nullfont!
Missing character: There is no 任 ("4EFB) in font nullfont!
Missing character: There is no 务 ("52A1) in font nullfont!
Missing character: There is no 主 ("4E3B) in font nullfont!
Missing character: There is no 导 ("5BFC) in font nullfont!
Missing character: There is no 梯 ("68AF) in font nullfont!
Missing character: There is no 度 ("5EA6) in font nullfont!
Missing character: There is no 下 ("4E0B) in font nullfont!
Missing character: There is no 降 ("964D) in font nullfont!
Missing character: There is no 方 ("65B9) in font nullfont!
Missing character: There is no 向 ("5411) in font nullfont!
Missing character: There is no 。 ("3002) in font nullfont!

Overfull \hbox (9.82298pt too wide) in paragraph at lines 651--653
$[]$
 []


Overfull \hbox (5.52084pt too wide) in paragraph at lines 651--653
\OML/cmm/m/it/10 k$
 []


Overfull \hbox (9.82298pt too wide) in paragraph at lines 651--653
[]$
 []


Overfull \hbox (11.1447pt too wide) in paragraph at lines 651--653
\OML/cmm/m/it/10 ![]$
 []


Overfull \hbox (12.77782pt too wide) in paragraph at lines 651--653
\OT1/cmr/m/n/10 1\OML/cmm/m/it/10 :\OT1/cmr/m/n/10 0$
 []


Overfull \hbox (17.77783pt too wide) in paragraph at lines 651--653
\OT1/cmr/m/n/10 0\OML/cmm/m/it/10 :\OT1/cmr/m/n/10 01$ 
 []

Missing character: There is no 2 ("32) in font nullfont!
Missing character: There is no . ("2E) in font nullfont!
Missing character: There is no 鲁 ("9C81) in font nullfont!
Missing character: There is no 棒 ("68D2) in font nullfont!
Missing character: There is no 性 ("6027) in font nullfont!
Missing character: There is no 增 ("589E) in font nullfont!
Missing character: There is no 强 ("5F3A) in font nullfont!
Missing character: There is no 与 ("4E0E) in font nullfont!
Missing character: There is no 正 ("6B63) in font nullfont!
Missing character: There is no 则 ("5219) in font nullfont!
Missing character: There is no 化 ("5316) in font nullfont!
Missing character: There is no 机 ("673A) in font nullfont!
Missing character: There is no 制 ("5236) in font nullfont!
Missing character: There is no 为 ("4E3A) in font nullfont!
Missing character: There is no 缓 ("7F13) in font nullfont!
Missing character: There is no 解 ("89E3) in font nullfont!
Missing character: There is no 深 ("6DF1) in font nullfont!
Missing character: There is no 度 ("5EA6) in font nullfont!
Missing character: There is no 神 ("795E) in font nullfont!
Missing character: There is no 经 ("7ECF) in font nullfont!
Missing character: There is no 网 ("7F51) in font nullfont!
Missing character: There is no 络 ("7EDC) in font nullfont!
Missing character: There is no 易 ("6613) in font nullfont!
Missing character: There is no 出 ("51FA) in font nullfont!
Missing character: There is no 现 ("73B0) in font nullfont!
Missing character: There is no 的 ("7684) in font nullfont!
Missing character: There is no 过 ("8FC7) in font nullfont!
Missing character: There is no 拟 ("62DF) in font nullfont!
Missing character: There is no 合 ("5408) in font nullfont!
Missing character: There is no 现 ("73B0) in font nullfont!
Missing character: There is no 象 ("8C61) in font nullfont!
Missing character: There is no ， ("FF0C) in font nullfont!
Missing character: There is no 并 ("5E76) in font nullfont!
Missing character: There is no 提 ("63D0) in font nullfont!
Missing character: There is no 升 ("5347) in font nullfont!
Missing character: There is no 模 ("6A21) in font nullfont!
Missing character: There is no 型 ("578B) in font nullfont!
Missing character: There is no 对 ("5BF9) in font nullfont!
Missing character: There is no 真 ("771F) in font nullfont!
Missing character: There is no 实 ("5B9E) in font nullfont!
Missing character: There is no 信 ("4FE1) in font nullfont!
Missing character: There is no 道 ("9053) in font nullfont!
Missing character: There is no 测 ("6D4B) in font nullfont!
Missing character: There is no 量 ("91CF) in font nullfont!
Missing character: There is no 噪 ("566A) in font nullfont!
Missing character: There is no 声 ("58F0) in font nullfont!
Missing character: There is no 的 ("7684) in font nullfont!
Missing character: There is no 鲁 ("9C81) in font nullfont!
Missing character: There is no 棒 ("68D2) in font nullfont!
Missing character: There is no 性 ("6027) in font nullfont!
Missing character: There is no ， ("FF0C) in font nullfont!
Missing character: There is no 本 ("672C) in font nullfont!
Missing character: There is no 文 ("6587) in font nullfont!
Missing character: There is no 采 ("91C7) in font nullfont!
Missing character: There is no 用 ("7528) in font nullfont!
Missing character: There is no 数 ("6570) in font nullfont!
Missing character: There is no 据 ("636E) in font nullfont!
Missing character: There is no 增 ("589E) in font nullfont!
Missing character: There is no 强 ("5F3A) in font nullfont!
Missing character: There is no 与 ("4E0E) in font nullfont!
Missing character: There is no 结 ("7ED3) in font nullfont!
Missing character: There is no 构 ("6784) in font nullfont!
Missing character: There is no 正 ("6B63) in font nullfont!
Missing character: There is no 则 ("5219) in font nullfont!
Missing character: There is no 化 ("5316) in font nullfont!
Missing character: There is no 相 ("76F8) in font nullfont!
Missing character: There is no 结 ("7ED3) in font nullfont!
Missing character: There is no 合 ("5408) in font nullfont!
Missing character: There is no 的 ("7684) in font nullfont!
Missing character: There is no 策 ("7B56) in font nullfont!
Missing character: There is no 略 ("7565) in font nullfont!
Missing character: There is no 。 ("3002) in font nullfont!
Missing character: There is no 具 ("5177) in font nullfont!
Missing character: There is no 体 ("4F53) in font nullfont!
Missing character: There is no 而 ("800C) in font nullfont!
Missing character: There is no 言 ("8A00) in font nullfont!
Missing character: There is no ， ("FF0C) in font nullfont!
Missing character: There is no 训 ("8BAD) in font nullfont!
Missing character: There is no 练 ("7EC3) in font nullfont!
Missing character: There is no 阶 ("9636) in font nullfont!
Missing character: There is no 段 ("6BB5) in font nullfont!
Missing character: There is no 在 ("5728) in font nullfont!
Missing character: There is no 输 ("8F93) in font nullfont!
Missing character: There is no 入 ("5165) in font nullfont!
Missing character: There is no 特 ("7279) in font nullfont!
Missing character: There is no 征 ("5F81) in font nullfont!
Missing character: There is no 向 ("5411) in font nullfont!
Missing character: There is no 量 ("91CF) in font nullfont!
Missing character: There is no 中 ("4E2D) in font nullfont!
Missing character: There is no 叠 ("53E0) in font nullfont!
Missing character: There is no 加 ("52A0) in font nullfont!
Missing character: There is no 零 ("96F6) in font nullfont!
Missing character: There is no 均 ("5747) in font nullfont!
Missing character: There is no 值 ("503C) in font nullfont!
Missing character: There is no 高 ("9AD8) in font nullfont!
Missing character: There is no 斯 ("65AF) in font nullfont!
Missing character: There is no 白 ("767D) in font nullfont!
Missing character: There is no 噪 ("566A) in font nullfont!
Missing character: There is no 声 ("58F0) in font nullfont!
Missing character: There is no ， ("FF0C) in font nullfont!
Missing character: There is no 以 ("4EE5) in font nullfont!
Missing character: There is no 模 ("6A21) in font nullfont!
Missing character: There is no 拟 ("62DF) in font nullfont!
Missing character: There is no 实 ("5B9E) in font nullfont!
Missing character: There is no 际 ("9645) in font nullfont!
Missing character: There is no 环 ("73AF) in font nullfont!
Missing character: There is no 境 ("5883) in font nullfont!
Missing character: There is no 中 ("4E2D) in font nullfont!
Missing character: There is no 的 ("7684) in font nullfont!
Missing character: There is no 测 ("6D4B) in font nullfont!
Missing character: There is no 量 ("91CF) in font nullfont!
Missing character: There is no 误 ("8BEF) in font nullfont!
Missing character: There is no 差 ("5DEE) in font nullfont!
Missing character: There is no ， ("FF0C) in font nullfont!
Missing character: There is no 提 ("63D0) in font nullfont!
Missing character: There is no 升 ("5347) in font nullfont!
Missing character: There is no 模 ("6A21) in font nullfont!
Missing character: There is no 型 ("578B) in font nullfont!
Missing character: There is no 对 ("5BF9) in font nullfont!
Missing character: There is no 噪 ("566A) in font nullfont!
Missing character: There is no 声 ("58F0) in font nullfont!
Missing character: There is no 的 ("7684) in font nullfont!
Missing character: There is no 容 ("5BB9) in font nullfont!
Missing character: There is no 忍 ("5FCD) in font nullfont!
Missing character: There is no 能 ("80FD) in font nullfont!
Missing character: There is no 力 ("529B) in font nullfont!
Missing character: There is no 。 ("3002) in font nullfont!
Missing character: There is no 在 ("5728) in font nullfont!
Missing character: There is no 特 ("7279) in font nullfont!
Missing character: There is no 征 ("5F81) in font nullfont!
Missing character: There is no 提 ("63D0) in font nullfont!
Missing character: There is no 取 ("53D6) in font nullfont!
Missing character: There is no 层 ("5C42) in font nullfont!
Missing character: There is no 引 ("5F15) in font nullfont!
Missing character: There is no 入 ("5165) in font nullfont!
Missing character: There is no D ("44) in font nullfont!
Missing character: There is no r ("72) in font nullfont!
Missing character: There is no o ("6F) in font nullfont!
Missing character: There is no p ("70) in font nullfont!
Missing character: There is no o ("6F) in font nullfont!
Missing character: There is no u ("75) in font nullfont!
Missing character: There is no t ("74) in font nullfont!
Missing character: There is no 机 ("673A) in font nullfont!
Missing character: There is no 制 ("5236) in font nullfont!
Missing character: There is no ， ("FF0C) in font nullfont!
Missing character: There is no 丢 ("4E22) in font nullfont!
Missing character: There is no 弃 ("5F03) in font nullfont!
Missing character: There is no 率 ("7387) in font nullfont!
Missing character: There is no 为 ("4E3A) in font nullfont!
Missing character: There is no ， ("FF0C) in font nullfont!
Missing character: There is no 并 ("5E76) in font nullfont!
Missing character: There is no 配 ("914D) in font nullfont!
Missing character: There is no 合 ("5408) in font nullfont!
Missing character: There is no A ("41) in font nullfont!
Missing character: There is no d ("64) in font nullfont!
Missing character: There is no a ("61) in font nullfont!
Missing character: There is no m ("6D) in font nullfont!
Missing character: There is no W ("57) in font nullfont!
Missing character: There is no 优 ("4F18) in font nullfont!
Missing character: There is no 化 ("5316) in font nullfont!
Missing character: There is no 器 ("5668) in font nullfont!
Missing character: There is no 施 ("65BD) in font nullfont!
Missing character: There is no 加 ("52A0) in font nullfont!
Missing character: There is no 权 ("6743) in font nullfont!
Missing character: There is no 重 ("91CD) in font nullfont!
Missing character: There is no 衰 ("8870) in font nullfont!
Missing character: There is no 减 ("51CF) in font nullfont!
Missing character: There is no ， ("FF0C) in font nullfont!
Missing character: There is no 系 ("7CFB) in font nullfont!
Missing character: There is no 数 ("6570) in font nullfont!
Missing character: There is no 为 ("4E3A) in font nullfont!
Missing character: There is no ， ("FF0C) in font nullfont!
Missing character: There is no 以 ("4EE5) in font nullfont!
Missing character: There is no 限 ("9650) in font nullfont!
Missing character: There is no 制 ("5236) in font nullfont!
Missing character: There is no 模 ("6A21) in font nullfont!
Missing character: There is no 型 ("578B) in font nullfont!
Missing character: There is no 参 ("53C2) in font nullfont!
Missing character: There is no 数 ("6570) in font nullfont!
Missing character: There is no 复 ("590D) in font nullfont!
Missing character: There is no 杂 ("6742) in font nullfont!
Missing character: There is no 度 ("5EA6) in font nullfont!
Missing character: There is no 。 ("3002) in font nullfont!
Missing character: There is no 训 ("8BAD) in font nullfont!
Missing character: There is no 练 ("7EC3) in font nullfont!
Missing character: There is no 过 ("8FC7) in font nullfont!
Missing character: There is no 程 ("7A0B) in font nullfont!
Missing character: There is no 中 ("4E2D) in font nullfont!
Missing character: There is no 设 ("8BBE) in font nullfont!
Missing character: There is no 定 ("5B9A) in font nullfont!
Missing character: There is no 梯 ("68AF) in font nullfont!
Missing character: There is no 度 ("5EA6) in font nullfont!
Missing character: There is no 范 ("8303) in font nullfont!
Missing character: There is no 数 ("6570) in font nullfont!
Missing character: There is no 阈 ("9608) in font nullfont!
Missing character: There is no 值 ("503C) in font nullfont!
Missing character: There is no 为 ("4E3A) in font nullfont!
Missing character: There is no ， ("FF0C) in font nullfont!
Missing character: There is no 通 ("901A) in font nullfont!
Missing character: There is no 过 ("8FC7) in font nullfont!
Missing character: There is no 梯 ("68AF) in font nullfont!
Missing character: There is no 度 ("5EA6) in font nullfont!
Missing character: There is no 裁 ("88C1) in font nullfont!
Missing character: There is no 剪 ("526A) in font nullfont!
Missing character: There is no 防 ("9632) in font nullfont!
Missing character: There is no 止 ("6B62) in font nullfont!
Missing character: There is no 反 ("53CD) in font nullfont!
Missing character: There is no 向 ("5411) in font nullfont!
Missing character: There is no 传 ("4F20) in font nullfont!
Missing character: There is no 播 ("64AD) in font nullfont!
Missing character: There is no 中 ("4E2D) in font nullfont!
Missing character: There is no 的 ("7684) in font nullfont!
Missing character: There is no 梯 ("68AF) in font nullfont!
Missing character: There is no 度 ("5EA6) in font nullfont!
Missing character: There is no 爆 ("7206) in font nullfont!
Missing character: There is no 炸 ("70B8) in font nullfont!
Missing character: There is no ， ("FF0C) in font nullfont!
Missing character: There is no 保 ("4FDD) in font nullfont!
Missing character: There is no 障 ("969C) in font nullfont!
Missing character: There is no 训 ("8BAD) in font nullfont!
Missing character: There is no 练 ("7EC3) in font nullfont!
Missing character: There is no 过 ("8FC7) in font nullfont!
Missing character: There is no 程 ("7A0B) in font nullfont!
Missing character: There is no 的 ("7684) in font nullfont!
Missing character: There is no 数 ("6570) in font nullfont!
Missing character: There is no 值 ("503C) in font nullfont!
Missing character: There is no 稳 ("7A33) in font nullfont!
Missing character: There is no 定 ("5B9A) in font nullfont!
Missing character: There is no 性 ("6027) in font nullfont!
Missing character: There is no 。 ("3002) in font nullfont!

Overfull \hbox (20.0pt too wide) in paragraph at lines 657--658
[]
 []


Overfull \hbox (12.77782pt too wide) in paragraph at lines 657--658
\OT1/cmr/m/n/10 0\OML/cmm/m/it/10 :\OT1/cmr/m/n/10 1$
 []


Overfull \hbox (11.2917pt too wide) in paragraph at lines 657--658
\OML/cmm/m/it/10 L[]$
 []


Overfull \hbox (12.77782pt too wide) in paragraph at lines 657--658
\OT1/cmr/m/n/10 5 \OMS/cmsy/m/n/10 ^^B
 []


Overfull \hbox (20.73618pt too wide) in paragraph at lines 657--658
\OT1/cmr/m/n/10 10[]$
 []


Overfull \hbox (12.77782pt too wide) in paragraph at lines 657--658
\OT1/cmr/m/n/10 1\OML/cmm/m/it/10 :\OT1/cmr/m/n/10 0$ 
 []

Missing character: There is no 3 ("33) in font nullfont!
Missing character: There is no . ("2E) in font nullfont!
Missing character: There is no 自 ("81EA) in font nullfont!
Missing character: There is no 适 ("9002) in font nullfont!
Missing character: There is no 应 ("5E94) in font nullfont!
Missing character: There is no 优 ("4F18) in font nullfont!
Missing character: There is no 化 ("5316) in font nullfont!
Missing character: There is no 与 ("4E0E) in font nullfont!
Missing character: There is no 收 ("6536) in font nullfont!
Missing character: There is no 敛 ("655B) in font nullfont!
Missing character: There is no 控 ("63A7) in font nullfont!
Missing character: There is no 制 ("5236) in font nullfont!
Missing character: There is no 模 ("6A21) in font nullfont!
Missing character: There is no 型 ("578B) in font nullfont!
Missing character: There is no 采 ("91C7) in font nullfont!
Missing character: There is no 用 ("7528) in font nullfont!
Missing character: There is no 端 ("7AEF) in font nullfont!
Missing character: There is no 到 ("5230) in font nullfont!
Missing character: There is no 端 ("7AEF) in font nullfont!
Missing character: There is no 的 ("7684) in font nullfont!
Missing character: There is no 监 ("76D1) in font nullfont!
Missing character: There is no 督 ("7763) in font nullfont!
Missing character: There is no 学 ("5B66) in font nullfont!
Missing character: There is no 习 ("4E60) in font nullfont!
Missing character: There is no 方 ("65B9) in font nullfont!
Missing character: There is no 式 ("5F0F) in font nullfont!
Missing character: There is no 进 ("8FDB) in font nullfont!
Missing character: There is no 行 ("884C) in font nullfont!
Missing character: There is no 参 ("53C2) in font nullfont!
Missing character: There is no 数 ("6570) in font nullfont!
Missing character: There is no 更 ("66F4) in font nullfont!
Missing character: There is no 新 ("65B0) in font nullfont!
Missing character: There is no 。 ("3002) in font nullfont!
Missing character: There is no 初 ("521D) in font nullfont!
Missing character: There is no 始 ("59CB) in font nullfont!
Missing character: There is no 学 ("5B66) in font nullfont!
Missing character: There is no 习 ("4E60) in font nullfont!
Missing character: There is no 率 ("7387) in font nullfont!
Missing character: There is no 设 ("8BBE) in font nullfont!
Missing character: There is no 定 ("5B9A) in font nullfont!
Missing character: There is no 为 ("4E3A) in font nullfont!
Missing character: There is no ， ("FF0C) in font nullfont!
Missing character: There is no 并 ("5E76) in font nullfont!
Missing character: There is no 采 ("91C7) in font nullfont!
Missing character: There is no 用 ("7528) in font nullfont!
Missing character: There is no 动 ("52A8) in font nullfont!
Missing character: There is no 态 ("6001) in font nullfont!
Missing character: There is no 调 ("8C03) in font nullfont!
Missing character: There is no 度 ("5EA6) in font nullfont!
Missing character: There is no 策 ("7B56) in font nullfont!
Missing character: There is no 略 ("7565) in font nullfont!
Missing character: There is no ， ("FF0C) in font nullfont!
Missing character: There is no 当 ("5F53) in font nullfont!
Missing character: There is no 验 ("9A8C) in font nullfont!
Missing character: There is no 证 ("8BC1) in font nullfont!
Missing character: There is no 集 ("96C6) in font nullfont!
Missing character: There is no 损 ("635F) in font nullfont!
Missing character: There is no 失 ("5931) in font nullfont!
Missing character: There is no 在 ("5728) in font nullfont!
Missing character: There is no 连 ("8FDE) in font nullfont!
Missing character: There is no 续 ("7EED) in font nullfont!
Missing character: There is no 2 ("32) in font nullfont!
Missing character: There is no 0 ("30) in font nullfont!
Missing character: There is no 个 ("4E2A) in font nullfont!
Missing character: There is no 训 ("8BAD) in font nullfont!
Missing character: There is no 练 ("7EC3) in font nullfont!
Missing character: There is no 周 ("5468) in font nullfont!
Missing character: There is no 期 ("671F) in font nullfont!
Missing character: There is no 内 ("5185) in font nullfont!
Missing character: There is no 未 ("672A) in font nullfont!
Missing character: There is no 出 ("51FA) in font nullfont!
Missing character: There is no 现 ("73B0) in font nullfont!
Missing character: There is no 显 ("663E) in font nullfont!
Missing character: There is no 著 ("8457) in font nullfont!
Missing character: There is no 下 ("4E0B) in font nullfont!
Missing character: There is no 降 ("964D) in font nullfont!
Missing character: There is no 时 ("65F6) in font nullfont!
Missing character: There is no ， ("FF0C) in font nullfont!
Missing character: There is no 学 ("5B66) in font nullfont!
Missing character: There is no 习 ("4E60) in font nullfont!
Missing character: There is no 率 ("7387) in font nullfont!
Missing character: There is no 自 ("81EA) in font nullfont!
Missing character: There is no 动 ("52A8) in font nullfont!
Missing character: There is no 衰 ("8870) in font nullfont!
Missing character: There is no 减 ("51CF) in font nullfont!
Missing character: There is no 5 ("35) in font nullfont!
Missing character: There is no 0 ("30) in font nullfont!
Missing character: There is no % ("25) in font nullfont!
Missing character: There is no ， ("FF0C) in font nullfont!
Missing character: There is no 下 ("4E0B) in font nullfont!
Missing character: There is no 限 ("9650) in font nullfont!
Missing character: There is no 设 ("8BBE) in font nullfont!
Missing character: There is no 为 ("4E3A) in font nullfont!
Missing character: There is no 。 ("3002) in font nullfont!
Missing character: There is no 该 ("8BE5) in font nullfont!
Missing character: There is no 策 ("7B56) in font nullfont!
Missing character: There is no 略 ("7565) in font nullfont!
Missing character: There is no 有 ("6709) in font nullfont!
Missing character: There is no 助 ("52A9) in font nullfont!
Missing character: There is no 于 ("4E8E) in font nullfont!
Missing character: There is no 模 ("6A21) in font nullfont!
Missing character: There is no 型 ("578B) in font nullfont!
Missing character: There is no 在 ("5728) in font nullfont!
Missing character: There is no 训 ("8BAD) in font nullfont!
Missing character: There is no 练 ("7EC3) in font nullfont!
Missing character: There is no 初 ("521D) in font nullfont!
Missing character: There is no 期 ("671F) in font nullfont!
Missing character: There is no 快 ("5FEB) in font nullfont!
Missing character: There is no 速 ("901F) in font nullfont!
Missing character: There is no 逼 ("903C) in font nullfont!
Missing character: There is no 近 ("8FD1) in font nullfont!
Missing character: There is no 最 ("6700) in font nullfont!
Missing character: There is no 优 ("4F18) in font nullfont!
Missing character: There is no 点 ("70B9) in font nullfont!
Missing character: There is no ， ("FF0C) in font nullfont!
Missing character: There is no 并 ("5E76) in font nullfont!
Missing character: There is no 在 ("5728) in font nullfont!
Missing character: There is no 后 ("540E) in font nullfont!
Missing character: There is no 期 ("671F) in font nullfont!
Missing character: There is no 进 ("8FDB) in font nullfont!
Missing character: There is no 行 ("884C) in font nullfont!
Missing character: There is no 精 ("7CBE) in font nullfont!
Missing character: There is no 细 ("7EC6) in font nullfont!
Missing character: There is no 化 ("5316) in font nullfont!
Missing character: There is no 搜 ("641C) in font nullfont!
Missing character: There is no 索 ("7D22) in font nullfont!
Missing character: There is no 。 ("3002) in font nullfont!
Missing character: There is no 此 ("6B64) in font nullfont!
Missing character: There is no 外 ("5916) in font nullfont!
Missing character: There is no ， ("FF0C) in font nullfont!
Missing character: There is no 训 ("8BAD) in font nullfont!
Missing character: There is no 练 ("7EC3) in font nullfont!
Missing character: There is no 过 ("8FC7) in font nullfont!
Missing character: There is no 程 ("7A0B) in font nullfont!
Missing character: There is no 中 ("4E2D) in font nullfont!
Missing character: There is no 引 ("5F15) in font nullfont!
Missing character: There is no 入 ("5165) in font nullfont!
Missing character: There is no 早 ("65E9) in font nullfont!
Missing character: There is no 停 ("505C) in font nullfont!
Missing character: There is no 机 ("673A) in font nullfont!
Missing character: There is no 制 ("5236) in font nullfont!
Missing character: There is no ， ("FF0C) in font nullfont!
Missing character: There is no 若 ("82E5) in font nullfont!
Missing character: There is no 验 ("9A8C) in font nullfont!
Missing character: There is no 证 ("8BC1) in font nullfont!
Missing character: There is no 集 ("96C6) in font nullfont!
Missing character: There is no 损 ("635F) in font nullfont!
Missing character: There is no 失 ("5931) in font nullfont!
Missing character: There is no 连 ("8FDE) in font nullfont!
Missing character: There is no 续 ("7EED) in font nullfont!
Missing character: There is no 3 ("33) in font nullfont!
Missing character: There is no 0 ("30) in font nullfont!
Missing character: There is no 个 ("4E2A) in font nullfont!
Missing character: There is no 训 ("8BAD) in font nullfont!
Missing character: There is no 练 ("7EC3) in font nullfont!
Missing character: There is no 周 ("5468) in font nullfont!
Missing character: There is no 期 ("671F) in font nullfont!
Missing character: There is no 无 ("65E0) in font nullfont!
Missing character: There is no 改 ("6539) in font nullfont!
Missing character: There is no 善 ("5584) in font nullfont!
Missing character: There is no ， ("FF0C) in font nullfont!
Missing character: There is no 则 ("5219) in font nullfont!
Missing character: There is no 立 ("7ACB) in font nullfont!
Missing character: There is no 即 ("5373) in font nullfont!
Missing character: There is no 终 ("7EC8) in font nullfont!
Missing character: There is no 止 ("6B62) in font nullfont!
Missing character: There is no 训 ("8BAD) in font nullfont!
Missing character: There is no 练 ("7EC3) in font nullfont!
Missing character: There is no 并 ("5E76) in font nullfont!
Missing character: There is no 回 ("56DE) in font nullfont!
Missing character: There is no 滚 ("6EDA) in font nullfont!
Missing character: There is no 至 ("81F3) in font nullfont!
Missing character: There is no 最 ("6700) in font nullfont!
Missing character: There is no 优 ("4F18) in font nullfont!
Missing character: There is no 检 ("68C0) in font nullfont!
Missing character: There is no 查 ("67E5) in font nullfont!
Missing character: There is no 点 ("70B9) in font nullfont!
Missing character: There is no ， ("FF0C) in font nullfont!
Missing character: There is no 从 ("4ECE) in font nullfont!
Missing character: There is no 而 ("800C) in font nullfont!
Missing character: There is no 在 ("5728) in font nullfont!
Missing character: There is no 训 ("8BAD) in font nullfont!
Missing character: There is no 练 ("7EC3) in font nullfont!
Missing character: There is no 效 ("6548) in font nullfont!
Missing character: There is no 率 ("7387) in font nullfont!
Missing character: There is no 与 ("4E0E) in font nullfont!
Missing character: There is no 泛 ("6CDB) in font nullfont!
Missing character: There is no 化 ("5316) in font nullfont!
Missing character: There is no 性 ("6027) in font nullfont!
Missing character: There is no 能 ("80FD) in font nullfont!
Missing character: There is no 之 ("4E4B) in font nullfont!
Missing character: There is no 间 ("95F4) in font nullfont!
Missing character: There is no 取 ("53D6) in font nullfont!
Missing character: There is no 得 ("5F97) in font nullfont!
Missing character: There is no 最 ("6700) in font nullfont!
Missing character: There is no 佳 ("4F73) in font nullfont!
Missing character: There is no 平 ("5E73) in font nullfont!
Missing character: There is no 衡 ("8861) in font nullfont!
Missing character: There is no 。 ("3002) in font nullfont!

Overfull \hbox (20.0pt too wide) in paragraph at lines 662--663
[]
 []


Overfull \hbox (12.77782pt too wide) in paragraph at lines 662--663
\OT1/cmr/m/n/10 1 \OMS/cmsy/m/n/10 ^^B
 []


Overfull \hbox (20.73618pt too wide) in paragraph at lines 662--663
\OT1/cmr/m/n/10 10[]$
 []


Overfull \hbox (20.73618pt too wide) in paragraph at lines 662--663
\OT1/cmr/m/n/10 10[]$
 []

! Undefined control sequence.
l.665 \subsection
                 {代理模型在业务场景下的预测性能}
The control sequence at the end of the top line
of your error message was never \def'ed. If you have
misspelled it (e.g., `\hobx'), type `I' and the correct
spelling (e.g., `I\hbox'). Otherwise just continue,
and I'll forget about whatever was undefined.

Missing character: There is no 代 ("4EE3) in font nullfont!
Missing character: There is no 理 ("7406) in font nullfont!
Missing character: There is no 模 ("6A21) in font nullfont!
Missing character: There is no 型 ("578B) in font nullfont!
Missing character: There is no 在 ("5728) in font nullfont!
Missing character: There is no 业 ("4E1A) in font nullfont!
Missing character: There is no 务 ("52A1) in font nullfont!
Missing character: There is no 场 ("573A) in font nullfont!
Missing character: There is no 景 ("666F) in font nullfont!
Missing character: There is no 下 ("4E0B) in font nullfont!
Missing character: There is no 的 ("7684) in font nullfont!
Missing character: There is no 预 ("9884) in font nullfont!
Missing character: There is no 测 ("6D4B) in font nullfont!
Missing character: There is no 性 ("6027) in font nullfont!
Missing character: There is no 能 ("80FD) in font nullfont!

Overfull \hbox (20.0pt too wide) in paragraph at lines 665--666
[] 
 []

Missing character: There is no 为 ("4E3A) in font nullfont!
Missing character: There is no 验 ("9A8C) in font nullfont!
Missing character: There is no 证 ("8BC1) in font nullfont!
Missing character: There is no 所 ("6240) in font nullfont!
Missing character: There is no 提 ("63D0) in font nullfont!
Missing character: There is no 出 ("51FA) in font nullfont!
Missing character: There is no 多 ("591A) in font nullfont!
Missing character: There is no 任 ("4EFB) in font nullfont!
Missing character: There is no 务 ("52A1) in font nullfont!
Missing character: There is no 深 ("6DF1) in font nullfont!
Missing character: There is no 度 ("5EA6) in font nullfont!
Missing character: There is no 神 ("795E) in font nullfont!
Missing character: There is no 经 ("7ECF) in font nullfont!
Missing character: There is no 网 ("7F51) in font nullfont!
Missing character: There is no 络 ("7EDC) in font nullfont!
Missing character: There is no 代 ("4EE3) in font nullfont!
Missing character: There is no 理 ("7406) in font nullfont!
Missing character: There is no 模 ("6A21) in font nullfont!
Missing character: There is no 型 ("578B) in font nullfont!
Missing character: There is no 的 ("7684) in font nullfont!
Missing character: There is no 预 ("9884) in font nullfont!
Missing character: There is no 测 ("6D4B) in font nullfont!
Missing character: There is no 精 ("7CBE) in font nullfont!
Missing character: There is no 度 ("5EA6) in font nullfont!
Missing character: There is no ， ("FF0C) in font nullfont!
Missing character: There is no 本 ("672C) in font nullfont!
Missing character: There is no 文 ("6587) in font nullfont!
Missing character: There is no 在 ("5728) in font nullfont!
Missing character: There is no 测 ("6D4B) in font nullfont!
Missing character: There is no 试 ("8BD5) in font nullfont!
Missing character: There is no 集 ("96C6) in font nullfont!
Missing character: There is no 上 ("4E0A) in font nullfont!
Missing character: There is no 评 ("8BC4) in font nullfont!
Missing character: There is no 估 ("4F30) in font nullfont!
Missing character: There is no 了 ("4E86) in font nullfont!
Missing character: There is no 各 ("5404) in font nullfont!
Missing character: There is no 性 ("6027) in font nullfont!
Missing character: There is no 能 ("80FD) in font nullfont!
Missing character: There is no 指 ("6307) in font nullfont!
Missing character: There is no 标 ("6807) in font nullfont!
Missing character: There is no 的 ("7684) in font nullfont!
Missing character: There is no 均 ("5747) in font nullfont!
Missing character: There is no 方 ("65B9) in font nullfont!
Missing character: There is no 误 ("8BEF) in font nullfont!
Missing character: There is no 差 ("5DEE) in font nullfont!
Missing character: There is no （ ("FF08) in font nullfont!
Missing character: There is no M ("4D) in font nullfont!
Missing character: There is no S ("53) in font nullfont!
Missing character: There is no E ("45) in font nullfont!
Missing character: There is no ） ("FF09) in font nullfont!
Missing character: There is no 、 ("3001) in font nullfont!
Missing character: There is no 平 ("5E73) in font nullfont!
Missing character: There is no 均 ("5747) in font nullfont!
Missing character: There is no 绝 ("7EDD) in font nullfont!
Missing character: There is no 对 ("5BF9) in font nullfont!
Missing character: There is no 误 ("8BEF) in font nullfont!
Missing character: There is no 差 ("5DEE) in font nullfont!
Missing character: There is no （ ("FF08) in font nullfont!
Missing character: There is no M ("4D) in font nullfont!
Missing character: There is no A ("41) in font nullfont!
Missing character: There is no E ("45) in font nullfont!
Missing character: There is no ） ("FF09) in font nullfont!
Missing character: There is no 以 ("4EE5) in font nullfont!
Missing character: There is no 及 ("53CA) in font nullfont!
Missing character: There is no 决 ("51B3) in font nullfont!
Missing character: There is no 定 ("5B9A) in font nullfont!
Missing character: There is no 系 ("7CFB) in font nullfont!
Missing character: There is no 数 ("6570) in font nullfont!
Missing character: There is no （ ("FF08) in font nullfont!
Missing character: There is no ） ("FF09) in font nullfont!
Missing character: There is no 。 ("3002) in font nullfont!
Missing character: There is no 表 ("8868) in font nullfont!
! Undefined control sequence.
<write> ...e `tab:nn_test_error' on page \thepage 
                                                  \space undefined\on@line .^^J
l.667 ...E）以及决定系数（$R^2$）。表~\ref{tab:nn_test_error}
                                                   总结了模型在吞吐量、时延、公平性和信令开销等任务上...
The control sequence at the end of the top line
of your error message was never \def'ed. If you have
misspelled it (e.g., `\hobx'), type `I' and the correct
spelling (e.g., `I\hbox'). Otherwise just continue,
and I'll forget about whatever was undefined.


LaTeX Warning: Reference `tab:nn_test_error' on page  undefined on input line 6
67.

Missing character: There is no 总 ("603B) in font nullfont!
Missing character: There is no 结 ("7ED3) in font nullfont!
Missing character: There is no 了 ("4E86) in font nullfont!
Missing character: There is no 模 ("6A21) in font nullfont!
Missing character: There is no 型 ("578B) in font nullfont!
Missing character: There is no 在 ("5728) in font nullfont!
Missing character: There is no 吞 ("541E) in font nullfont!
Missing character: There is no 吐 ("5410) in font nullfont!
Missing character: There is no 量 ("91CF) in font nullfont!
Missing character: There is no 、 ("3001) in font nullfont!
Missing character: There is no 时 ("65F6) in font nullfont!
Missing character: There is no 延 ("5EF6) in font nullfont!
Missing character: There is no 、 ("3001) in font nullfont!
Missing character: There is no 公 ("516C) in font nullfont!
Missing character: There is no 平 ("5E73) in font nullfont!
Missing character: There is no 性 ("6027) in font nullfont!
Missing character: There is no 和 ("548C) in font nullfont!
Missing character: There is no 信 ("4FE1) in font nullfont!
Missing character: There is no 令 ("4EE4) in font nullfont!
Missing character: There is no 开 ("5F00) in font nullfont!
Missing character: There is no 销 ("9500) in font nullfont!
Missing character: There is no 等 ("7B49) in font nullfont!
Missing character: There is no 任 ("4EFB) in font nullfont!
Missing character: There is no 务 ("52A1) in font nullfont!
Missing character: There is no 上 ("4E0A) in font nullfont!
Missing character: There is no 的 ("7684) in font nullfont!
Missing character: There is no 误 ("8BEF) in font nullfont!
Missing character: There is no 差 ("5DEE) in font nullfont!
Missing character: There is no 表 ("8868) in font nullfont!
Missing character: There is no 现 ("73B0) in font nullfont!
Missing character: There is no 。 ("3002) in font nullfont!

Overfull \hbox (43.01628pt too wide) in paragraph at lines 667--668
[]$\OML/cmm/m/it/10 R[]$ []
 []


! LaTeX Error: Environment table undefined.

See the LaTeX manual or LaTeX Companion for explanation.
Type  H <return>  for immediate help.
 ...                                              
                                                  
l.669 \begin{table}
                   [htbp]
Your command was ignored.
Type  I <command> <return>  to replace it with another command,
or  <return>  to continue without it.

Missing character: There is no [ ("5B) in font nullfont!
Missing character: There is no h ("68) in font nullfont!
Missing character: There is no t ("74) in font nullfont!
Missing character: There is no b ("62) in font nullfont!
Missing character: There is no p ("70) in font nullfont!
Missing character: There is no ] ("5D) in font nullfont!

! LaTeX Error: \caption outside float.

See the LaTeX manual or LaTeX Companion for explanation.
Type  H <return>  for immediate help.
 ...                                              
                                                  
l.671 ^^I\caption
                 {代理模型在测试集上的预测误差与拟合优度}
You're in trouble here.  Try typing  <return>  to proceed.
If that doesn't work, type  X <return>  to quit.

Missing character: There is no 代 ("4EE3) in font nullfont!
Missing character: There is no 理 ("7406) in font nullfont!
Missing character: There is no 模 ("6A21) in font nullfont!
Missing character: There is no 型 ("578B) in font nullfont!
Missing character: There is no 在 ("5728) in font nullfont!
Missing character: There is no 测 ("6D4B) in font nullfont!
Missing character: There is no 试 ("8BD5) in font nullfont!
Missing character: There is no 集 ("96C6) in font nullfont!
Missing character: There is no 上 ("4E0A) in font nullfont!
Missing character: There is no 的 ("7684) in font nullfont!
Missing character: There is no 预 ("9884) in font nullfont!
Missing character: There is no 测 ("6D4B) in font nullfont!
Missing character: There is no 误 ("8BEF) in font nullfont!
Missing character: There is no 差 ("5DEE) in font nullfont!
Missing character: There is no 与 ("4E0E) in font nullfont!
Missing character: There is no 拟 ("62DF) in font nullfont!
Missing character: There is no 合 ("5408) in font nullfont!
Missing character: There is no 优 ("4F18) in font nullfont!
Missing character: There is no 度 ("5EA6) in font nullfont!
! Undefined control sequence.
l.675 ^^I^^I\toprule
                    
The control sequence at the end of the top line
of your error message was never \def'ed. If you have
misspelled it (e.g., `\hobx'), type `I' and the correct
spelling (e.g., `I\hbox'). Otherwise just continue,
and I'll forget about whatever was undefined.

Missing character: There is no 性 (U+6027) in font [lmroman10-bold]:mapping=tex-
text;!
Missing character: There is no 能 (U+80FD) in font [lmroman10-bold]:mapping=tex-
text;!
Missing character: There is no 指 (U+6307) in font [lmroman10-bold]:mapping=tex-
text;!
Missing character: There is no 标 (U+6807) in font [lmroman10-bold]:mapping=tex-
text;!
! Undefined control sequence.
<recently read> \midrule 
                         
l.677 ^^I^^I\midrule
                    
The control sequence at the end of the top line
of your error message was never \def'ed. If you have
misspelled it (e.g., `\hobx'), type `I' and the correct
spelling (e.g., `I\hbox'). Otherwise just continue,
and I'll forget about whatever was undefined.

Missing character: There is no 吞 ("541E) in font nullfont!
Missing character: There is no 吐 ("5410) in font nullfont!
Missing character: There is no 量 ("91CF) in font nullfont!
Missing character: There is no 0 ("30) in font nullfont!
Missing character: There is no . ("2E) in font nullfont!
Missing character: There is no 0 ("30) in font nullfont!
Missing character: There is no 0 ("30) in font nullfont!
Missing character: There is no 0 ("30) in font nullfont!
Missing character: There is no 0 ("30) in font nullfont!
Missing character: There is no 2 ("32) in font nullfont!
Missing character: There is no 2 ("32) in font nullfont!
Missing character: There is no 0 ("30) in font nullfont!
Missing character: There is no . ("2E) in font nullfont!
Missing character: There is no 0 ("30) in font nullfont!
Missing character: There is no 0 ("30) in font nullfont!
Missing character: There is no 2 ("32) in font nullfont!
Missing character: There is no 1 ("31) in font nullfont!
Missing character: There is no 0 ("30) in font nullfont!
Missing character: There is no . ("2E) in font nullfont!
Missing character: There is no 9 ("39) in font nullfont!
Missing character: There is no 9 ("39) in font nullfont!
Missing character: There is no 9 ("39) in font nullfont!
Missing character: There is no 7 ("37) in font nullfont!
Missing character: There is no 平 ("5E73) in font nullfont!
Missing character: There is no 均 ("5747) in font nullfont!
Missing character: There is no 时 ("65F6) in font nullfont!
Missing character: There is no 延 ("5EF6) in font nullfont!
Missing character: There is no 0 ("30) in font nullfont!
Missing character: There is no . ("2E) in font nullfont!
Missing character: There is no 0 ("30) in font nullfont!
Missing character: There is no 0 ("30) in font nullfont!
Missing character: There is no 1 ("31) in font nullfont!
Missing character: There is no 8 ("38) in font nullfont!
Missing character: There is no 7 ("37) in font nullfont!
Missing character: There is no 7 ("37) in font nullfont!
Missing character: There is no 0 ("30) in font nullfont!
Missing character: There is no . ("2E) in font nullfont!
Missing character: There is no 0 ("30) in font nullfont!
Missing character: There is no 0 ("30) in font nullfont!
Missing character: There is no 3 ("33) in font nullfont!
Missing character: There is no 1 ("31) in font nullfont!
Missing character: There is no 0 ("30) in font nullfont!
Missing character: There is no . ("2E) in font nullfont!
Missing character: There is no 9 ("39) in font nullfont!
Missing character: There is no 5 ("35) in font nullfont!
Missing character: There is no 9 ("39) in font nullfont!
Missing character: There is no 9 ("39) in font nullfont!
Missing character: There is no 公 ("516C) in font nullfont!
Missing character: There is no 平 ("5E73) in font nullfont!
Missing character: There is no 性 ("6027) in font nullfont!
Missing character: There is no 0 ("30) in font nullfont!
Missing character: There is no . ("2E) in font nullfont!
Missing character: There is no 0 ("30) in font nullfont!
Missing character: There is no 0 ("30) in font nullfont!
Missing character: There is no 1 ("31) in font nullfont!
Missing character: There is no 1 ("31) in font nullfont!
Missing character: There is no 3 ("33) in font nullfont!
Missing character: There is no 8 ("38) in font nullfont!
Missing character: There is no 0 ("30) in font nullfont!
Missing character: There is no . ("2E) in font nullfont!
Missing character: There is no 0 ("30) in font nullfont!
Missing character: There is no 0 ("30) in font nullfont!
Missing character: There is no 3 ("33) in font nullfont!
Missing character: There is no 7 ("37) in font nullfont!
Missing character: There is no 0 ("30) in font nullfont!
Missing character: There is no . ("2E) in font nullfont!
Missing character: There is no 6 ("36) in font nullfont!
Missing character: There is no 8 ("38) in font nullfont!
Missing character: There is no 3 ("33) in font nullfont!
Missing character: There is no 2 ("32) in font nullfont!
Missing character: There is no 信 ("4FE1) in font nullfont!
Missing character: There is no 令 ("4EE4) in font nullfont!
Missing character: There is no 开 ("5F00) in font nullfont!
Missing character: There is no 销 ("9500) in font nullfont!
Missing character: There is no 0 ("30) in font nullfont!
Missing character: There is no . ("2E) in font nullfont!
Missing character: There is no 0 ("30) in font nullfont!
Missing character: There is no 0 ("30) in font nullfont!
Missing character: There is no 0 ("30) in font nullfont!
Missing character: There is no 0 ("30) in font nullfont!
Missing character: There is no 1 ("31) in font nullfont!
Missing character: There is no 2 ("32) in font nullfont!
Missing character: There is no 0 ("30) in font nullfont!
Missing character: There is no . ("2E) in font nullfont!
Missing character: There is no 0 ("30) in font nullfont!
Missing character: There is no 0 ("30) in font nullfont!
Missing character: There is no 2 ("32) in font nullfont!
Missing character: There is no 2 ("32) in font nullfont!
Missing character: There is no 0 ("30) in font nullfont!
Missing character: There is no . ("2E) in font nullfont!
Missing character: There is no 9 ("39) in font nullfont!
Missing character: There is no 9 ("39) in font nullfont!
Missing character: There is no 9 ("39) in font nullfont!
Missing character: There is no 8 ("38) in font nullfont!
! Undefined control sequence.
<recently read> \bottomrule 
                            
l.682 ^^I^^I\bottomrule
                       
The control sequence at the end of the top line
of your error message was never \def'ed. If you have
misspelled it (e.g., `\hobx'), type `I' and the correct
spelling (e.g., `I\hbox'). Otherwise just continue,
and I'll forget about whatever was undefined.


! LaTeX Error: \begin{document} ended by \end{table}.

See the LaTeX manual or LaTeX Companion for explanation.
Type  H <return>  for immediate help.
 ...                                              
                                                  
l.684 \end{table}
                 
Your command was ignored.
Type  I <command> <return>  to replace it with another command,
or  <return>  to continue without it.


Overfull \hbox (20.0pt too wide) in paragraph at lines 669--685
[]
 []


Overfull \hbox (82.05753pt too wide) in paragraph at lines 669--685
[]
 []

Missing character: There is no 总 (U+603B) in font [lmroman10-bold]:mapping=tex-
text;!
Missing character: There is no 结 (U+7ED3) in font [lmroman10-bold]:mapping=tex-
text;!
Missing character: There is no ： (U+FF1A) in font [lmroman10-bold]:mapping=tex-
text;!
Missing character: There is no 综 ("7EFC) in font nullfont!
Missing character: There is no 上 ("4E0A) in font nullfont!
Missing character: There is no 所 ("6240) in font nullfont!
Missing character: There is no 述 ("8FF0) in font nullfont!
Missing character: There is no ， ("FF0C) in font nullfont!
Missing character: There is no 所 ("6240) in font nullfont!
Missing character: There is no 提 ("63D0) in font nullfont!
Missing character: There is no 出 ("51FA) in font nullfont!
Missing character: There is no 的 ("7684) in font nullfont!
Missing character: There is no 多 ("591A) in font nullfont!
Missing character: There is no 任 ("4EFB) in font nullfont!
Missing character: There is no 务 ("52A1) in font nullfont!
Missing character: There is no 深 ("6DF1) in font nullfont!
Missing character: There is no 度 ("5EA6) in font nullfont!
Missing character: There is no 神 ("795E) in font nullfont!
Missing character: There is no 经 ("7ECF) in font nullfont!
Missing character: There is no 网 ("7F51) in font nullfont!
Missing character: There is no 络 ("7EDC) in font nullfont!
Missing character: There is no 代 ("4EE3) in font nullfont!
Missing character: There is no 理 ("7406) in font nullfont!
Missing character: There is no 模 ("6A21) in font nullfont!
Missing character: There is no 型 ("578B) in font nullfont!
Missing character: There is no 在 ("5728) in font nullfont!
Missing character: There is no 各 ("5404) in font nullfont!
Missing character: There is no 项 ("9879) in font nullfont!
Missing character: There is no 性 ("6027) in font nullfont!
Missing character: There is no 能 ("80FD) in font nullfont!
Missing character: There is no 指 ("6307) in font nullfont!
Missing character: There is no 标 ("6807) in font nullfont!
Missing character: There is no 上 ("4E0A) in font nullfont!
Missing character: There is no 均 ("5747) in font nullfont!
Missing character: There is no 表 ("8868) in font nullfont!
Missing character: There is no 现 ("73B0) in font nullfont!
Missing character: There is no 出 ("51FA) in font nullfont!
Missing character: There is no 优 ("4F18) in font nullfont!
Missing character: There is no 异 ("5F02) in font nullfont!
Missing character: There is no 的 ("7684) in font nullfont!
Missing character: There is no 预 ("9884) in font nullfont!
Missing character: There is no 测 ("6D4B) in font nullfont!
Missing character: There is no 能 ("80FD) in font nullfont!
Missing character: There is no 力 ("529B) in font nullfont!
Missing character: There is no 。 ("3002) in font nullfont!
Missing character: There is no 无 ("65E0) in font nullfont!
Missing character: There is no 论 ("8BBA) in font nullfont!
Missing character: There is no 是 ("662F) in font nullfont!
Missing character: There is no 吞 ("541E) in font nullfont!
Missing character: There is no 吐 ("5410) in font nullfont!
Missing character: There is no 量 ("91CF) in font nullfont!
Missing character: There is no 、 ("3001) in font nullfont!
Missing character: There is no 时 ("65F6) in font nullfont!
Missing character: There is no 延 ("5EF6) in font nullfont!
Missing character: There is no 还 ("8FD8) in font nullfont!
Missing character: There is no 是 ("662F) in font nullfont!
Missing character: There is no 公 ("516C) in font nullfont!
Missing character: There is no 平 ("5E73) in font nullfont!
Missing character: There is no 性 ("6027) in font nullfont!
Missing character: There is no 与 ("4E0E) in font nullfont!
Missing character: There is no 信 ("4FE1) in font nullfont!
Missing character: There is no 令 ("4EE4) in font nullfont!
Missing character: There is no 开 ("5F00) in font nullfont!
Missing character: There is no 销 ("9500) in font nullfont!
Missing character: There is no ， ("FF0C) in font nullfont!
Missing character: There is no 模 ("6A21) in font nullfont!
Missing character: There is no 型 ("578B) in font nullfont!
Missing character: There is no 均 ("5747) in font nullfont!
Missing character: There is no 能 ("80FD) in font nullfont!
Missing character: There is no 实 ("5B9E) in font nullfont!
Missing character: There is no 现 ("73B0) in font nullfont!
Missing character: There is no 高 ("9AD8) in font nullfont!
Missing character: There is no 精 ("7CBE) in font nullfont!
Missing character: There is no 度 ("5EA6) in font nullfont!
Missing character: There is no 的 ("7684) in font nullfont!
Missing character: There is no 拟 ("62DF) in font nullfont!
Missing character: There is no 合 ("5408) in font nullfont!
Missing character: There is no ， ("FF0C) in font nullfont!
Missing character: There is no 值 ("503C) in font nullfont!
Missing character: There is no 均 ("5747) in font nullfont!
Missing character: There is no 超 ("8D85) in font nullfont!
Missing character: There is no 过 ("8FC7) in font nullfont!
Missing character: There is no 0 ("30) in font nullfont!
Missing character: There is no . ("2E) in font nullfont!
Missing character: There is no 9 ("39) in font nullfont!
Missing character: There is no 7 ("37) in font nullfont!
Missing character: There is no ， ("FF0C) in font nullfont!
Missing character: There is no 满 ("6EE1) in font nullfont!
Missing character: There is no 足 ("8DB3) in font nullfont!
Missing character: There is no 实 ("5B9E) in font nullfont!
Missing character: There is no 际 ("9645) in font nullfont!
Missing character: There is no 业 ("4E1A) in font nullfont!
Missing character: There is no 务 ("52A1) in font nullfont!
Missing character: There is no 场 ("573A) in font nullfont!
Missing character: There is no 景 ("666F) in font nullfont!
Missing character: There is no 下 ("4E0B) in font nullfont!
Missing character: There is no 对 ("5BF9) in font nullfont!
Missing character: There is no 快 ("5FEB) in font nullfont!
Missing character: There is no 速 ("901F) in font nullfont!
Missing character: There is no 、 ("3001) in font nullfont!
Missing character: There is no 准 ("51C6) in font nullfont!
Missing character: There is no 确 ("786E) in font nullfont!
Missing character: There is no 性 ("6027) in font nullfont!
Missing character: There is no 能 ("80FD) in font nullfont!
Missing character: There is no 评 ("8BC4) in font nullfont!
Missing character: There is no 估 ("4F30) in font nullfont!
Missing character: There is no 的 ("7684) in font nullfont!
Missing character: There is no 需 ("9700) in font nullfont!
Missing character: There is no 求 ("6C42) in font nullfont!
Missing character: There is no 。 ("3002) in font nullfont!
Missing character: There is no 这 ("8FD9) in font nullfont!
Missing character: There is no 为 ("4E3A) in font nullfont!
Missing character: There is no 后 ("540E) in font nullfont!
Missing character: There is no 续 ("7EED) in font nullfont!
Missing character: There is no 基 ("57FA) in font nullfont!
Missing character: There is no 于 ("4E8E) in font nullfont!
Missing character: There is no 代 ("4EE3) in font nullfont!
Missing character: There is no 理 ("7406) in font nullfont!
Missing character: There is no 模 ("6A21) in font nullfont!
Missing character: There is no 型 ("578B) in font nullfont!
Missing character: There is no 的 ("7684) in font nullfont!
Missing character: There is no 协 ("534F) in font nullfont!
Missing character: There is no 议 ("8BAE) in font nullfont!
Missing character: There is no 优 ("4F18) in font nullfont!
Missing character: There is no 化 ("5316) in font nullfont!
Missing character: There is no 与 ("4E0E) in font nullfont!
Missing character: There is no 自 ("81EA) in font nullfont!
Missing character: There is no 适 ("9002) in font nullfont!
Missing character: There is no 应 ("5E94) in font nullfont!
Missing character: There is no 决 ("51B3) in font nullfont!
Missing character: There is no 策 ("7B56) in font nullfont!
Missing character: There is no 奠 ("5960) in font nullfont!
Missing character: There is no 定 ("5B9A) in font nullfont!
Missing character: There is no 了 ("4E86) in font nullfont!
Missing character: There is no 坚 ("575A) in font nullfont!
Missing character: There is no 实 ("5B9E) in font nullfont!
Missing character: There is no 基 ("57FA) in font nullfont!
Missing character: There is no 础 ("7840) in font nullfont!
Missing character: There is no 。 ("3002) in font nullfont!

Overfull \hbox (28.4pt too wide) in paragraph at lines 686--687
[]\TU/lmr/bx/n/10 总结：
 []


Overfull \hbox (12.15628pt too wide) in paragraph at lines 686--687
\OML/cmm/m/it/10 R[]$ 
 []


! LaTeX Error: Environment figure undefined.

See the LaTeX manual or LaTeX Companion for explanation.
Type  H <return>  for immediate help.
 ...                                              
                                                  
l.688 \begin{figure}
                    [t]
Your command was ignored.
Type  I <command> <return>  to replace it with another command,
or  <return>  to continue without it.

Missing character: There is no [ ("5B) in font nullfont!
Missing character: There is no t ("74) in font nullfont!
Missing character: There is no ] ("5D) in font nullfont!
! Undefined control sequence.
l.691     \subfloat
                   [吞吐量 $\lambda_{\mathrm{out}}$]{
The control sequence at the end of the top line
of your error message was never \def'ed. If you have
misspelled it (e.g., `\hobx'), type `I' and the correct
spelling (e.g., `I\hbox'). Otherwise just continue,
and I'll forget about whatever was undefined.

Missing character: There is no [ ("5B) in font nullfont!
Missing character: There is no 吞 ("541E) in font nullfont!
Missing character: There is no 吐 ("5410) in font nullfont!
Missing character: There is no 量 ("91CF) in font nullfont!
Missing character: There is no ] ("5D) in font nullfont!
! Undefined control sequence.
l.692         \includegraphics
                              [width=0.49\textwidth]{figure/chap5/metric_thr...
The control sequence at the end of the top line
of your error message was never \def'ed. If you have
misspelled it (e.g., `\hobx'), type `I' and the correct
spelling (e.g., `I\hbox'). Otherwise just continue,
and I'll forget about whatever was undefined.

Missing character: There is no [ ("5B) in font nullfont!
Missing character: There is no w ("77) in font nullfont!
Missing character: There is no i ("69) in font nullfont!
Missing character: There is no d ("64) in font nullfont!
Missing character: There is no t ("74) in font nullfont!
Missing character: There is no h ("68) in font nullfont!
Missing character: There is no = ("3D) in font nullfont!
Missing character: There is no 0 ("30) in font nullfont!
Missing character: There is no . ("2E) in font nullfont!
Missing character: There is no 4 ("34) in font nullfont!
Missing character: There is no 9 ("39) in font nullfont!
! Missing number, treated as zero.
<to be read again> 
                   ]
l.692 ...   \includegraphics[width=0.49\textwidth]
                                                  {figure/chap5/metric_throu...
A number should have been here; I inserted `0'.
(If you can't figure out why I needed to see a number,
look up `weird error' in the index to The TeXbook.)

! Illegal unit of measure (pt inserted).
<to be read again> 
                   ]
l.692 ...   \includegraphics[width=0.49\textwidth]
                                                  {figure/chap5/metric_throu...
Dimensions can be in units of em, ex, in, pt, pc,
cm, mm, dd, cc, bp, or sp; but yours is a new one!
I'll assume that you meant to say pt, for printer's points.
To recover gracefully from this error, it's best to
delete the erroneous units; e.g., type `2' to delete
two letters. (See Chapter 27 of The TeXbook.)

Missing character: There is no ] ("5D) in font nullfont!
Missing character: There is no f ("66) in font nullfont!
Missing character: There is no i ("69) in font nullfont!
Missing character: There is no g ("67) in font nullfont!
Missing character: There is no u ("75) in font nullfont!
Missing character: There is no r ("72) in font nullfont!
Missing character: There is no e ("65) in font nullfont!
Missing character: There is no / ("2F) in font nullfont!
Missing character: There is no c ("63) in font nullfont!
Missing character: There is no h ("68) in font nullfont!
Missing character: There is no a ("61) in font nullfont!
Missing character: There is no p ("70) in font nullfont!
Missing character: There is no 5 ("35) in font nullfont!
Missing character: There is no / ("2F) in font nullfont!
Missing character: There is no m ("6D) in font nullfont!
Missing character: There is no e ("65) in font nullfont!
Missing character: There is no t ("74) in font nullfont!
Missing character: There is no r ("72) in font nullfont!
Missing character: There is no i ("69) in font nullfont!
Missing character: There is no c ("63) in font nullfont!
! Missing $ inserted.
<inserted text> 
                $
l.692 ...idth=0.49\textwidth]{figure/chap5/metric_
                                                  throughput_lambda0.003_uni...
I've inserted a begin-math/end-math symbol since I think
you left one out. Proceed, with fingers crossed.

! Extra }, or forgotten $.
l.692 ...etric_throughput_lambda0.003_uniform.pdf}
                                                  
I've deleted a group-closing symbol because it seems to be
spurious, as in `$x}$'. But perhaps the } is legitimate and
you forgot something else, as in `\hbox{$x}'. In such cases
the way to recover is to insert both the forgotten and the
deleted material, e.g., by typing `I$}'.

! Extra }, or forgotten $.
l.694     }
           
I've deleted a group-closing symbol because it seems to be
spurious, as in `$x}$'. But perhaps the } is legitimate and
you forgot something else, as in `\hbox{$x}'. In such cases
the way to recover is to insert both the forgotten and the
deleted material, e.g., by typing `I$}'.

! Undefined control sequence.
l.696     \subfloat
                   [平均时延 $D$]{
The control sequence at the end of the top line
of your error message was never \def'ed. If you have
misspelled it (e.g., `\hobx'), type `I' and the correct
spelling (e.g., `I\hbox'). Otherwise just continue,
and I'll forget about whatever was undefined.

Missing character: There is no 平 ("5E73) in font cmr10!
Missing character: There is no 均 ("5747) in font cmr10!
Missing character: There is no 时 ("65F6) in font cmr10!
Missing character: There is no 延 ("5EF6) in font cmr10!
Missing character: There is no D ("44) in font nullfont!
! Undefined control sequence.
l.697         \includegraphics
                              [width=0.49\textwidth]{figure/chap5/metric_del...
The control sequence at the end of the top line
of your error message was never \def'ed. If you have
misspelled it (e.g., `\hobx'), type `I' and the correct
spelling (e.g., `I\hbox'). Otherwise just continue,
and I'll forget about whatever was undefined.

! Missing number, treated as zero.
<to be read again> 
                   ]
l.697 ...   \includegraphics[width=0.49\textwidth]
                                                  {figure/chap5/metric_delay...
A number should have been here; I inserted `0'.
(If you can't figure out why I needed to see a number,
look up `weird error' in the index to The TeXbook.)

! Illegal unit of measure (pt inserted).
<to be read again> 
                   ]
l.697 ...   \includegraphics[width=0.49\textwidth]
                                                  {figure/chap5/metric_delay...
Dimensions can be in units of em, ex, in, pt, pc,
cm, mm, dd, cc, bp, or sp; but yours is a new one!
I'll assume that you meant to say pt, for printer's points.
To recover gracefully from this error, it's best to
delete the erroneous units; e.g., type `2' to delete
two letters. (See Chapter 27 of The TeXbook.)


! LaTeX Error: There's no line here to end.

See the LaTeX manual or LaTeX Companion for explanation.
Type  H <return>  for immediate help.
 ...                                              
                                                  
l.699     }\\
             
Your command was ignored.
Type  I <command> <return>  to replace it with another command,
or  <return>  to continue without it.

! Missing $ inserted.
<inserted text> 
                $
l.699     }\\
             
I've inserted a begin-math/end-math symbol since I think
you left one out. Proceed, with fingers crossed.


Overfull \hbox (20.0pt too wide) in paragraph at lines 688--699
 [] 
 []


Overfull \hbox (17.86119pt too wide) in paragraph at lines 688--699
 \OML/cmm/m/it/10 ^^U[]$ 
 []


Overfull \hbox (457.15363pt too wide) in paragraph at lines 688--699
 []\OML/cmm/m/it/10 hroughput[]ambda\OT1/cmr/m/n/10 0\OML/cmm/m/it/10 :\OT1/cmr
/m/n/10 003[]\OML/cmm/m/it/10 niform:pdf[]\OT1/cmr/m/n/10 [$$][]$ 
 []

! Undefined control sequence.
<recently read> \subfloat 
                          
l.701     \subfloat
                   [公平性 $J_T$]{
The control sequence at the end of the top line
of your error message was never \def'ed. If you have
misspelled it (e.g., `\hobx'), type `I' and the correct
spelling (e.g., `I\hbox'). Otherwise just continue,
and I'll forget about whatever was undefined.

Missing character: There is no [ ("5B) in font nullfont!
Missing character: There is no 公 ("516C) in font nullfont!
Missing character: There is no 平 ("5E73) in font nullfont!
Missing character: There is no 性 ("6027) in font nullfont!
Missing character: There is no ] ("5D) in font nullfont!
! Undefined control sequence.
l.702         \includegraphics
                              [width=0.49\textwidth]{figure/chap5/metric_fai...
The control sequence at the end of the top line
of your error message was never \def'ed. If you have
misspelled it (e.g., `\hobx'), type `I' and the correct
spelling (e.g., `I\hbox'). Otherwise just continue,
and I'll forget about whatever was undefined.

Missing character: There is no [ ("5B) in font nullfont!
Missing character: There is no w ("77) in font nullfont!
Missing character: There is no i ("69) in font nullfont!
Missing character: There is no d ("64) in font nullfont!
Missing character: There is no t ("74) in font nullfont!
Missing character: There is no h ("68) in font nullfont!
Missing character: There is no = ("3D) in font nullfont!
Missing character: There is no 0 ("30) in font nullfont!
Missing character: There is no . ("2E) in font nullfont!
Missing character: There is no 4 ("34) in font nullfont!
Missing character: There is no 9 ("39) in font nullfont!
! Missing number, treated as zero.
<to be read again> 
                   ]
l.702 ...   \includegraphics[width=0.49\textwidth]
                                                  {figure/chap5/metric_fairn...
A number should have been here; I inserted `0'.
(If you can't figure out why I needed to see a number,
look up `weird error' in the index to The TeXbook.)

! Illegal unit of measure (pt inserted).
<to be read again> 
                   ]
l.702 ...   \includegraphics[width=0.49\textwidth]
                                                  {figure/chap5/metric_fairn...
Dimensions can be in units of em, ex, in, pt, pc,
cm, mm, dd, cc, bp, or sp; but yours is a new one!
I'll assume that you meant to say pt, for printer's points.
To recover gracefully from this error, it's best to
delete the erroneous units; e.g., type `2' to delete
two letters. (See Chapter 27 of The TeXbook.)

Missing character: There is no ] ("5D) in font nullfont!
Missing character: There is no f ("66) in font nullfont!
Missing character: There is no i ("69) in font nullfont!
Missing character: There is no g ("67) in font nullfont!
Missing character: There is no u ("75) in font nullfont!
Missing character: There is no r ("72) in font nullfont!
Missing character: There is no e ("65) in font nullfont!
Missing character: There is no / ("2F) in font nullfont!
Missing character: There is no c ("63) in font nullfont!
Missing character: There is no h ("68) in font nullfont!
Missing character: There is no a ("61) in font nullfont!
Missing character: There is no p ("70) in font nullfont!
Missing character: There is no 5 ("35) in font nullfont!
Missing character: There is no / ("2F) in font nullfont!
Missing character: There is no m ("6D) in font nullfont!
Missing character: There is no e ("65) in font nullfont!
Missing character: There is no t ("74) in font nullfont!
Missing character: There is no r ("72) in font nullfont!
Missing character: There is no i ("69) in font nullfont!
Missing character: There is no c ("63) in font nullfont!
! Missing $ inserted.
<inserted text> 
                $
l.702 ...idth=0.49\textwidth]{figure/chap5/metric_
                                                  fairness_lambda0.003_unifo...
I've inserted a begin-math/end-math symbol since I think
you left one out. Proceed, with fingers crossed.

! Extra }, or forgotten $.
l.702 .../metric_fairness_lambda0.003_uniform.pdf}
                                                  
I've deleted a group-closing symbol because it seems to be
spurious, as in `$x}$'. But perhaps the } is legitimate and
you forgot something else, as in `\hbox{$x}'. In such cases
the way to recover is to insert both the forgotten and the
deleted material, e.g., by typing `I$}'.

! Extra }, or forgotten $.
l.704     }
           
I've deleted a group-closing symbol because it seems to be
spurious, as in `$x}$'. But perhaps the } is legitimate and
you forgot something else, as in `\hbox{$x}'. In such cases
the way to recover is to insert both the forgotten and the
deleted material, e.g., by typing `I$}'.

! Undefined control sequence.
l.706     \subfloat
                   [信令开销 $S$]{
The control sequence at the end of the top line
of your error message was never \def'ed. If you have
misspelled it (e.g., `\hobx'), type `I' and the correct
spelling (e.g., `I\hbox'). Otherwise just continue,
and I'll forget about whatever was undefined.

Missing character: There is no 信 ("4FE1) in font cmr10!
Missing character: There is no 令 ("4EE4) in font cmr10!
Missing character: There is no 开 ("5F00) in font cmr10!
Missing character: There is no 销 ("9500) in font cmr10!
Missing character: There is no S ("53) in font nullfont!
! Undefined control sequence.
l.707         \includegraphics
                              [width=0.49\textwidth]{figure/chap5/metric_sig...
The control sequence at the end of the top line
of your error message was never \def'ed. If you have
misspelled it (e.g., `\hobx'), type `I' and the correct
spelling (e.g., `I\hbox'). Otherwise just continue,
and I'll forget about whatever was undefined.

! Missing number, treated as zero.
<to be read again> 
                   ]
l.707 ...   \includegraphics[width=0.49\textwidth]
                                                  {figure/chap5/metric_signa...
A number should have been here; I inserted `0'.
(If you can't figure out why I needed to see a number,
look up `weird error' in the index to The TeXbook.)

! Illegal unit of measure (pt inserted).
<to be read again> 
                   ]
l.707 ...   \includegraphics[width=0.49\textwidth]
                                                  {figure/chap5/metric_signa...
Dimensions can be in units of em, ex, in, pt, pc,
cm, mm, dd, cc, bp, or sp; but yours is a new one!
I'll assume that you meant to say pt, for printer's points.
To recover gracefully from this error, it's best to
delete the erroneous units; e.g., type `2' to delete
two letters. (See Chapter 27 of The TeXbook.)


! LaTeX Error: \caption outside float.

See the LaTeX manual or LaTeX Companion for explanation.
Type  H <return>  for immediate help.
 ...                                              
                                                  
l.710 ^^I\caption
                 {单节点到达率 $\lambda=0.003$、uniform 流量场景下，代理模型预测曲线（实线）与仿真结果（离散点...

You're in trouble here.  Try typing  <return>  to proceed.
If that doesn't work, type  X <return>  to quit.

! Missing } inserted.
<inserted text> 
                }
l.710 ^^I\caption{单节点到达率 $
                          \lambda=0.003$、uniform 流量场景下，代理模型预测曲线（实线）与仿真结果（离散点...
I've inserted something that you may have forgotten.
(See the <inserted text> above.)
With luck, this will get me unwedged. But if you
really didn't forget anything, try typing `2' now; then
my insertion and my current dilemma will both disappear.

Missing character: There is no 单 ("5355) in font cmr10!
Missing character: There is no 节 ("8282) in font cmr10!
Missing character: There is no 点 ("70B9) in font cmr10!
Missing character: There is no 到 ("5230) in font cmr10!
Missing character: There is no 达 ("8FBE) in font cmr10!
Missing character: There is no 率 ("7387) in font cmr10!
! Missing $ inserted.
<inserted text> 
                $
l.710 ^^I\caption{单节点到达率 $\lambda
                                 =0.003$、uniform 流量场景下，代理模型预测曲线（实线）与仿真结果（离散点...
I've inserted a begin-math/end-math symbol since I think
you left one out. Proceed, with fingers crossed.

Missing character: There is no 、 ("3001) in font nullfont!
Missing character: There is no u ("75) in font nullfont!
Missing character: There is no n ("6E) in font nullfont!
Missing character: There is no i ("69) in font nullfont!
Missing character: There is no f ("66) in font nullfont!
Missing character: There is no o ("6F) in font nullfont!
Missing character: There is no r ("72) in font nullfont!
Missing character: There is no m ("6D) in font nullfont!
Missing character: There is no 流 ("6D41) in font nullfont!
Missing character: There is no 量 ("91CF) in font nullfont!
Missing character: There is no 场 ("573A) in font nullfont!
Missing character: There is no 景 ("666F) in font nullfont!
Missing character: There is no 下 ("4E0B) in font nullfont!
Missing character: There is no ， ("FF0C) in font nullfont!
Missing character: There is no 代 ("4EE3) in font nullfont!
Missing character: There is no 理 ("7406) in font nullfont!
Missing character: There is no 模 ("6A21) in font nullfont!
Missing character: There is no 型 ("578B) in font nullfont!
Missing character: There is no 预 ("9884) in font nullfont!
Missing character: There is no 测 ("6D4B) in font nullfont!
Missing character: There is no 曲 ("66F2) in font nullfont!
Missing character: There is no 线 ("7EBF) in font nullfont!
Missing character: There is no （ ("FF08) in font nullfont!
Missing character: There is no 实 ("5B9E) in font nullfont!
Missing character: There is no 线 ("7EBF) in font nullfont!
Missing character: There is no ） ("FF09) in font nullfont!
Missing character: There is no 与 ("4E0E) in font nullfont!
Missing character: There is no 仿 ("4EFF) in font nullfont!
Missing character: There is no 真 ("771F) in font nullfont!
Missing character: There is no 结 ("7ED3) in font nullfont!
Missing character: There is no 果 ("679C) in font nullfont!
Missing character: There is no （ ("FF08) in font nullfont!
Missing character: There is no 离 ("79BB) in font nullfont!
Missing character: There is no 散 ("6563) in font nullfont!
Missing character: There is no 点 ("70B9) in font nullfont!
Missing character: There is no ） ("FF09) in font nullfont!
Missing character: There is no 的 ("7684) in font nullfont!
Missing character: There is no 性 ("6027) in font nullfont!
Missing character: There is no 能 ("80FD) in font nullfont!
Missing character: There is no 对 ("5BF9) in font nullfont!
Missing character: There is no 比 ("6BD4) in font nullfont!
Missing character: There is no 。 ("3002) in font nullfont!

Overfull \hbox (11.84479pt too wide) in paragraph at lines 701--710
 \OML/cmm/m/it/10 J[]$ 
 []


Overfull \hbox (481.22546pt too wide) in paragraph at lines 701--710
 []\OML/cmm/m/it/10 airness[]ambda\OT1/cmr/m/n/10 0\OML/cmm/m/it/10 :\OT1/cmr/m
/n/10 003[]\OML/cmm/m/it/10 niform:pdf[]\OT1/cmr/m/n/10 [$$][][]$$\OML/cmm/m/it
/10 ^^U \OT1/cmr/m/n/10 = 
 []


Overfull \hbox (22.77785pt too wide) in paragraph at lines 701--710
 \OT1/cmr/m/n/10 0\OML/cmm/m/it/10 :\OT1/cmr/m/n/10 003$ 
 []

Missing character: There is no ( ("28) in font nullfont!
Missing character: There is no a ("61) in font nullfont!
Missing character: There is no ) ("29) in font nullfont!
Missing character: There is no 吞 ("541E) in font nullfont!
Missing character: There is no 吐 ("5410) in font nullfont!
Missing character: There is no 量 ("91CF) in font nullfont!
Missing character: There is no ： ("FF1A) in font nullfont!
Missing character: There is no 展 ("5C55) in font nullfont!
Missing character: There is no 示 ("793A) in font nullfont!
Missing character: There is no 不 ("4E0D) in font nullfont!
Missing character: There is no 同 ("540C) in font nullfont!
Missing character: There is no 协 ("534F) in font nullfont!
Missing character: There is no 议 ("8BAE) in font nullfont!
Missing character: There is no 参 ("53C2) in font nullfont!
Missing character: There is no 数 ("6570) in font nullfont!
Missing character: There is no 下 ("4E0B) in font nullfont!
Missing character: There is no 系 ("7CFB) in font nullfont!
Missing character: There is no 统 ("7EDF) in font nullfont!
Missing character: There is no 的 ("7684) in font nullfont!
Missing character: There is no 吞 ("541E) in font nullfont!
Missing character: There is no 吐 ("5410) in font nullfont!
Missing character: There is no 能 ("80FD) in font nullfont!
Missing character: There is no 力 ("529B) in font nullfont!
Missing character: There is no ， ("FF0C) in font nullfont!
Missing character: There is no 预 ("9884) in font nullfont!
Missing character: There is no 测 ("6D4B) in font nullfont!
Missing character: There is no 曲 ("66F2) in font nullfont!
Missing character: There is no 线 ("7EBF) in font nullfont!
Missing character: There is no 与 ("4E0E) in font nullfont!
Missing character: There is no 仿 ("4EFF) in font nullfont!
Missing character: There is no 真 ("771F) in font nullfont!
Missing character: There is no 点 ("70B9) in font nullfont!
Missing character: There is no 在 ("5728) in font nullfont!
Missing character: There is no 主 ("4E3B) in font nullfont!
Missing character: There is no 要 ("8981) in font nullfont!
Missing character: There is no 拐 ("62D0) in font nullfont!
Missing character: There is no 点 ("70B9) in font nullfont!
Missing character: There is no 附 ("9644) in font nullfont!
Missing character: There is no 近 ("8FD1) in font nullfont!
Missing character: There is no 一 ("4E00) in font nullfont!
Missing character: There is no 致 ("81F4) in font nullfont!
Missing character: There is no 。 ("3002) in font nullfont!

Overfull \hbox (17.86119pt too wide) in paragraph at lines 711--711
 \OML/cmm/m/it/10 ^^U[]$ 
 []

Missing character: There is no ( ("28) in font nullfont!
Missing character: There is no b ("62) in font nullfont!
Missing character: There is no ) ("29) in font nullfont!
Missing character: There is no 平 ("5E73) in font nullfont!
Missing character: There is no 均 ("5747) in font nullfont!
Missing character: There is no 时 ("65F6) in font nullfont!
Missing character: There is no 延 ("5EF6) in font nullfont!
Missing character: There is no ： ("FF1A) in font nullfont!
Missing character: There is no 反 ("53CD) in font nullfont!
Missing character: There is no 映 ("6620) in font nullfont!
Missing character: There is no 数 ("6570) in font nullfont!
Missing character: There is no 据 ("636E) in font nullfont!
Missing character: There is no 包 ("5305) in font nullfont!
Missing character: There is no 平 ("5E73) in font nullfont!
Missing character: There is no 均 ("5747) in font nullfont!
Missing character: There is no 传 ("4F20) in font nullfont!
Missing character: There is no 输 ("8F93) in font nullfont!
Missing character: There is no 时 ("65F6) in font nullfont!
Missing character: There is no 延 ("5EF6) in font nullfont!
Missing character: There is no ， ("FF0C) in font nullfont!
Missing character: There is no 预 ("9884) in font nullfont!
Missing character: There is no 测 ("6D4B) in font nullfont!
Missing character: There is no 曲 ("66F2) in font nullfont!
Missing character: There is no 线 ("7EBF) in font nullfont!
Missing character: There is no 与 ("4E0E) in font nullfont!
Missing character: There is no 仿 ("4EFF) in font nullfont!
Missing character: There is no 真 ("771F) in font nullfont!
Missing character: There is no 点 ("70B9) in font nullfont!
Missing character: There is no 在 ("5728) in font nullfont!
Missing character: There is no 参 ("53C2) in font nullfont!
Missing character: There is no 数 ("6570) in font nullfont!
Missing character: There is no 区 ("533A) in font nullfont!
Missing character: There is no 间 ("95F4) in font nullfont!
Missing character: There is no 内 ("5185) in font nullfont!
Missing character: There is no 对 ("5BF9) in font nullfont!
Missing character: There is no 齐 ("9F50) in font nullfont!
Missing character: There is no 。 ("3002) in font nullfont!

Overfull \hbox (8.55695pt too wide) in paragraph at lines 712--712
 \OML/cmm/m/it/10 D$ 
 []

Missing character: There is no ( ("28) in font nullfont!
Missing character: There is no c ("63) in font nullfont!
Missing character: There is no ) ("29) in font nullfont!
Missing character: There is no 公 ("516C) in font nullfont!
Missing character: There is no 平 ("5E73) in font nullfont!
Missing character: There is no 性 ("6027) in font nullfont!
Missing character: There is no ： ("FF1A) in font nullfont!
Missing character: There is no 衡 ("8861) in font nullfont!
Missing character: There is no 量 ("91CF) in font nullfont!
Missing character: There is no 节 ("8282) in font nullfont!
Missing character: There is no 点 ("70B9) in font nullfont!
Missing character: There is no 资 ("8D44) in font nullfont!
Missing character: There is no 源 ("6E90) in font nullfont!
Missing character: There is no 分 ("5206) in font nullfont!
Missing character: There is no 配 ("914D) in font nullfont!
Missing character: There is no 均 ("5747) in font nullfont!
Missing character: There is no 衡 ("8861) in font nullfont!
Missing character: There is no 性 ("6027) in font nullfont!
Missing character: There is no ， ("FF0C) in font nullfont!
Missing character: There is no 预 ("9884) in font nullfont!
Missing character: There is no 测 ("6D4B) in font nullfont!
Missing character: There is no 曲 ("66F2) in font nullfont!
Missing character: There is no 线 ("7EBF) in font nullfont!
Missing character: There is no 能 ("80FD) in font nullfont!
Missing character: There is no 反 ("53CD) in font nullfont!
Missing character: There is no 映 ("6620) in font nullfont!
Missing character: There is no 参 ("53C2) in font nullfont!
Missing character: There is no 数 ("6570) in font nullfont!
Missing character: There is no 变 ("53D8) in font nullfont!
Missing character: There is no 化 ("5316) in font nullfont!
Missing character: There is no 对 ("5BF9) in font nullfont!
Missing character: There is no 公 ("516C) in font nullfont!
Missing character: There is no 平 ("5E73) in font nullfont!
Missing character: There is no 性 ("6027) in font nullfont!
Missing character: There is no 的 ("7684) in font nullfont!
Missing character: There is no 影 ("5F71) in font nullfont!
Missing character: There is no 响 ("54CD) in font nullfont!
Missing character: There is no 。 ("3002) in font nullfont!

Overfull \hbox (11.84479pt too wide) in paragraph at lines 713--713
 \OML/cmm/m/it/10 J[]$ 
 []

Missing character: There is no ( ("28) in font nullfont!
Missing character: There is no d ("64) in font nullfont!
Missing character: There is no ) ("29) in font nullfont!
Missing character: There is no 信 ("4FE1) in font nullfont!
Missing character: There is no 令 ("4EE4) in font nullfont!
Missing character: There is no 开 ("5F00) in font nullfont!
Missing character: There is no 销 ("9500) in font nullfont!
Missing character: There is no ： ("FF1A) in font nullfont!
Missing character: There is no 描 ("63CF) in font nullfont!
Missing character: There is no 述 ("8FF0) in font nullfont!
Missing character: There is no 系 ("7CFB) in font nullfont!
Missing character: There is no 统 ("7EDF) in font nullfont!
Missing character: There is no 信 ("4FE1) in font nullfont!
Missing character: There is no 令 ("4EE4) in font nullfont!
Missing character: There is no 消 ("6D88) in font nullfont!
Missing character: There is no 耗 ("8017) in font nullfont!
Missing character: There is no ， ("FF0C) in font nullfont!
Missing character: There is no 预 ("9884) in font nullfont!
Missing character: There is no 测 ("6D4B) in font nullfont!
Missing character: There is no 与 ("4E0E) in font nullfont!
Missing character: There is no 仿 ("4EFF) in font nullfont!
Missing character: There is no 真 ("771F) in font nullfont!
Missing character: There is no 结 ("7ED3) in font nullfont!
Missing character: There is no 果 ("679C) in font nullfont!
Missing character: There is no 在 ("5728) in font nullfont!
Missing character: There is no 整 ("6574) in font nullfont!
Missing character: There is no 体 ("4F53) in font nullfont!
Missing character: There is no 趋 ("8D8B) in font nullfont!
Missing character: There is no 势 ("52BF) in font nullfont!
Missing character: There is no 上 ("4E0A) in font nullfont!
Missing character: There is no 吻 ("543B) in font nullfont!
Missing character: There is no 合 ("5408) in font nullfont!
Missing character: There is no 。 ("3002) in font nullfont!

! LaTeX Error: \begin{document} ended by \end{figure}.

See the LaTeX manual or LaTeX Companion for explanation.
Type  H <return>  for immediate help.
 ...                                              
                                                  
l.716 \end{figure}
                  
Your command was ignored.
Type  I <command> <return>  to replace it with another command,
or  <return>  to continue without it.

! Missing } inserted.
<inserted text> 
                }
l.716 \end{figure}
                  
I've inserted something that you may have forgotten.
(See the <inserted text> above.)
With luck, this will get me unwedged. But if you
really didn't forget anything, try typing `2' now; then
my insertion and my current dilemma will both disappear.

! Missing } inserted.
<inserted text> 
                }
l.716 \end{figure}
                  
I've inserted something that you may have forgotten.
(See the <inserted text> above.)
With luck, this will get me unwedged. But if you
really didn't forget anything, try typing `2' now; then
my insertion and my current dilemma will both disappear.

! Missing } inserted.
<inserted text> 
                }
l.716 \end{figure}
                  
I've inserted something that you may have forgotten.
(See the <inserted text> above.)
With luck, this will get me unwedged. But if you
really didn't forget anything, try typing `2' now; then
my insertion and my current dilemma will both disappear.


Overfull \hbox (6.70831pt too wide) in paragraph at lines 714--717
\OML/cmm/m/it/10 S$
 []


! LaTeX Error: Environment figure undefined.

See the LaTeX manual or LaTeX Companion for explanation.
Type  H <return>  for immediate help.
 ...                                              
                                                  
l.718 \begin{figure}
                    [t]
Your command was ignored.
Type  I <command> <return>  to replace it with another command,
or  <return>  to continue without it.

Missing character: There is no [ ("5B) in font nullfont!
Missing character: There is no t ("74) in font nullfont!
Missing character: There is no ] ("5D) in font nullfont!
! Undefined control sequence.
l.720 ^^I\subfloat
                  [吞吐优先]{
The control sequence at the end of the top line
of your error message was never \def'ed. If you have
misspelled it (e.g., `\hobx'), type `I' and the correct
spelling (e.g., `I\hbox'). Otherwise just continue,
and I'll forget about whatever was undefined.

Missing character: There is no [ ("5B) in font nullfont!
Missing character: There is no 吞 ("541E) in font nullfont!
Missing character: There is no 吐 ("5410) in font nullfont!
Missing character: There is no 优 ("4F18) in font nullfont!
Missing character: There is no 先 ("5148) in font nullfont!
Missing character: There is no ] ("5D) in font nullfont!
! Undefined control sequence.
l.721 ^^I^^I\includegraphics
                            [width=0.48\textwidth]{figure/chap5/utility_thro...
The control sequence at the end of the top line
of your error message was never \def'ed. If you have
misspelled it (e.g., `\hobx'), type `I' and the correct
spelling (e.g., `I\hbox'). Otherwise just continue,
and I'll forget about whatever was undefined.

Missing character: There is no [ ("5B) in font nullfont!
Missing character: There is no w ("77) in font nullfont!
Missing character: There is no i ("69) in font nullfont!
Missing character: There is no d ("64) in font nullfont!
Missing character: There is no t ("74) in font nullfont!
Missing character: There is no h ("68) in font nullfont!
Missing character: There is no = ("3D) in font nullfont!
Missing character: There is no 0 ("30) in font nullfont!
Missing character: There is no . ("2E) in font nullfont!
Missing character: There is no 4 ("34) in font nullfont!
Missing character: There is no 8 ("38) in font nullfont!
! Missing number, treated as zero.
<to be read again> 
                   ]
l.721 ^^I^^I\includegraphics[width=0.48\textwidth]
                                                  {figure/chap5/utility_thro...
A number should have been here; I inserted `0'.
(If you can't figure out why I needed to see a number,
look up `weird error' in the index to The TeXbook.)

! Illegal unit of measure (pt inserted).
<to be read again> 
                   ]
l.721 ^^I^^I\includegraphics[width=0.48\textwidth]
                                                  {figure/chap5/utility_thro...
Dimensions can be in units of em, ex, in, pt, pc,
cm, mm, dd, cc, bp, or sp; but yours is a new one!
I'll assume that you meant to say pt, for printer's points.
To recover gracefully from this error, it's best to
delete the erroneous units; e.g., type `2' to delete
two letters. (See Chapter 27 of The TeXbook.)

Missing character: There is no ] ("5D) in font nullfont!
Missing character: There is no f ("66) in font nullfont!
Missing character: There is no i ("69) in font nullfont!
Missing character: There is no g ("67) in font nullfont!
Missing character: There is no u ("75) in font nullfont!
Missing character: There is no r ("72) in font nullfont!
Missing character: There is no e ("65) in font nullfont!
Missing character: There is no / ("2F) in font nullfont!
Missing character: There is no c ("63) in font nullfont!
Missing character: There is no h ("68) in font nullfont!
Missing character: There is no a ("61) in font nullfont!
Missing character: There is no p ("70) in font nullfont!
Missing character: There is no 5 ("35) in font nullfont!
Missing character: There is no / ("2F) in font nullfont!
Missing character: There is no u ("75) in font nullfont!
Missing character: There is no t ("74) in font nullfont!
Missing character: There is no i ("69) in font nullfont!
Missing character: There is no l ("6C) in font nullfont!
Missing character: There is no i ("69) in font nullfont!
Missing character: There is no t ("74) in font nullfont!
Missing character: There is no y ("79) in font nullfont!
! Missing $ inserted.
<inserted text> 
                $
l.721 ...dth=0.48\textwidth]{figure/chap5/utility_
                                                  throughput_priority_lambda...
I've inserted a begin-math/end-math symbol since I think
you left one out. Proceed, with fingers crossed.

! Extra }, or forgotten $.
l.721 ...oughput_priority_lambda0.003_uniform.pdf}
                                                  
I've deleted a group-closing symbol because it seems to be
spurious, as in `$x}$'. But perhaps the } is legitimate and
you forgot something else, as in `\hbox{$x}'. In such cases
the way to recover is to insert both the forgotten and the
deleted material, e.g., by typing `I$}'.

! Extra }, or forgotten $.
l.723 ^^I}
          
I've deleted a group-closing symbol because it seems to be
spurious, as in `$x}$'. But perhaps the } is legitimate and
you forgot something else, as in `\hbox{$x}'. In such cases
the way to recover is to insert both the forgotten and the
deleted material, e.g., by typing `I$}'.

! Undefined control sequence.
l.725 ^^I\subfloat
                  [时延优先]{
The control sequence at the end of the top line
of your error message was never \def'ed. If you have
misspelled it (e.g., `\hobx'), type `I' and the correct
spelling (e.g., `I\hbox'). Otherwise just continue,
and I'll forget about whatever was undefined.

! Undefined control sequence.
l.726 ^^I^^I\includegraphics
                            [width=0.48\textwidth]{figure/chap5/utility_dela...
The control sequence at the end of the top line
of your error message was never \def'ed. If you have
misspelled it (e.g., `\hobx'), type `I' and the correct
spelling (e.g., `I\hbox'). Otherwise just continue,
and I'll forget about whatever was undefined.

! Missing number, treated as zero.
<to be read again> 
                   ]
l.726 ^^I^^I\includegraphics[width=0.48\textwidth]
                                                  {figure/chap5/utility_dela...
A number should have been here; I inserted `0'.
(If you can't figure out why I needed to see a number,
look up `weird error' in the index to The TeXbook.)

! Illegal unit of measure (pt inserted).
<to be read again> 
                   ]
l.726 ^^I^^I\includegraphics[width=0.48\textwidth]
                                                  {figure/chap5/utility_dela...
Dimensions can be in units of em, ex, in, pt, pc,
cm, mm, dd, cc, bp, or sp; but yours is a new one!
I'll assume that you meant to say pt, for printer's points.
To recover gracefully from this error, it's best to
delete the erroneous units; e.g., type `2' to delete
two letters. (See Chapter 27 of The TeXbook.)

! Undefined control sequence.
l.730 ^^I\subfloat
                  [信令优先]{
The control sequence at the end of the top line
of your error message was never \def'ed. If you have
misspelled it (e.g., `\hobx'), type `I' and the correct
spelling (e.g., `I\hbox'). Otherwise just continue,
and I'll forget about whatever was undefined.

! Undefined control sequence.
l.731 ^^I^^I\includegraphics
                            [width=0.55\textwidth]{figure/chap5/utility_sign...
The control sequence at the end of the top line
of your error message was never \def'ed. If you have
misspelled it (e.g., `\hobx'), type `I' and the correct
spelling (e.g., `I\hbox'). Otherwise just continue,
and I'll forget about whatever was undefined.

! Missing number, treated as zero.
<to be read again> 
                   ]
l.731 ^^I^^I\includegraphics[width=0.55\textwidth]
                                                  {figure/chap5/utility_sign...
A number should have been here; I inserted `0'.
(If you can't figure out why I needed to see a number,
look up `weird error' in the index to The TeXbook.)

! Illegal unit of measure (pt inserted).
<to be read again> 
                   ]
l.731 ^^I^^I\includegraphics[width=0.55\textwidth]
                                                  {figure/chap5/utility_sign...
Dimensions can be in units of em, ex, in, pt, pc,
cm, mm, dd, cc, bp, or sp; but yours is a new one!
I'll assume that you meant to say pt, for printer's points.
To recover gracefully from this error, it's best to
delete the erroneous units; e.g., type `2' to delete
two letters. (See Chapter 27 of The TeXbook.)


! LaTeX Error: \caption outside float.

See the LaTeX manual or LaTeX Companion for explanation.
Type  H <return>  for immediate help.
 ...                                              
                                                  
l.734 ^^I\caption
                 {均匀流量、$\lambda=0.003$ 场景下，不同权重偏好对应的综合效用 $U$ 曲线对比。}
You're in trouble here.  Try typing  <return>  to proceed.
If that doesn't work, type  X <return>  to quit.

! Missing } inserted.
<inserted text> 
                }
l.734 ^^I\caption{均匀流量、$
                        \lambda=0.003$ 场景下，不同权重偏好对应的综合效用 $U$ 曲线对比。}
I've inserted something that you may have forgotten.
(See the <inserted text> above.)
With luck, this will get me unwedged. But if you
really didn't forget anything, try typing `2' now; then
my insertion and my current dilemma will both disappear.

Missing character: There is no 时 ("65F6) in font cmr10!
Missing character: There is no 延 ("5EF6) in font cmr10!
Missing character: There is no 优 ("4F18) in font cmr10!
Missing character: There is no 先 ("5148) in font cmr10!
Missing character: There is no 信 ("4FE1) in font cmr10!
Missing character: There is no 令 ("4EE4) in font cmr10!
Missing character: There is no 优 ("4F18) in font cmr10!
Missing character: There is no 先 ("5148) in font cmr10!
Missing character: There is no 均 ("5747) in font cmr10!
Missing character: There is no 匀 ("5300) in font cmr10!
Missing character: There is no 流 ("6D41) in font cmr10!
Missing character: There is no 量 ("91CF) in font cmr10!
Missing character: There is no 、 ("3001) in font cmr10!
! Missing $ inserted.
<inserted text> 
                $
l.734 ^^I\caption{均匀流量、$\lambda
                               =0.003$ 场景下，不同权重偏好对应的综合效用 $U$ 曲线对比。}
I've inserted a begin-math/end-math symbol since I think
you left one out. Proceed, with fingers crossed.

Missing character: There is no 场 ("573A) in font nullfont!
Missing character: There is no 景 ("666F) in font nullfont!
Missing character: There is no 下 ("4E0B) in font nullfont!
Missing character: There is no ， ("FF0C) in font nullfont!
Missing character: There is no 不 ("4E0D) in font nullfont!
Missing character: There is no 同 ("540C) in font nullfont!
Missing character: There is no 权 ("6743) in font nullfont!
Missing character: There is no 重 ("91CD) in font nullfont!
Missing character: There is no 偏 ("504F) in font nullfont!
Missing character: There is no 好 ("597D) in font nullfont!
Missing character: There is no 对 ("5BF9) in font nullfont!
Missing character: There is no 应 ("5E94) in font nullfont!
Missing character: There is no 的 ("7684) in font nullfont!
Missing character: There is no 综 ("7EFC) in font nullfont!
Missing character: There is no 合 ("5408) in font nullfont!
Missing character: There is no 效 ("6548) in font nullfont!
Missing character: There is no 用 ("7528) in font nullfont!
Missing character: There is no 曲 ("66F2) in font nullfont!
Missing character: There is no 线 ("7EBF) in font nullfont!
Missing character: There is no 对 ("5BF9) in font nullfont!
Missing character: There is no 比 ("6BD4) in font nullfont!
Missing character: There is no 。 ("3002) in font nullfont!

! LaTeX Error: \begin{document} ended by \end{figure}.

See the LaTeX manual or LaTeX Companion for explanation.
Type  H <return>  for immediate help.
 ...                                              
                                                  
l.736 \end{figure}
                  
Your command was ignored.
Type  I <command> <return>  to replace it with another command,
or  <return>  to continue without it.

! Missing } inserted.
<inserted text> 
                }
l.736 \end{figure}
                  
I've inserted something that you may have forgotten.
(See the <inserted text> above.)
With luck, this will get me unwedged. But if you
really didn't forget anything, try typing `2' now; then
my insertion and my current dilemma will both disappear.

! Undefined control sequence.
l.737 \subsection
                 {代理模型曲线一致性与效用曲线对比说明}
The control sequence at the end of the top line
of your error message was never \def'ed. If you have
misspelled it (e.g., `\hobx'), type `I' and the correct
spelling (e.g., `I\hbox'). Otherwise just continue,
and I'll forget about whatever was undefined.

Missing character: There is no 代 ("4EE3) in font nullfont!
Missing character: There is no 理 ("7406) in font nullfont!
Missing character: There is no 模 ("6A21) in font nullfont!
Missing character: There is no 型 ("578B) in font nullfont!
Missing character: There is no 曲 ("66F2) in font nullfont!
Missing character: There is no 线 ("7EBF) in font nullfont!
Missing character: There is no 一 ("4E00) in font nullfont!
Missing character: There is no 致 ("81F4) in font nullfont!
Missing character: There is no 性 ("6027) in font nullfont!
Missing character: There is no 与 ("4E0E) in font nullfont!
Missing character: There is no 效 ("6548) in font nullfont!
Missing character: There is no 用 ("7528) in font nullfont!
Missing character: There is no 曲 ("66F2) in font nullfont!
Missing character: There is no 线 ("7EBF) in font nullfont!
Missing character: There is no 对 ("5BF9) in font nullfont!
Missing character: There is no 比 ("6BD4) in font nullfont!
Missing character: There is no 说 ("8BF4) in font nullfont!
Missing character: There is no 明 ("660E) in font nullfont!
Missing character: There is no 为 ("4E3A) in font nullfont!
Missing character: There is no 评 ("8BC4) in font nullfont!
Missing character: There is no 估 ("4F30) in font nullfont!
Missing character: There is no 代 ("4EE3) in font nullfont!
Missing character: There is no 理 ("7406) in font nullfont!
Missing character: There is no 模 ("6A21) in font nullfont!
Missing character: There is no 型 ("578B) in font nullfont!
Missing character: There is no 的 ("7684) in font nullfont!
Missing character: There is no 拟 ("62DF) in font nullfont!
Missing character: There is no 合 ("5408) in font nullfont!
Missing character: There is no 程 ("7A0B) in font nullfont!
Missing character: There is no 度 ("5EA6) in font nullfont!
Missing character: There is no ， ("FF0C) in font nullfont!
Missing character: There is no 本 ("672C) in font nullfont!
Missing character: There is no 节 ("8282) in font nullfont!
Missing character: There is no 以 ("4EE5) in font nullfont!
Missing character: There is no 均 ("5747) in font nullfont!
Missing character: There is no 匀 ("5300) in font nullfont!
Missing character: There is no 流 ("6D41) in font nullfont!
Missing character: There is no 量 ("91CF) in font nullfont!
Missing character: There is no 、 ("3001) in font nullfont!
Missing character: There is no 单 ("5355) in font nullfont!
Missing character: There is no 节 ("8282) in font nullfont!
Missing character: There is no 点 ("70B9) in font nullfont!
Missing character: There is no 到 ("5230) in font nullfont!
Missing character: There is no 达 ("8FBE) in font nullfont!
Missing character: There is no 率 ("7387) in font nullfont!
Missing character: There is no 为 ("4E3A) in font nullfont!
Missing character: There is no 例 ("4F8B) in font nullfont!
Missing character: There is no ， ("FF0C) in font nullfont!
Missing character: There is no 对 ("5BF9) in font nullfont!
Missing character: There is no 不 ("4E0D) in font nullfont!
Missing character: There is no 同 ("540C) in font nullfont!
Missing character: There is no 协 ("534F) in font nullfont!
Missing character: There is no 议 ("8BAE) in font nullfont!
Missing character: There is no 参 ("53C2) in font nullfont!
Missing character: There is no 数 ("6570) in font nullfont!
Missing character: There is no 下 ("4E0B) in font nullfont!
Missing character: There is no 的 ("7684) in font nullfont!
Missing character: There is no 性 ("6027) in font nullfont!
Missing character: There is no 能 ("80FD) in font nullfont!
Missing character: There is no 曲 ("66F2) in font nullfont!
Missing character: There is no 线 ("7EBF) in font nullfont!
Missing character: There is no 进 ("8FDB) in font nullfont!
Missing character: There is no 行 ("884C) in font nullfont!
Missing character: There is no 对 ("5BF9) in font nullfont!
Missing character: There is no 比 ("6BD4) in font nullfont!
Missing character: There is no 。 ("3002) in font nullfont!
Missing character: There is no 图 ("56FE) in font nullfont!
! Undefined control sequence.
<write> ...i_vs_sim_uniform_003' on page \thepage 
                                                  \space undefined\on@line .^^J
l.738 ...能曲线进行对比。图~\ref{fig:ai_vs_sim_uniform_003}
                                                   中实线为预测、离散点为仿真结果，四类指标在参数区间...
The control sequence at the end of the top line
of your error message was never \def'ed. If you have
misspelled it (e.g., `\hobx'), type `I' and the correct
spelling (e.g., `I\hbox'). Otherwise just continue,
and I'll forget about whatever was undefined.


LaTeX Warning: Reference `fig:ai_vs_sim_uniform_003' on page  undefined on inpu
t line 738.

Missing character: There is no 中 ("4E2D) in font nullfont!
Missing character: There is no 实 ("5B9E) in font nullfont!
Missing character: There is no 线 ("7EBF) in font nullfont!
Missing character: There is no 为 ("4E3A) in font nullfont!
Missing character: There is no 预 ("9884) in font nullfont!
Missing character: There is no 测 ("6D4B) in font nullfont!
Missing character: There is no 、 ("3001) in font nullfont!
Missing character: There is no 离 ("79BB) in font nullfont!
Missing character: There is no 散 ("6563) in font nullfont!
Missing character: There is no 点 ("70B9) in font nullfont!
Missing character: There is no 为 ("4E3A) in font nullfont!
Missing character: There is no 仿 ("4EFF) in font nullfont!
Missing character: There is no 真 ("771F) in font nullfont!
Missing character: There is no 结 ("7ED3) in font nullfont!
Missing character: There is no 果 ("679C) in font nullfont!
Missing character: There is no ， ("FF0C) in font nullfont!
Missing character: There is no 四 ("56DB) in font nullfont!
Missing character: There is no 类 ("7C7B) in font nullfont!
Missing character: There is no 指 ("6307) in font nullfont!
Missing character: There is no 标 ("6807) in font nullfont!
Missing character: There is no 在 ("5728) in font nullfont!
Missing character: There is no 参 ("53C2) in font nullfont!
Missing character: There is no 数 ("6570) in font nullfont!
Missing character: There is no 区 ("533A) in font nullfont!
Missing character: There is no 间 ("95F4) in font nullfont!
Missing character: There is no 内 ("5185) in font nullfont!
Missing character: There is no 的 ("7684) in font nullfont!
Missing character: There is no 变 ("53D8) in font nullfont!
Missing character: There is no 化 ("5316) in font nullfont!
Missing character: There is no 趋 ("8D8B) in font nullfont!
Missing character: There is no 势 ("52BF) in font nullfont!
Missing character: There is no 一 ("4E00) in font nullfont!
Missing character: There is no 致 ("81F4) in font nullfont!
Missing character: There is no ， ("FF0C) in font nullfont!
Missing character: There is no 峰 ("5CF0) in font nullfont!
Missing character: There is no 值 ("503C) in font nullfont!
Missing character: There is no 与 ("4E0E) in font nullfont!
Missing character: There is no 拐 ("62D0) in font nullfont!
Missing character: There is no 点 ("70B9) in font nullfont!
Missing character: There is no 位 ("4F4D) in font nullfont!
Missing character: There is no 置 ("7F6E) in font nullfont!
Missing character: There is no 可 ("53EF) in font nullfont!
Missing character: There is no 对 ("5BF9) in font nullfont!
Missing character: There is no 齐 ("9F50) in font nullfont!
Missing character: There is no 。 ("3002) in font nullfont!

Overfull \hbox (20.0pt too wide) in paragraph at lines 718--739
[]
 []


Overfull \hbox (888.54051pt too wide) in paragraph at lines 718--739
[]\OML/cmm/m/it/10 hroughput[]riority[]ambda\OT1/cmr/m/n/10 0\OML/cmm/m/it/10 :
\OT1/cmr/m/n/10 003[]\OML/cmm/m/it/10 niform:pdf[] \OT1/cmr/m/n/10 [][] [][][]$
$\OML/cmm/m/it/10 ^^U \OT1/cmr/m/n/10 =
 []


Overfull \hbox (22.77785pt too wide) in paragraph at lines 718--739
\OT1/cmr/m/n/10 0\OML/cmm/m/it/10 :\OT1/cmr/m/n/10 003$
 []


Overfull \hbox (7.91803pt too wide) in paragraph at lines 718--739
\OML/cmm/m/it/10 U$
 []


Overfull \hbox (16.38887pt too wide) in paragraph at lines 718--739
\OML/cmm/m/it/10 ^^U \OT1/cmr/m/n/10 =
 []


Overfull \hbox (22.77785pt too wide) in paragraph at lines 718--739
\OT1/cmr/m/n/10 0\OML/cmm/m/it/10 :\OT1/cmr/m/n/10 003$
 []


Overfull \hbox (4.8229pt too wide) in paragraph at lines 718--739
\OML/cmm/m/it/10 q$
 []


Overfull \hbox (10.86pt too wide) in paragraph at lines 718--739
[]
 []

Missing character: There is no 进 ("8FDB) in font nullfont!
Missing character: There is no 一 ("4E00) in font nullfont!
Missing character: There is no 步 ("6B65) in font nullfont!
Missing character: There is no ， ("FF0C) in font nullfont!
Missing character: There is no 为 ("4E3A) in font nullfont!
Missing character: There is no 反 ("53CD) in font nullfont!
Missing character: There is no 映 ("6620) in font nullfont!
Missing character: There is no 不 ("4E0D) in font nullfont!
Missing character: There is no 同 ("540C) in font nullfont!
Missing character: There is no 业 ("4E1A) in font nullfont!
Missing character: There is no 务 ("52A1) in font nullfont!
Missing character: There is no 偏 ("504F) in font nullfont!
Missing character: There is no 好 ("597D) in font nullfont!
Missing character: There is no 下 ("4E0B) in font nullfont!
Missing character: There is no 的 ("7684) in font nullfont!
Missing character: There is no 综 ("7EFC) in font nullfont!
Missing character: There is no 合 ("5408) in font nullfont!
Missing character: There is no 性 ("6027) in font nullfont!
Missing character: There is no 能 ("80FD) in font nullfont!
Missing character: There is no ， ("FF0C) in font nullfont!
Missing character: There is no 本 ("672C) in font nullfont!
Missing character: There is no 节 ("8282) in font nullfont!
Missing character: There is no 同 ("540C) in font nullfont!
Missing character: There is no 时 ("65F6) in font nullfont!
Missing character: There is no 考 ("8003) in font nullfont!
Missing character: There is no 察 ("5BDF) in font nullfont!
Missing character: There is no 效 ("6548) in font nullfont!
Missing character: There is no 用 ("7528) in font nullfont!
Missing character: There is no 函 ("51FD) in font nullfont!
Missing character: There is no 数 ("6570) in font nullfont!
Missing character: There is no 的 ("7684) in font nullfont!
Missing character: There is no 变 ("53D8) in font nullfont!
Missing character: There is no 化 ("5316) in font nullfont!
Missing character: There is no 趋 ("8D8B) in font nullfont!
Missing character: There is no 势 ("52BF) in font nullfont!
Missing character: There is no ， ("FF0C) in font nullfont!
Missing character: There is no 并 ("5E76) in font nullfont!
Missing character: There is no 将 ("5C06) in font nullfont!
Missing character: There is no 三 ("4E09) in font nullfont!
Missing character: There is no 种 ("79CD) in font nullfont!
Missing character: There is no 典 ("5178) in font nullfont!
Missing character: There is no 型 ("578B) in font nullfont!
Missing character: There is no 权 ("6743) in font nullfont!
Missing character: There is no 重 ("91CD) in font nullfont!
Missing character: There is no 配 ("914D) in font nullfont!
Missing character: There is no 置 ("7F6E) in font nullfont!
Missing character: There is no 合 ("5408) in font nullfont!
Missing character: There is no 并 ("5E76) in font nullfont!
Missing character: There is no 展 ("5C55) in font nullfont!
Missing character: There is no 示 ("793A) in font nullfont!
Missing character: There is no ： ("FF1A) in font nullfont!
Missing character: There is no 吞 ("541E) in font nullfont!
Missing character: There is no 吐 ("5410) in font nullfont!
Missing character: There is no 优 ("4F18) in font nullfont!
Missing character: There is no 先 ("5148) in font nullfont!
Missing character: There is no 、 ("3001) in font nullfont!
Missing character: There is no 时 ("65F6) in font nullfont!
Missing character: There is no 延 ("5EF6) in font nullfont!
Missing character: There is no 优 ("4F18) in font nullfont!
Missing character: There is no 先 ("5148) in font nullfont!
Missing character: There is no 与 ("4E0E) in font nullfont!
Missing character: There is no 信 ("4FE1) in font nullfont!
Missing character: There is no 令 ("4EE4) in font nullfont!
Missing character: There is no 优 ("4F18) in font nullfont!
Missing character: There is no 先 ("5148) in font nullfont!
Missing character: There is no 。 ("3002) in font nullfont!
Missing character: There is no 对 ("5BF9) in font nullfont!
Missing character: There is no 应 ("5E94) in font nullfont!
Missing character: There is no 曲 ("66F2) in font nullfont!
Missing character: There is no 线 ("7EBF) in font nullfont!
Missing character: There is no 见 ("89C1) in font nullfont!
Missing character: There is no 图 ("56FE) in font nullfont!
! Undefined control sequence.
<write> ...priority_uniform_003' on page \thepage 
                                                  \space undefined\on@line .^^J
l.740 ...见图~\ref{fig:utility_priority_uniform_003}
                                                   的三个子图。三条曲线在峰值位置与拐点处的差异，体现...
The control sequence at the end of the top line
of your error message was never \def'ed. If you have
misspelled it (e.g., `\hobx'), type `I' and the correct
spelling (e.g., `I\hbox'). Otherwise just continue,
and I'll forget about whatever was undefined.


LaTeX Warning: Reference `fig:utility_priority_uniform_003' on page  undefined 
on input line 740.

Missing character: There is no 的 ("7684) in font nullfont!
Missing character: There is no 三 ("4E09) in font nullfont!
Missing character: There is no 个 ("4E2A) in font nullfont!
Missing character: There is no 子 ("5B50) in font nullfont!
Missing character: There is no 图 ("56FE) in font nullfont!
Missing character: There is no 。 ("3002) in font nullfont!
Missing character: There is no 三 ("4E09) in font nullfont!
Missing character: There is no 条 ("6761) in font nullfont!
Missing character: There is no 曲 ("66F2) in font nullfont!
Missing character: There is no 线 ("7EBF) in font nullfont!
Missing character: There is no 在 ("5728) in font nullfont!
Missing character: There is no 峰 ("5CF0) in font nullfont!
Missing character: There is no 值 ("503C) in font nullfont!
Missing character: There is no 位 ("4F4D) in font nullfont!
Missing character: There is no 置 ("7F6E) in font nullfont!
Missing character: There is no 与 ("4E0E) in font nullfont!
Missing character: There is no 拐 ("62D0) in font nullfont!
Missing character: There is no 点 ("70B9) in font nullfont!
Missing character: There is no 处 ("5904) in font nullfont!
Missing character: There is no 的 ("7684) in font nullfont!
Missing character: There is no 差 ("5DEE) in font nullfont!
Missing character: There is no 异 ("5F02) in font nullfont!
Missing character: There is no ， ("FF0C) in font nullfont!
Missing character: There is no 体 ("4F53) in font nullfont!
Missing character: There is no 现 ("73B0) in font nullfont!
Missing character: There is no 了 ("4E86) in font nullfont!
Missing character: There is no 权 ("6743) in font nullfont!
Missing character: There is no 重 ("91CD) in font nullfont!
Missing character: There is no 设 ("8BBE) in font nullfont!
Missing character: There is no 置 ("7F6E) in font nullfont!
Missing character: There is no 对 ("5BF9) in font nullfont!
Missing character: There is no 最 ("6700) in font nullfont!
Missing character: There is no 优 ("4F18) in font nullfont!
Missing character: There is no 参 ("53C2) in font nullfont!
Missing character: There is no 数 ("6570) in font nullfont!
Missing character: There is no 选 ("9009) in font nullfont!
Missing character: There is no 择 ("62E9) in font nullfont!
Missing character: There is no 的 ("7684) in font nullfont!
Missing character: There is no 影 ("5F71) in font nullfont!
Missing character: There is no 响 ("54CD) in font nullfont!
Missing character: There is no ： ("FF1A) in font nullfont!
Missing character: There is no 吞 ("541E) in font nullfont!
Missing character: There is no 吐 ("5410) in font nullfont!
Missing character: There is no 优 ("4F18) in font nullfont!
Missing character: There is no 先 ("5148) in font nullfont!
Missing character: There is no 更 ("66F4) in font nullfont!
Missing character: There is no 倾 ("503E) in font nullfont!
Missing character: There is no 向 ("5411) in font nullfont!
Missing character: There is no 于 ("4E8E) in font nullfont!
Missing character: There is no 高 ("9AD8) in font nullfont!
Missing character: There is no 负 ("8D1F) in font nullfont!
Missing character: There is no 载 ("8F7D) in font nullfont!
Missing character: There is no 区 ("533A) in font nullfont!
Missing character: There is no 间 ("95F4) in font nullfont!
Missing character: There is no 的 ("7684) in font nullfont!
Missing character: There is no 参 ("53C2) in font nullfont!
Missing character: There is no 数 ("6570) in font nullfont!
Missing character: There is no 组 ("7EC4) in font nullfont!
Missing character: There is no 合 ("5408) in font nullfont!
Missing character: There is no ； ("FF1B) in font nullfont!
Missing character: There is no 时 ("65F6) in font nullfont!
Missing character: There is no 延 ("5EF6) in font nullfont!
Missing character: There is no 优 ("4F18) in font nullfont!
Missing character: There is no 先 ("5148) in font nullfont!
Missing character: There is no 与 ("4E0E) in font nullfont!
Missing character: There is no 信 ("4FE1) in font nullfont!
Missing character: There is no 令 ("4EE4) in font nullfont!
Missing character: There is no 优 ("4F18) in font nullfont!
Missing character: There is no 先 ("5148) in font nullfont!
Missing character: There is no 则 ("5219) in font nullfont!
Missing character: There is no 更 ("66F4) in font nullfont!
Missing character: There is no 偏 ("504F) in font nullfont!
Missing character: There is no 向 ("5411) in font nullfont!
Missing character: There is no 保 ("4FDD) in font nullfont!
Missing character: There is no 守 ("5B88) in font nullfont!
Missing character: There is no 配 ("914D) in font nullfont!
Missing character: There is no 置 ("7F6E) in font nullfont!
Missing character: There is no 以 ("4EE5) in font nullfont!
Missing character: There is no 降 ("964D) in font nullfont!
Missing character: There is no 低 ("4F4E) in font nullfont!
Missing character: There is no 排 ("6392) in font nullfont!
Missing character: There is no 队 ("961F) in font nullfont!
Missing character: There is no 与 ("4E0E) in font nullfont!
Missing character: There is no 控 ("63A7) in font nullfont!
Missing character: There is no 制 ("5236) in font nullfont!
Missing character: There is no 开 ("5F00) in font nullfont!
Missing character: There is no 销 ("9500) in font nullfont!
Missing character: There is no 。 ("3002) in font nullfont!
Missing character: There is no 该 ("8BE5) in font nullfont!
Missing character: There is no 对 ("5BF9) in font nullfont!
Missing character: There is no 比 ("6BD4) in font nullfont!
Missing character: There is no 说 ("8BF4) in font nullfont!
Missing character: There is no 明 ("660E) in font nullfont!
Missing character: There is no 在 ("5728) in font nullfont!
Missing character: There is no 统 ("7EDF) in font nullfont!
Missing character: There is no 一 ("4E00) in font nullfont!
Missing character: There is no 代 ("4EE3) in font nullfont!
Missing character: There is no 理 ("7406) in font nullfont!
Missing character: There is no 模 ("6A21) in font nullfont!
Missing character: There is no 型 ("578B) in font nullfont!
Missing character: There is no 输 ("8F93) in font nullfont!
Missing character: There is no 出 ("51FA) in font nullfont!
Missing character: There is no 基 ("57FA) in font nullfont!
Missing character: There is no 础 ("7840) in font nullfont!
Missing character: There is no 上 ("4E0A) in font nullfont!
Missing character: There is no ， ("FF0C) in font nullfont!
Missing character: There is no 仅 ("4EC5) in font nullfont!
Missing character: There is no 需 ("9700) in font nullfont!
Missing character: There is no 调 ("8C03) in font nullfont!
Missing character: There is no 整 ("6574) in font nullfont!
Missing character: There is no 权 ("6743) in font nullfont!
Missing character: There is no 重 ("91CD) in font nullfont!
Missing character: There is no 即 ("5373) in font nullfont!
Missing character: There is no 可 ("53EF) in font nullfont!
Missing character: There is no 实 ("5B9E) in font nullfont!
Missing character: There is no 现 ("73B0) in font nullfont!
Missing character: There is no 面 ("9762) in font nullfont!
Missing character: There is no 向 ("5411) in font nullfont!
Missing character: There is no 不 ("4E0D) in font nullfont!
Missing character: There is no 同 ("540C) in font nullfont!
Missing character: There is no 业 ("4E1A) in font nullfont!
Missing character: There is no 务 ("52A1) in font nullfont!
Missing character: There is no 目 ("76EE) in font nullfont!
Missing character: There is no 标 ("6807) in font nullfont!
Missing character: There is no 的 ("7684) in font nullfont!
Missing character: There is no 快 ("5FEB) in font nullfont!
Missing character: There is no 速 ("901F) in font nullfont!
Missing character: There is no 策 ("7B56) in font nullfont!
Missing character: There is no 略 ("7565) in font nullfont!
Missing character: There is no 切 ("5207) in font nullfont!
Missing character: There is no 换 ("6362) in font nullfont!
Missing character: There is no 。 ("3002) in font nullfont!

Overfull \hbox (20.0pt too wide) in paragraph at lines 740--741
[]
 []


Overfull \hbox (21.92497pt too wide) in paragraph at lines 740--741
\OML/cmm/m/it/10 U\OT1/cmr/m/n/10 ([])$
 []


Overfull \hbox (10.86pt too wide) in paragraph at lines 740--741
[]
 []

! Undefined control sequence.
l.744 \section
              {基于代理模型的快速搜索与预测}
The control sequence at the end of the top line
of your error message was never \def'ed. If you have
misspelled it (e.g., `\hobx'), type `I' and the correct
spelling (e.g., `I\hbox'). Otherwise just continue,
and I'll forget about whatever was undefined.

Missing character: There is no 基 ("57FA) in font nullfont!
Missing character: There is no 于 ("4E8E) in font nullfont!
Missing character: There is no 代 ("4EE3) in font nullfont!
Missing character: There is no 理 ("7406) in font nullfont!
Missing character: There is no 模 ("6A21) in font nullfont!
Missing character: There is no 型 ("578B) in font nullfont!
Missing character: There is no 的 ("7684) in font nullfont!
Missing character: There is no 快 ("5FEB) in font nullfont!
Missing character: There is no 速 ("901F) in font nullfont!
Missing character: There is no 搜 ("641C) in font nullfont!
Missing character: There is no 索 ("7D22) in font nullfont!
Missing character: There is no 与 ("4E0E) in font nullfont!
Missing character: There is no 预 ("9884) in font nullfont!
Missing character: There is no 测 ("6D4B) in font nullfont!
Missing character: There is no 在 ("5728) in font nullfont!
Missing character: There is no 代 ("4EE3) in font nullfont!
Missing character: There is no 理 ("7406) in font nullfont!
Missing character: There is no 模 ("6A21) in font nullfont!
Missing character: There is no 型 ("578B) in font nullfont!
Missing character: There is no 训 ("8BAD) in font nullfont!
Missing character: There is no 练 ("7EC3) in font nullfont!
Missing character: There is no 完 ("5B8C) in font nullfont!
Missing character: There is no 成 ("6210) in font nullfont!
Missing character: There is no 后 ("540E) in font nullfont!
Missing character: There is no ， ("FF0C) in font nullfont!
Missing character: There is no 协 ("534F) in font nullfont!
Missing character: There is no 议 ("8BAE) in font nullfont!
Missing character: There is no 优 ("4F18) in font nullfont!
Missing character: There is no 化 ("5316) in font nullfont!
Missing character: There is no 问 ("95EE) in font nullfont!
Missing character: There is no 题 ("9898) in font nullfont!
Missing character: There is no 可 ("53EF) in font nullfont!
Missing character: There is no 转 ("8F6C) in font nullfont!
Missing character: There is no 化 ("5316) in font nullfont!
Missing character: There is no 为 ("4E3A) in font nullfont!
Missing character: There is no 单 ("5355) in font nullfont!
Missing character: There is no 次 ("6B21) in font nullfont!
Missing character: There is no 决 ("51B3) in font nullfont!
Missing character: There is no 策 ("7B56) in font nullfont!
Missing character: There is no 窗 ("7A97) in font nullfont!
Missing character: There is no 口 ("53E3) in font nullfont!
Missing character: There is no 内 ("5185) in font nullfont!
Missing character: There is no 的 ("7684) in font nullfont!
Missing character: There is no 参 ("53C2) in font nullfont!
Missing character: There is no 数 ("6570) in font nullfont!
Missing character: There is no 搜 ("641C) in font nullfont!
Missing character: There is no 索 ("7D22) in font nullfont!
Missing character: There is no 问 ("95EE) in font nullfont!
Missing character: There is no 题 ("9898) in font nullfont!
Missing character: There is no 。 ("3002) in font nullfont!
Missing character: There is no 给 ("7ED9) in font nullfont!
Missing character: There is no 定 ("5B9A) in font nullfont!
Missing character: There is no 业 ("4E1A) in font nullfont!
Missing character: There is no 务 ("52A1) in font nullfont!
Missing character: There is no 场 ("573A) in font nullfont!
Missing character: There is no 景 ("666F) in font nullfont!
Missing character: There is no 的 ("7684) in font nullfont!
Missing character: There is no 流 ("6D41) in font nullfont!
Missing character: There is no 量 ("91CF) in font nullfont!
Missing character: There is no 特 ("7279) in font nullfont!
Missing character: There is no 征 ("5F81) in font nullfont!
! Undefined control sequence.
<recently read> \bm 
                    
l.745 ...协议优化问题可转化为单次决策窗口内的参数搜索问题。给定业务场景的流量特征 $\bm
                                                  {x}_\text{traffic}$，目标是求得统...
The control sequence at the end of the top line
of your error message was never \def'ed. If you have
misspelled it (e.g., `\hobx'), type `I' and the correct
spelling (e.g., `I\hbox'). Otherwise just continue,
and I'll forget about whatever was undefined.

! Undefined control sequence.
l.745 ...为单次决策窗口内的参数搜索问题。给定业务场景的流量特征 $\bm{x}_\text
                                                  {traffic}$，目标是求得统一参数向量 $\m...
The control sequence at the end of the top line
of your error message was never \def'ed. If you have
misspelled it (e.g., `\hobx'), type `I' and the correct
spelling (e.g., `I\hbox'). Otherwise just continue,
and I'll forget about whatever was undefined.

Missing character: There is no ， ("FF0C) in font nullfont!
Missing character: There is no 目 ("76EE) in font nullfont!
Missing character: There is no 标 ("6807) in font nullfont!
Missing character: There is no 是 ("662F) in font nullfont!
Missing character: There is no 求 ("6C42) in font nullfont!
Missing character: There is no 得 ("5F97) in font nullfont!
Missing character: There is no 统 ("7EDF) in font nullfont!
Missing character: There is no 一 ("4E00) in font nullfont!
Missing character: There is no 参 ("53C2) in font nullfont!
Missing character: There is no 数 ("6570) in font nullfont!
Missing character: There is no 向 ("5411) in font nullfont!
Missing character: There is no 量 ("91CF) in font nullfont!
! Undefined control sequence.
l.745 ...{traffic}$，目标是求得统一参数向量 $\mathbf{x}_{\text
                                                  {proto}}^*$, 即：
The control sequence at the end of the top line
of your error message was never \def'ed. If you have
misspelled it (e.g., `\hobx'), type `I' and the correct
spelling (e.g., `I\hbox'). Otherwise just continue,
and I'll forget about whatever was undefined.

Missing character: There is no , ("2C) in font nullfont!
Missing character: There is no 即 ("5373) in font nullfont!
Missing character: There is no ： ("FF1A) in font nullfont!

Overfull \hbox (20.0pt too wide) in paragraph at lines 744--746
[]
 []


Overfull \hbox (10.2042pt too wide) in paragraph at lines 744--746
\OML/cmm/m/it/10 f[]$
 []


Overfull \hbox (33.27321pt too wide) in paragraph at lines 744--746
\OML/cmm/m/it/10 x[]$
 []


Overfull \hbox (25.5353pt too wide) in paragraph at lines 744--746
\OT1/cmr/bx/n/10 x[]$
 []

! Undefined control sequence.
l.747 ^^I\mathbf{x}_{\text
                          {proto}}^* = \arg\max_{\mathbf{x}_{\text{proto}}} ...
The control sequence at the end of the top line
of your error message was never \def'ed. If you have
misspelled it (e.g., `\hobx'), type `I' and the correct
spelling (e.g., `I\hbox'). Otherwise just continue,
and I'll forget about whatever was undefined.

! Undefined control sequence.
l.747 ...t{proto}}^* = \arg\max_{\mathbf{x}_{\text
                                                  {proto}}} U\big(f_{\phi}(\...
The control sequence at the end of the top line
of your error message was never \def'ed. If you have
misspelled it (e.g., `\hobx'), type `I' and the correct
spelling (e.g., `I\hbox'). Otherwise just continue,
and I'll forget about whatever was undefined.

! Undefined control sequence.
l.747 ...hbf{x}_{\text{proto}}} U\big(f_{\phi}(\bm
                                                  {x}_\text{traffic}, \mathb...
The control sequence at the end of the top line
of your error message was never \def'ed. If you have
misspelled it (e.g., `\hobx'), type `I' and the correct
spelling (e.g., `I\hbox'). Otherwise just continue,
and I'll forget about whatever was undefined.

! Undefined control sequence.
l.747 ...text{proto}}} U\big(f_{\phi}(\bm{x}_\text
                                                  {traffic}, \mathbf{x}_{\te...
The control sequence at the end of the top line
of your error message was never \def'ed. If you have
misspelled it (e.g., `\hobx'), type `I' and the correct
spelling (e.g., `I\hbox'). Otherwise just continue,
and I'll forget about whatever was undefined.

! Undefined control sequence.
l.747 ...(\bm{x}_\text{traffic}, \mathbf{x}_{\text
                                                  {proto}}, \dots)\big)
The control sequence at the end of the top line
of your error message was never \def'ed. If you have
misspelled it (e.g., `\hobx'), type `I' and the correct
spelling (e.g., `I\hbox'). Otherwise just continue,
and I'll forget about whatever was undefined.


Overfull \hbox (193.042pt too wide) detected at line 748
\OT1/cmr/bx/n/10 x[] \OT1/cmr/m/n/10 = [] [] \OML/cmm/m/it/10 U[]f[]\OT1/cmr/m/
n/10 (\OML/cmm/m/it/10 x[]; \OT1/cmr/bx/n/10 x[]\OML/cmm/m/it/10 ; []\OT1/cmr/m
/n/10 )[]
 []

Missing character: There is no 由 ("7531) in font nullfont!
Missing character: There is no 于 ("4E8E) in font nullfont!
Missing character: There is no 的 ("7684) in font nullfont!
Missing character: There is no 评 ("8BC4) in font nullfont!
Missing character: There is no 估 ("4F30) in font nullfont!
Missing character: There is no 开 ("5F00) in font nullfont!
Missing character: There is no 销 ("9500) in font nullfont!
Missing character: There is no 较 ("8F83) in font nullfont!
Missing character: There is no 低 ("4F4E) in font nullfont!
Missing character: There is no ， ("FF0C) in font nullfont!
Missing character: There is no 本 ("672C) in font nullfont!
Missing character: There is no 文 ("6587) in font nullfont!
Missing character: There is no 采 ("91C7) in font nullfont!
Missing character: There is no 用 ("7528) in font nullfont!
Missing character: There is no 直 ("76F4) in font nullfont!
Missing character: There is no 接 ("63A5) in font nullfont!
Missing character: There is no 网 ("7F51) in font nullfont!
Missing character: There is no 格 ("683C) in font nullfont!
Missing character: There is no 搜 ("641C) in font nullfont!
Missing character: There is no 索 ("7D22) in font nullfont!
Missing character: There is no 以 ("4EE5) in font nullfont!
Missing character: There is no 保 ("4FDD) in font nullfont!
Missing character: There is no 证 ("8BC1) in font nullfont!
Missing character: There is no 可 ("53EF) in font nullfont!
Missing character: There is no 复 ("590D) in font nullfont!
Missing character: There is no 现 ("73B0) in font nullfont!
Missing character: There is no 性 ("6027) in font nullfont!
Missing character: There is no 。 ("3002) in font nullfont!
Missing character: There is no 针 ("9488) in font nullfont!
Missing character: There is no 对 ("5BF9) in font nullfont!
Missing character: There is no 混 ("6DF7) in font nullfont!
Missing character: There is no 合 ("5408) in font nullfont!
Missing character: There is no 离 ("79BB) in font nullfont!
Missing character: There is no 散 ("6563) in font nullfont!
Missing character: There is no — ("2014) in font nullfont!
Missing character: There is no 连 ("8FDE) in font nullfont!
Missing character: There is no 续 ("7EED) in font nullfont!
Missing character: There is no 参 ("53C2) in font nullfont!
Missing character: There is no 数 ("6570) in font nullfont!
Missing character: There is no 空 ("7A7A) in font nullfont!
Missing character: There is no 间 ("95F4) in font nullfont!
Missing character: There is no ， ("FF0C) in font nullfont!
Missing character: There is no 该 ("8BE5) in font nullfont!
Missing character: There is no 方 ("65B9) in font nullfont!
Missing character: There is no 法 ("6CD5) in font nullfont!
Missing character: There is no 在 ("5728) in font nullfont!
Missing character: There is no 候 ("5019) in font nullfont!
Missing character: There is no 选 ("9009) in font nullfont!
Missing character: There is no 协 ("534F) in font nullfont!
Missing character: There is no 议 ("8BAE) in font nullfont!
Missing character: There is no 与 ("4E0E) in font nullfont!
Missing character: There is no 参 ("53C2) in font nullfont!
Missing character: There is no 数 ("6570) in font nullfont!
Missing character: There is no 域 ("57DF) in font nullfont!
Missing character: There is no 内 ("5185) in font nullfont!
Missing character: There is no 逐 ("9010) in font nullfont!
Missing character: There is no 点 ("70B9) in font nullfont!
Missing character: There is no 评 ("8BC4) in font nullfont!
Missing character: There is no 估 ("4F30) in font nullfont!
Missing character: There is no 并 ("5E76) in font nullfont!
Missing character: There is no 选 ("9009) in font nullfont!
Missing character: There is no 择 ("62E9) in font nullfont!
Missing character: There is no 效 ("6548) in font nullfont!
Missing character: There is no 用 ("7528) in font nullfont!
Missing character: There is no 最 ("6700) in font nullfont!
Missing character: There is no 大 ("5927) in font nullfont!
Missing character: There is no 值 ("503C) in font nullfont!
Missing character: There is no 。 ("3002) in font nullfont!

Overfull \hbox (10.2042pt too wide) in paragraph at lines 748--750
 $\OML/cmm/m/it/10 f[]$
 []

Missing character: There is no 在 ("5728) in font nullfont!
Missing character: There is no 实 ("5B9E) in font nullfont!
Missing character: There is no 际 ("9645) in font nullfont!
Missing character: There is no 业 ("4E1A) in font nullfont!
Missing character: There is no 务 ("52A1) in font nullfont!
Missing character: There is no 场 ("573A) in font nullfont!
Missing character: There is no 景 ("666F) in font nullfont!
Missing character: There is no 中 ("4E2D) in font nullfont!
Missing character: There is no ， ("FF0C) in font nullfont!
Missing character: There is no 网 ("7F51) in font nullfont!
Missing character: There is no 络 ("7EDC) in font nullfont!
Missing character: There is no 流 ("6D41) in font nullfont!
Missing character: There is no 量 ("91CF) in font nullfont!
Missing character: There is no 类 ("7C7B) in font nullfont!
Missing character: There is no 型 ("578B) in font nullfont!
Missing character: There is no 与 ("4E0E) in font nullfont!
Missing character: There is no 强 ("5F3A) in font nullfont!
Missing character: There is no 度 ("5EA6) in font nullfont!
Missing character: There is no 具 ("5177) in font nullfont!
Missing character: There is no 备 ("5907) in font nullfont!
Missing character: There is no 显 ("663E) in font nullfont!
Missing character: There is no 著 ("8457) in font nullfont!
Missing character: There is no 的 ("7684) in font nullfont!
Missing character: There is no 动 ("52A8) in font nullfont!
Missing character: There is no 态 ("6001) in font nullfont!
Missing character: There is no 时 ("65F6) in font nullfont!
Missing character: There is no 变 ("53D8) in font nullfont!
Missing character: There is no 性 ("6027) in font nullfont!
Missing character: There is no ， ("FF0C) in font nullfont!
Missing character: There is no 且 ("4E14) in font nullfont!
Missing character: There is no 协 ("534F) in font nullfont!
Missing character: There is no 议 ("8BAE) in font nullfont!
Missing character: There is no 切 ("5207) in font nullfont!
Missing character: There is no 换 ("6362) in font nullfont!
Missing character: There is no 决 ("51B3) in font nullfont!
Missing character: There is no 策 ("7B56) in font nullfont!
Missing character: There is no 与 ("4E0E) in font nullfont!
Missing character: There is no 流 ("6D41) in font nullfont!
Missing character: There is no 量 ("91CF) in font nullfont!
Missing character: There is no 突 ("7A81) in font nullfont!
Missing character: There is no 变 ("53D8) in font nullfont!
Missing character: There is no 往 ("5F80) in font nullfont!
Missing character: There is no 往 ("5F80) in font nullfont!
Missing character: There is no 非 ("975E) in font nullfont!
Missing character: There is no 同 ("540C) in font nullfont!
Missing character: There is no 步 ("6B65) in font nullfont!
Missing character: There is no 。 ("3002) in font nullfont!
Missing character: There is no 为 ("4E3A) in font nullfont!
Missing character: There is no 贴 ("8D34) in font nullfont!
Missing character: There is no 合 ("5408) in font nullfont!
Missing character: There is no 工 ("5DE5) in font nullfont!
Missing character: There is no 程 ("7A0B) in font nullfont!
Missing character: There is no 流 ("6D41) in font nullfont!
Missing character: There is no 程 ("7A0B) in font nullfont!
Missing character: There is no ， ("FF0C) in font nullfont!
Missing character: There is no 本 ("672C) in font nullfont!
Missing character: There is no 文 ("6587) in font nullfont!
Missing character: There is no 采 ("91C7) in font nullfont!
Missing character: There is no 用 ("7528) in font nullfont!
Missing character: There is no 滑 ("6ED1) in font nullfont!
Missing character: There is no 动 ("52A8) in font nullfont!
Missing character: There is no 观 ("89C2) in font nullfont!
Missing character: There is no 测 ("6D4B) in font nullfont!
Missing character: There is no 窗 ("7A97) in font nullfont!
Missing character: There is no 口 ("53E3) in font nullfont!
Missing character: There is no 在 ("5728) in font nullfont!
Missing character: There is no 线 ("7EBF) in font nullfont!
Missing character: There is no 更 ("66F4) in font nullfont!
Missing character: There is no 新 ("65B0) in font nullfont!
Missing character: There is no 流 ("6D41) in font nullfont!
Missing character: There is no 量 ("91CF) in font nullfont!
Missing character: There is no 特 ("7279) in font nullfont!
Missing character: There is no 征 ("5F81) in font nullfont!
Missing character: There is no ， ("FF0C) in font nullfont!
Missing character: There is no 并 ("5E76) in font nullfont!
Missing character: There is no 在 ("5728) in font nullfont!
Missing character: There is no 每 ("6BCF) in font nullfont!
Missing character: There is no 个 ("4E2A) in font nullfont!
Missing character: There is no 决 ("51B3) in font nullfont!
Missing character: There is no 策 ("7B56) in font nullfont!
Missing character: There is no 时 ("65F6) in font nullfont!
Missing character: There is no 刻 ("523B) in font nullfont!
Missing character: There is no 执 ("6267) in font nullfont!
Missing character: There is no 行 ("884C) in font nullfont!
Missing character: There is no 一 ("4E00) in font nullfont!
Missing character: There is no 次 ("6B21) in font nullfont!
Missing character: There is no 快 ("5FEB) in font nullfont!
Missing character: There is no 速 ("901F) in font nullfont!
Missing character: There is no 搜 ("641C) in font nullfont!
Missing character: There is no 索 ("7D22) in font nullfont!
Missing character: There is no 。 ("3002) in font nullfont!
Missing character: There is no 具 ("5177) in font nullfont!
Missing character: There is no 体 ("4F53) in font nullfont!
Missing character: There is no 流 ("6D41) in font nullfont!
Missing character: There is no 程 ("7A0B) in font nullfont!
Missing character: There is no 为 ("4E3A) in font nullfont!
Missing character: There is no ： ("FF1A) in font nullfont!

Overfull \hbox (20.0pt too wide) in paragraph at lines 751--752
[] 
 []

Missing character: There is no [ ("5B) in font nullfont!
Missing character: There is no l ("6C) in font nullfont!
Missing character: There is no e ("65) in font nullfont!
Missing character: There is no f ("66) in font nullfont!
Missing character: There is no t ("74) in font nullfont!
Missing character: There is no m ("6D) in font nullfont!
Missing character: There is no a ("61) in font nullfont!
Missing character: There is no r ("72) in font nullfont!
Missing character: There is no g ("67) in font nullfont!
Missing character: There is no i ("69) in font nullfont!
Missing character: There is no n ("6E) in font nullfont!
Missing character: There is no = ("3D) in font nullfont!
Missing character: There is no * ("2A) in font nullfont!
Missing character: There is no ] ("5D) in font nullfont!

! LaTeX Error: Something's wrong--perhaps a missing \item.

See the LaTeX manual or LaTeX Companion for explanation.
Type  H <return>  for immediate help.
 ...                                              
                                                  
l.753 ^^I\item \textbf
                      {状态观测}：在窗口 $[t-\Delta t, t]$ 内统计流量特征 $\bm{x}_\text{tra...

Try typing  <return>  to proceed.
If that doesn't work, type  X <return>  to quit.


! LaTeX Error: Something's wrong--perhaps a missing \item.

See the LaTeX manual or LaTeX Companion for explanation.
Type  H <return>  for immediate help.
 ...                                              
                                                  
l.753 ^^I\item \textbf
                      {状态观测}：在窗口 $[t-\Delta t, t]$ 内统计流量特征 $\bm{x}_\text{tra...

Try typing  <return>  to proceed.
If that doesn't work, type  X <return>  to quit.


! LaTeX Error: Something's wrong--perhaps a missing \item.

See the LaTeX manual or LaTeX Companion for explanation.
Type  H <return>  for immediate help.
 ...                                              
                                                  
l.753 ^^I\item \textbf
                      {状态观测}：在窗口 $[t-\Delta t, t]$ 内统计流量特征 $\bm{x}_\text{tra...

Try typing  <return>  to proceed.
If that doesn't work, type  X <return>  to quit.

Missing character: There is no 状 (U+72B6) in font [lmroman10-bold]:mapping=tex-
text;!
Missing character: There is no 态 (U+6001) in font [lmroman10-bold]:mapping=tex-
text;!
Missing character: There is no 观 (U+89C2) in font [lmroman10-bold]:mapping=tex-
text;!
Missing character: There is no 测 (U+6D4B) in font [lmroman10-bold]:mapping=tex-
text;!
Missing character: There is no ： ("FF1A) in font nullfont!
Missing character: There is no 在 ("5728) in font nullfont!
Missing character: There is no 窗 ("7A97) in font nullfont!
Missing character: There is no 口 ("53E3) in font nullfont!
Missing character: There is no 内 ("5185) in font nullfont!
Missing character: There is no 统 ("7EDF) in font nullfont!
Missing character: There is no 计 ("8BA1) in font nullfont!
Missing character: There is no 流 ("6D41) in font nullfont!
Missing character: There is no 量 ("91CF) in font nullfont!
Missing character: There is no 特 ("7279) in font nullfont!
Missing character: There is no 征 ("5F81) in font nullfont!
! Undefined control sequence.
<recently read> \bm 
                    
l.753 ...{状态观测}：在窗口 $[t-\Delta t, t]$ 内统计流量特征 $\bm
                                                  {x}_\text{traffic}$；
The control sequence at the end of the top line
of your error message was never \def'ed. If you have
misspelled it (e.g., `\hobx'), type `I' and the correct
spelling (e.g., `I\hbox'). Otherwise just continue,
and I'll forget about whatever was undefined.

! Undefined control sequence.
l.753 ...口 $[t-\Delta t, t]$ 内统计流量特征 $\bm{x}_\text
                                                  {traffic}$；
The control sequence at the end of the top line
of your error message was never \def'ed. If you have
misspelled it (e.g., `\hobx'), type `I' and the correct
spelling (e.g., `I\hbox'). Otherwise just continue,
and I'll forget about whatever was undefined.

Missing character: There is no ； ("FF1B) in font nullfont!

! LaTeX Error: Something's wrong--perhaps a missing \item.

See the LaTeX manual or LaTeX Companion for explanation.
Type  H <return>  for immediate help.
 ...                                              
                                                  
l.754 ^^I\item \textbf
                      {直接搜索}：对 $\mathcal{P}$ 中各协议进行枚举，并在其参数域内快速搜索；
Try typing  <return>  to proceed.
If that doesn't work, type  X <return>  to quit.


! LaTeX Error: Something's wrong--perhaps a missing \item.

See the LaTeX manual or LaTeX Companion for explanation.
Type  H <return>  for immediate help.
 ...                                              
                                                  
l.754 ^^I\item \textbf
                      {直接搜索}：对 $\mathcal{P}$ 中各协议进行枚举，并在其参数域内快速搜索；
Try typing  <return>  to proceed.
If that doesn't work, type  X <return>  to quit.


! LaTeX Error: Something's wrong--perhaps a missing \item.

See the LaTeX manual or LaTeX Companion for explanation.
Type  H <return>  for immediate help.
 ...                                              
                                                  
l.754 ^^I\item \textbf
                      {直接搜索}：对 $\mathcal{P}$ 中各协议进行枚举，并在其参数域内快速搜索；
Try typing  <return>  to proceed.
If that doesn't work, type  X <return>  to quit.

Missing character: There is no 直 (U+76F4) in font [lmroman10-bold]:mapping=tex-
text;!
Missing character: There is no 接 (U+63A5) in font [lmroman10-bold]:mapping=tex-
text;!
Missing character: There is no 搜 (U+641C) in font [lmroman10-bold]:mapping=tex-
text;!
Missing character: There is no 索 (U+7D22) in font [lmroman10-bold]:mapping=tex-
text;!
Missing character: There is no ： ("FF1A) in font nullfont!
Missing character: There is no 对 ("5BF9) in font nullfont!
Missing character: There is no 中 ("4E2D) in font nullfont!
Missing character: There is no 各 ("5404) in font nullfont!
Missing character: There is no 协 ("534F) in font nullfont!
Missing character: There is no 议 ("8BAE) in font nullfont!
Missing character: There is no 进 ("8FDB) in font nullfont!
Missing character: There is no 行 ("884C) in font nullfont!
Missing character: There is no 枚 ("679A) in font nullfont!
Missing character: There is no 举 ("4E3E) in font nullfont!
Missing character: There is no ， ("FF0C) in font nullfont!
Missing character: There is no 并 ("5E76) in font nullfont!
Missing character: There is no 在 ("5728) in font nullfont!
Missing character: There is no 其 ("5176) in font nullfont!
Missing character: There is no 参 ("53C2) in font nullfont!
Missing character: There is no 数 ("6570) in font nullfont!
Missing character: There is no 域 ("57DF) in font nullfont!
Missing character: There is no 内 ("5185) in font nullfont!
Missing character: There is no 快 ("5FEB) in font nullfont!
Missing character: There is no 速 ("901F) in font nullfont!
Missing character: There is no 搜 ("641C) in font nullfont!
Missing character: There is no 索 ("7D22) in font nullfont!
Missing character: There is no ； ("FF1B) in font nullfont!

! LaTeX Error: Something's wrong--perhaps a missing \item.

See the LaTeX manual or LaTeX Companion for explanation.
Type  H <return>  for immediate help.
 ...                                              
                                                  
l.755 ^^I\item \textbf
                      {协议自切换}：选择效用最高且满足约束的协议与参数，触发协议切换并下发配置；
Try typing  <return>  to proceed.
If that doesn't work, type  X <return>  to quit.


! LaTeX Error: Something's wrong--perhaps a missing \item.

See the LaTeX manual or LaTeX Companion for explanation.
Type  H <return>  for immediate help.
 ...                                              
                                                  
l.755 ^^I\item \textbf
                      {协议自切换}：选择效用最高且满足约束的协议与参数，触发协议切换并下发配置；
Try typing  <return>  to proceed.
If that doesn't work, type  X <return>  to quit.


! LaTeX Error: Something's wrong--perhaps a missing \item.

See the LaTeX manual or LaTeX Companion for explanation.
Type  H <return>  for immediate help.
 ...                                              
                                                  
l.755 ^^I\item \textbf
                      {协议自切换}：选择效用最高且满足约束的协议与参数，触发协议切换并下发配置；
Try typing  <return>  to proceed.
If that doesn't work, type  X <return>  to quit.

Missing character: There is no 协 (U+534F) in font [lmroman10-bold]:mapping=tex-
text;!
Missing character: There is no 议 (U+8BAE) in font [lmroman10-bold]:mapping=tex-
text;!
Missing character: There is no 自 (U+81EA) in font [lmroman10-bold]:mapping=tex-
text;!
Missing character: There is no 切 (U+5207) in font [lmroman10-bold]:mapping=tex-
text;!
Missing character: There is no 换 (U+6362) in font [lmroman10-bold]:mapping=tex-
text;!
Missing character: There is no ： ("FF1A) in font nullfont!
Missing character: There is no 选 ("9009) in font nullfont!
Missing character: There is no 择 ("62E9) in font nullfont!
Missing character: There is no 效 ("6548) in font nullfont!
Missing character: There is no 用 ("7528) in font nullfont!
Missing character: There is no 最 ("6700) in font nullfont!
Missing character: There is no 高 ("9AD8) in font nullfont!
Missing character: There is no 且 ("4E14) in font nullfont!
Missing character: There is no 满 ("6EE1) in font nullfont!
Missing character: There is no 足 ("8DB3) in font nullfont!
Missing character: There is no 约 ("7EA6) in font nullfont!
Missing character: There is no 束 ("675F) in font nullfont!
Missing character: There is no 的 ("7684) in font nullfont!
Missing character: There is no 协 ("534F) in font nullfont!
Missing character: There is no 议 ("8BAE) in font nullfont!
Missing character: There is no 与 ("4E0E) in font nullfont!
Missing character: There is no 参 ("53C2) in font nullfont!
Missing character: There is no 数 ("6570) in font nullfont!
Missing character: There is no ， ("FF0C) in font nullfont!
Missing character: There is no 触 ("89E6) in font nullfont!
Missing character: There is no 发 ("53D1) in font nullfont!
Missing character: There is no 协 ("534F) in font nullfont!
Missing character: There is no 议 ("8BAE) in font nullfont!
Missing character: There is no 切 ("5207) in font nullfont!
Missing character: There is no 换 ("6362) in font nullfont!
Missing character: There is no 并 ("5E76) in font nullfont!
Missing character: There is no 下 ("4E0B) in font nullfont!
Missing character: There is no 发 ("53D1) in font nullfont!
Missing character: There is no 配 ("914D) in font nullfont!
Missing character: There is no 置 ("7F6E) in font nullfont!
Missing character: There is no ； ("FF1B) in font nullfont!

! LaTeX Error: Something's wrong--perhaps a missing \item.

See the LaTeX manual or LaTeX Companion for explanation.
Type  H <return>  for immediate help.
 ...                                              
                                                  
l.756 \end{enumerate}
                     
Try typing  <return>  to proceed.
If that doesn't work, type  X <return>  to quit.


Overfull \hbox (11.2pt too wide) in paragraph at lines 752--756
[]\TU/lmr/bx/n/10 状态观测
 []


Overfull \hbox (14.1667pt too wide) in paragraph at lines 752--756
\OT1/cmr/m/n/10 [\OML/cmm/m/it/10 t \OMS/cmsy/m/n/10 ^^@
 []


Overfull \hbox (22.77779pt too wide) in paragraph at lines 752--756
\OT1/cmr/m/n/10 ^^A\OML/cmm/m/it/10 t; t\OT1/cmr/m/n/10 ]$
 []


Overfull \hbox (33.27321pt too wide) in paragraph at lines 752--756
\OML/cmm/m/it/10 x[]$
 []


Overfull \hbox (11.2pt too wide) in paragraph at lines 752--756
[]\TU/lmr/bx/n/10 直接搜索
 []


Overfull \hbox (7.7778pt too wide) in paragraph at lines 752--756
\OMS/cmsy/m/n/10 P$
 []


Overfull \hbox (14.0pt too wide) in paragraph at lines 752--756
[]\TU/lmr/bx/n/10 协议自切换 
 []

Missing character: There is no 在 ("5728) in font nullfont!
Missing character: There is no 验 ("9A8C) in font nullfont!
Missing character: There is no 证 ("8BC1) in font nullfont!
Missing character: There is no 实 ("5B9E) in font nullfont!
Missing character: There is no 验 ("9A8C) in font nullfont!
Missing character: There is no 中 ("4E2D) in font nullfont!
Missing character: There is no ， ("FF0C) in font nullfont!
Missing character: There is no 流 ("6D41) in font nullfont!
Missing character: There is no 量 ("91CF) in font nullfont!
Missing character: There is no 特 ("7279) in font nullfont!
Missing character: There is no 征 ("5F81) in font nullfont!
Missing character: There is no 变 ("53D8) in font nullfont!
Missing character: There is no 更 ("66F4) in font nullfont!
Missing character: There is no 设 ("8BBE) in font nullfont!
Missing character: There is no 定 ("5B9A) in font nullfont!
Missing character: There is no 为 ("4E3A) in font nullfont!
Missing character: There is no ， ("FF0C) in font nullfont!
Missing character: There is no 协 ("534F) in font nullfont!
Missing character: There is no 议 ("8BAE) in font nullfont!
Missing character: There is no 切 ("5207) in font nullfont!
Missing character: There is no 换 ("6362) in font nullfont!
Missing character: There is no 决 ("51B3) in font nullfont!
Missing character: There is no 策 ("7B56) in font nullfont!
Missing character: There is no 与 ("4E0E) in font nullfont!
Missing character: There is no 其 ("5176) in font nullfont!
Missing character: There is no 同 ("540C) in font nullfont!
Missing character: There is no 步 ("6B65) in font nullfont!
Missing character: There is no ， ("FF0C) in font nullfont!
Missing character: There is no 即 ("5373) in font nullfont!
Missing character: There is no 同 ("540C) in font nullfont!
Missing character: There is no 样 ("6837) in font nullfont!
Missing character: There is no 在 ("5728) in font nullfont!
Missing character: There is no 执 ("6267) in font nullfont!
Missing character: There is no 行 ("884C) in font nullfont!
Missing character: There is no ， ("FF0C) in font nullfont!
Missing character: There is no 均 ("5747) in font nullfont!
Missing character: There is no 以 ("4EE5) in font nullfont!
Missing character: There is no 个 ("4E2A) in font nullfont!
Missing character: There is no 时 ("65F6) in font nullfont!
Missing character: There is no 隙 ("9699) in font nullfont!
Missing character: There is no 为 ("4E3A) in font nullfont!
Missing character: There is no 周 ("5468) in font nullfont!
Missing character: There is no 期 ("671F) in font nullfont!
Missing character: There is no 。 ("3002) in font nullfont!
Missing character: There is no 每 ("6BCF) in font nullfont!
Missing character: There is no 个 ("4E2A) in font nullfont!
Missing character: There is no 决 ("51B3) in font nullfont!
Missing character: There is no 策 ("7B56) in font nullfont!
Missing character: There is no 窗 ("7A97) in font nullfont!
Missing character: There is no 口 ("53E3) in font nullfont!
Missing character: There is no 内 ("5185) in font nullfont!
Missing character: There is no 基 ("57FA) in font nullfont!
Missing character: There is no 于 ("4E8E) in font nullfont!
Missing character: There is no 直 ("76F4) in font nullfont!
Missing character: There is no 接 ("63A5) in font nullfont!
Missing character: There is no 搜 ("641C) in font nullfont!
Missing character: There is no 索 ("7D22) in font nullfont!
Missing character: There is no 得 ("5F97) in font nullfont!
Missing character: There is no 到 ("5230) in font nullfont!
Missing character: There is no 代 ("4EE3) in font nullfont!
Missing character: There is no 理 ("7406) in font nullfont!
Missing character: There is no 模 ("6A21) in font nullfont!
Missing character: There is no 型 ("578B) in font nullfont!
Missing character: There is no 推 ("63A8) in font nullfont!
Missing character: There is no 荐 ("8350) in font nullfont!
Missing character: There is no 策 ("7B56) in font nullfont!
Missing character: There is no 略 ("7565) in font nullfont!
Missing character: There is no ， ("FF0C) in font nullfont!
Missing character: There is no 并 ("5E76) in font nullfont!
Missing character: There is no 以 ("4EE5) in font nullfont!
Missing character: There is no 离 ("79BB) in font nullfont!
Missing character: There is no 线 ("7EBF) in font nullfont!
Missing character: There is no 穷 ("7A77) in font nullfont!
Missing character: There is no 举 ("4E3E) in font nullfont!
Missing character: There is no 得 ("5F97) in font nullfont!
Missing character: There is no 到 ("5230) in font nullfont!
Missing character: There is no 的 ("7684) in font nullfont!
Missing character: There is no 近 ("8FD1) in font nullfont!
Missing character: There is no 似 ("4F3C) in font nullfont!
Missing character: There is no 最 ("6700) in font nullfont!
Missing character: There is no 优 ("4F18) in font nullfont!
Missing character: There is no 效 ("6548) in font nullfont!
Missing character: There is no 用 ("7528) in font nullfont!
Missing character: There is no 作 ("4F5C) in font nullfont!
Missing character: There is no 为 ("4E3A) in font nullfont!
Missing character: There is no 参 ("53C2) in font nullfont!
Missing character: There is no 考 ("8003) in font nullfont!
Missing character: There is no 上 ("4E0A) in font nullfont!
Missing character: There is no 界 ("754C) in font nullfont!
Missing character: There is no 。 ("3002) in font nullfont!

Overfull \hbox (20.0pt too wide) in paragraph at lines 758--759
[]
 []


Overfull \hbox (14.16663pt too wide) in paragraph at lines 758--759
\OML/cmm/m/it/10 t \OT1/cmr/m/n/10 =
 []


Overfull \hbox (22.22224pt too wide) in paragraph at lines 758--759
\OT1/cmr/m/n/10 0\OML/cmm/m/it/10 ; \OT1/cmr/m/n/10 3 \OMS/cmsy/m/n/10 ^^B
 []


Overfull \hbox (31.70839pt too wide) in paragraph at lines 758--759
\OT1/cmr/m/n/10 10[]\OML/cmm/m/it/10 ; \OT1/cmr/m/n/10 6 \OMS/cmsy/m/n/10 ^^B
 []


Overfull \hbox (30.59718pt too wide) in paragraph at lines 758--759
\OT1/cmr/m/n/10 10[]\OML/cmm/m/it/10 ; []$
 []


Overfull \hbox (14.16663pt too wide) in paragraph at lines 758--759
\OML/cmm/m/it/10 t \OT1/cmr/m/n/10 =
 []


Overfull \hbox (22.22224pt too wide) in paragraph at lines 758--759
\OT1/cmr/m/n/10 0\OML/cmm/m/it/10 ; \OT1/cmr/m/n/10 3 \OMS/cmsy/m/n/10 ^^B
 []


Overfull \hbox (31.70839pt too wide) in paragraph at lines 758--759
\OT1/cmr/m/n/10 10[]\OML/cmm/m/it/10 ; \OT1/cmr/m/n/10 6 \OMS/cmsy/m/n/10 ^^B
 []


Overfull \hbox (30.59718pt too wide) in paragraph at lines 758--759
\OT1/cmr/m/n/10 10[]\OML/cmm/m/it/10 ; []$
 []


Overfull \hbox (12.77782pt too wide) in paragraph at lines 758--759
\OT1/cmr/m/n/10 3 \OMS/cmsy/m/n/10 ^^B
 []


Overfull \hbox (14.48616pt too wide) in paragraph at lines 758--759
\OT1/cmr/m/n/10 10[]$
 []

Missing character: There is no 为 ("4E3A) in font nullfont!
Missing character: There is no 保 ("4FDD) in font nullfont!
Missing character: There is no 证 ("8BC1) in font nullfont!
Missing character: There is no 对 ("5BF9) in font nullfont!
Missing character: There is no 比 ("6BD4) in font nullfont!
Missing character: There is no 的 ("7684) in font nullfont!
Missing character: There is no 可 ("53EF) in font nullfont!
Missing character: There is no 复 ("590D) in font nullfont!
Missing character: There is no 现 ("73B0) in font nullfont!
Missing character: There is no 性 ("6027) in font nullfont!
Missing character: There is no 与 ("4E0E) in font nullfont!
Missing character: There is no 逻 ("903B) in font nullfont!
Missing character: There is no 辑 ("8F91) in font nullfont!
Missing character: There is no 一 ("4E00) in font nullfont!
Missing character: There is no 致 ("81F4) in font nullfont!
Missing character: There is no 性 ("6027) in font nullfont!
Missing character: There is no ， ("FF0C) in font nullfont!
Missing character: There is no 设 ("8BBE) in font nullfont!
Missing character: There is no 定 ("5B9A) in font nullfont!
Missing character: There is no 流 ("6D41) in font nullfont!
Missing character: There is no 量 ("91CF) in font nullfont!
Missing character: There is no 在 ("5728) in font nullfont!
Missing character: There is no 连 ("8FDE) in font nullfont!
Missing character: There is no 续 ("7EED) in font nullfont!
Missing character: There is no 1 ("31) in font nullfont!
Missing character: There is no 0 ("30) in font nullfont!
Missing character: There is no 个 ("4E2A) in font nullfont!
Missing character: There is no 窗 ("7A97) in font nullfont!
Missing character: There is no 口 ("53E3) in font nullfont!
Missing character: There is no 内 ("5185) in font nullfont!
Missing character: There is no 发 ("53D1) in font nullfont!
Missing character: There is no 生 ("751F) in font nullfont!
Missing character: There is no 1 ("31) in font nullfont!
Missing character: There is no 0 ("30) in font nullfont!
Missing character: There is no 次 ("6B21) in font nullfont!
Missing character: There is no 变 ("53D8) in font nullfont!
Missing character: There is no 化 ("5316) in font nullfont!
Missing character: There is no ， ("FF0C) in font nullfont!
Missing character: There is no 每 ("6BCF) in font nullfont!
Missing character: There is no 个 ("4E2A) in font nullfont!
Missing character: There is no 窗 ("7A97) in font nullfont!
Missing character: There is no 口 ("53E3) in font nullfont!
Missing character: There is no 长 ("957F) in font nullfont!
Missing character: There is no 度 ("5EA6) in font nullfont!
Missing character: There is no 为 ("4E3A) in font nullfont!
Missing character: There is no 个 ("4E2A) in font nullfont!
Missing character: There is no 时 ("65F6) in font nullfont!
Missing character: There is no 隙 ("9699) in font nullfont!
Missing character: There is no 。 ("3002) in font nullfont!
Missing character: There is no 每 ("6BCF) in font nullfont!
Missing character: There is no 次 ("6B21) in font nullfont!
Missing character: There is no 变 ("53D8) in font nullfont!
Missing character: There is no 化 ("5316) in font nullfont!
Missing character: There is no 同 ("540C) in font nullfont!
Missing character: There is no 时 ("65F6) in font nullfont!
Missing character: There is no 指 ("6307) in font nullfont!
Missing character: There is no 定 ("5B9A) in font nullfont!
Missing character: There is no 流 ("6D41) in font nullfont!
Missing character: There is no 量 ("91CF) in font nullfont!
Missing character: There is no 形 ("5F62) in font nullfont!
Missing character: There is no 态 ("6001) in font nullfont!
Missing character: There is no 与 ("4E0E) in font nullfont!
Missing character: There is no 归 ("5F52) in font nullfont!
Missing character: There is no 一 ("4E00) in font nullfont!
Missing character: There is no 化 ("5316) in font nullfont!
Missing character: There is no 平 ("5E73) in font nullfont!
Missing character: There is no 均 ("5747) in font nullfont!
Missing character: There is no 到 ("5230) in font nullfont!
Missing character: There is no 达 ("8FBE) in font nullfont!
Missing character: There is no 率 ("7387) in font nullfont!
Missing character: There is no ， ("FF0C) in font nullfont!
Missing character: There is no 形 ("5F62) in font nullfont!
Missing character: There is no 成 ("6210) in font nullfont!
Missing character: There is no “ ("201C) in font nullfont!
Missing character: There is no 低 ("4F4E) in font nullfont!
Missing character: There is no 负 ("8D1F) in font nullfont!
Missing character: There is no 载 ("8F7D) in font nullfont!
Missing character: There is no → ("2192) in font nullfont!
Missing character: There is no 中 ("4E2D) in font nullfont!
Missing character: There is no 负 ("8D1F) in font nullfont!
Missing character: There is no 载 ("8F7D) in font nullfont!
Missing character: There is no → ("2192) in font nullfont!
Missing character: There is no 高 ("9AD8) in font nullfont!
Missing character: There is no 负 ("8D1F) in font nullfont!
Missing character: There is no 载 ("8F7D) in font nullfont!
Missing character: There is no → ("2192) in font nullfont!
Missing character: There is no 恢 ("6062) in font nullfont!
Missing character: There is no 复 ("590D) in font nullfont!
Missing character: There is no ” ("201D) in font nullfont!
Missing character: There is no 的 ("7684) in font nullfont!
Missing character: There is no 周 ("5468) in font nullfont!
Missing character: There is no 期 ("671F) in font nullfont!
Missing character: There is no 性 ("6027) in font nullfont!
Missing character: There is no 序 ("5E8F) in font nullfont!
Missing character: There is no 列 ("5217) in font nullfont!
Missing character: There is no ， ("FF0C) in font nullfont!
Missing character: There is no 覆 ("8986) in font nullfont!
Missing character: There is no 盖 ("76D6) in font nullfont!
Missing character: There is no 均 ("5747) in font nullfont!
Missing character: There is no 匀 ("5300) in font nullfont!
Missing character: There is no 、 ("3001) in font nullfont!
Missing character: There is no 突 ("7A81) in font nullfont!
Missing character: There is no 发 ("53D1) in font nullfont!
Missing character: There is no 与 ("4E0E) in font nullfont!
Missing character: There is no 周 ("5468) in font nullfont!
Missing character: There is no 期 ("671F) in font nullfont!
Missing character: There is no 三 ("4E09) in font nullfont!
Missing character: There is no 类 ("7C7B) in font nullfont!
Missing character: There is no 场 ("573A) in font nullfont!
Missing character: There is no 景 ("666F) in font nullfont!
Missing character: There is no ， ("FF0C) in font nullfont!
Missing character: There is no 具 ("5177) in font nullfont!
Missing character: There is no 体 ("4F53) in font nullfont!
Missing character: There is no 如 ("5982) in font nullfont!
Missing character: There is no 下 ("4E0B) in font nullfont!
Missing character: There is no ： ("FF1A) in font nullfont!

Overfull \hbox (20.0pt too wide) in paragraph at lines 760--761
[]
 []


Overfull \hbox (12.77782pt too wide) in paragraph at lines 760--761
\OT1/cmr/m/n/10 3 \OMS/cmsy/m/n/10 ^^B
 []


Overfull \hbox (14.48616pt too wide) in paragraph at lines 760--761
\OT1/cmr/m/n/10 10[]$
 []


Overfull \hbox (5.83336pt too wide) in paragraph at lines 760--761
[]$ 
 []

Missing character: There is no [ ("5B) in font nullfont!
Missing character: There is no l ("6C) in font nullfont!
Missing character: There is no e ("65) in font nullfont!
Missing character: There is no f ("66) in font nullfont!
Missing character: There is no t ("74) in font nullfont!
Missing character: There is no m ("6D) in font nullfont!
Missing character: There is no a ("61) in font nullfont!
Missing character: There is no r ("72) in font nullfont!
Missing character: There is no g ("67) in font nullfont!
Missing character: There is no i ("69) in font nullfont!
Missing character: There is no n ("6E) in font nullfont!
Missing character: There is no = ("3D) in font nullfont!
Missing character: There is no * ("2A) in font nullfont!
Missing character: There is no ] ("5D) in font nullfont!

! LaTeX Error: Something's wrong--perhaps a missing \item.

See the LaTeX manual or LaTeX Companion for explanation.
Type  H <return>  for immediate help.
 ...                                              
                                                  
l.762 ^^I\item 窗
                口1（$t\in[0,3\times10^5)$）：均匀到达（U），$\hat{\lambda}=0.10$；
Try typing  <return>  to proceed.
If that doesn't work, type  X <return>  to quit.


! LaTeX Error: Something's wrong--perhaps a missing \item.

See the LaTeX manual or LaTeX Companion for explanation.
Type  H <return>  for immediate help.
 ...                                              
                                                  
l.762 ^^I\item 窗
                口1（$t\in[0,3\times10^5)$）：均匀到达（U），$\hat{\lambda}=0.10$；
Try typing  <return>  to proceed.
If that doesn't work, type  X <return>  to quit.


! LaTeX Error: Something's wrong--perhaps a missing \item.

See the LaTeX manual or LaTeX Companion for explanation.
Type  H <return>  for immediate help.
 ...                                              
                                                  
l.762 ^^I\item 窗
                口1（$t\in[0,3\times10^5)$）：均匀到达（U），$\hat{\lambda}=0.10$；
Try typing  <return>  to proceed.
If that doesn't work, type  X <return>  to quit.

Missing character: There is no 窗 ("7A97) in font nullfont!
Missing character: There is no 口 ("53E3) in font nullfont!
Missing character: There is no 1 ("31) in font nullfont!
Missing character: There is no （ ("FF08) in font nullfont!
Missing character: There is no ） ("FF09) in font nullfont!
Missing character: There is no ： ("FF1A) in font nullfont!
Missing character: There is no 均 ("5747) in font nullfont!
Missing character: There is no 匀 ("5300) in font nullfont!
Missing character: There is no 到 ("5230) in font nullfont!
Missing character: There is no 达 ("8FBE) in font nullfont!
Missing character: There is no （ ("FF08) in font nullfont!
Missing character: There is no U ("55) in font nullfont!
Missing character: There is no ） ("FF09) in font nullfont!
Missing character: There is no ， ("FF0C) in font nullfont!
Missing character: There is no ； ("FF1B) in font nullfont!

! LaTeX Error: Something's wrong--perhaps a missing \item.

See the LaTeX manual or LaTeX Companion for explanation.
Type  H <return>  for immediate help.
 ...                                              
                                                  
l.763 ^^I\item 窗
                口2（$t\in[3\times10^5,6\times10^5)$）：突发到达（B），$\hat{\lambda}=0...

Try typing  <return>  to proceed.
If that doesn't work, type  X <return>  to quit.


! LaTeX Error: Something's wrong--perhaps a missing \item.

See the LaTeX manual or LaTeX Companion for explanation.
Type  H <return>  for immediate help.
 ...                                              
                                                  
l.763 ^^I\item 窗
                口2（$t\in[3\times10^5,6\times10^5)$）：突发到达（B），$\hat{\lambda}=0...

Try typing  <return>  to proceed.
If that doesn't work, type  X <return>  to quit.


! LaTeX Error: Something's wrong--perhaps a missing \item.

See the LaTeX manual or LaTeX Companion for explanation.
Type  H <return>  for immediate help.
 ...                                              
                                                  
l.763 ^^I\item 窗
                口2（$t\in[3\times10^5,6\times10^5)$）：突发到达（B），$\hat{\lambda}=0...

Try typing  <return>  to proceed.
If that doesn't work, type  X <return>  to quit.

Missing character: There is no 窗 ("7A97) in font nullfont!
Missing character: There is no 口 ("53E3) in font nullfont!
Missing character: There is no 2 ("32) in font nullfont!
Missing character: There is no （ ("FF08) in font nullfont!
Missing character: There is no ） ("FF09) in font nullfont!
Missing character: There is no ： ("FF1A) in font nullfont!
Missing character: There is no 突 ("7A81) in font nullfont!
Missing character: There is no 发 ("53D1) in font nullfont!
Missing character: There is no 到 ("5230) in font nullfont!
Missing character: There is no 达 ("8FBE) in font nullfont!
Missing character: There is no （ ("FF08) in font nullfont!
Missing character: There is no B ("42) in font nullfont!
Missing character: There is no ） ("FF09) in font nullfont!
Missing character: There is no ， ("FF0C) in font nullfont!
Missing character: There is no ； ("FF1B) in font nullfont!

! LaTeX Error: Something's wrong--perhaps a missing \item.

See the LaTeX manual or LaTeX Companion for explanation.
Type  H <return>  for immediate help.
 ...                                              
                                                  
l.764 ^^I\item 窗
                口3（$t\in[6\times10^5,9\times10^5)$）：周期到达（P），$\hat{\lambda}=0...

Try typing  <return>  to proceed.
If that doesn't work, type  X <return>  to quit.


! LaTeX Error: Something's wrong--perhaps a missing \item.

See the LaTeX manual or LaTeX Companion for explanation.
Type  H <return>  for immediate help.
 ...                                              
                                                  
l.764 ^^I\item 窗
                口3（$t\in[6\times10^5,9\times10^5)$）：周期到达（P），$\hat{\lambda}=0...

Try typing  <return>  to proceed.
If that doesn't work, type  X <return>  to quit.


! LaTeX Error: Something's wrong--perhaps a missing \item.

See the LaTeX manual or LaTeX Companion for explanation.
Type  H <return>  for immediate help.
 ...                                              
                                                  
l.764 ^^I\item 窗
                口3（$t\in[6\times10^5,9\times10^5)$）：周期到达（P），$\hat{\lambda}=0...

Try typing  <return>  to proceed.
If that doesn't work, type  X <return>  to quit.

Missing character: There is no 窗 ("7A97) in font nullfont!
Missing character: There is no 口 ("53E3) in font nullfont!
Missing character: There is no 3 ("33) in font nullfont!
Missing character: There is no （ ("FF08) in font nullfont!
Missing character: There is no ） ("FF09) in font nullfont!
Missing character: There is no ： ("FF1A) in font nullfont!
Missing character: There is no 周 ("5468) in font nullfont!
Missing character: There is no 期 ("671F) in font nullfont!
Missing character: There is no 到 ("5230) in font nullfont!
Missing character: There is no 达 ("8FBE) in font nullfont!
Missing character: There is no （ ("FF08) in font nullfont!
Missing character: There is no P ("50) in font nullfont!
Missing character: There is no ） ("FF09) in font nullfont!
Missing character: There is no ， ("FF0C) in font nullfont!
Missing character: There is no ； ("FF1B) in font nullfont!

! LaTeX Error: Something's wrong--perhaps a missing \item.

See the LaTeX manual or LaTeX Companion for explanation.
Type  H <return>  for immediate help.
 ...                                              
                                                  
l.765 ^^I\item 窗
                口4（$t\in[9\times10^5,12\times10^5)$）：均匀到达（U），$\hat{\lambda}=...

Try typing  <return>  to proceed.
If that doesn't work, type  X <return>  to quit.


! LaTeX Error: Something's wrong--perhaps a missing \item.

See the LaTeX manual or LaTeX Companion for explanation.
Type  H <return>  for immediate help.
 ...                                              
                                                  
l.765 ^^I\item 窗
                口4（$t\in[9\times10^5,12\times10^5)$）：均匀到达（U），$\hat{\lambda}=...

Try typing  <return>  to proceed.
If that doesn't work, type  X <return>  to quit.


! LaTeX Error: Something's wrong--perhaps a missing \item.

See the LaTeX manual or LaTeX Companion for explanation.
Type  H <return>  for immediate help.
 ...                                              
                                                  
l.765 ^^I\item 窗
                口4（$t\in[9\times10^5,12\times10^5)$）：均匀到达（U），$\hat{\lambda}=...

Try typing  <return>  to proceed.
If that doesn't work, type  X <return>  to quit.

Missing character: There is no 窗 ("7A97) in font nullfont!
Missing character: There is no 口 ("53E3) in font nullfont!
Missing character: There is no 4 ("34) in font nullfont!
Missing character: There is no （ ("FF08) in font nullfont!
Missing character: There is no ） ("FF09) in font nullfont!
Missing character: There is no ： ("FF1A) in font nullfont!
Missing character: There is no 均 ("5747) in font nullfont!
Missing character: There is no 匀 ("5300) in font nullfont!
Missing character: There is no 到 ("5230) in font nullfont!
Missing character: There is no 达 ("8FBE) in font nullfont!
Missing character: There is no （ ("FF08) in font nullfont!
Missing character: There is no U ("55) in font nullfont!
Missing character: There is no ） ("FF09) in font nullfont!
Missing character: There is no ， ("FF0C) in font nullfont!
Missing character: There is no ； ("FF1B) in font nullfont!

! LaTeX Error: Something's wrong--perhaps a missing \item.

See the LaTeX manual or LaTeX Companion for explanation.
Type  H <return>  for immediate help.
 ...                                              
                                                  
l.766 ^^I\item 窗
                口5（$t\in[12\times10^5,15\times10^5)$）：突发到达（B），$\hat{\lambda}...

Try typing  <return>  to proceed.
If that doesn't work, type  X <return>  to quit.


! LaTeX Error: Something's wrong--perhaps a missing \item.

See the LaTeX manual or LaTeX Companion for explanation.
Type  H <return>  for immediate help.
 ...                                              
                                                  
l.766 ^^I\item 窗
                口5（$t\in[12\times10^5,15\times10^5)$）：突发到达（B），$\hat{\lambda}...

Try typing  <return>  to proceed.
If that doesn't work, type  X <return>  to quit.


! LaTeX Error: Something's wrong--perhaps a missing \item.

See the LaTeX manual or LaTeX Companion for explanation.
Type  H <return>  for immediate help.
 ...                                              
                                                  
l.766 ^^I\item 窗
                口5（$t\in[12\times10^5,15\times10^5)$）：突发到达（B），$\hat{\lambda}...

Try typing  <return>  to proceed.
If that doesn't work, type  X <return>  to quit.

Missing character: There is no 窗 ("7A97) in font nullfont!
Missing character: There is no 口 ("53E3) in font nullfont!
Missing character: There is no 5 ("35) in font nullfont!
Missing character: There is no （ ("FF08) in font nullfont!
Missing character: There is no ） ("FF09) in font nullfont!
Missing character: There is no ： ("FF1A) in font nullfont!
Missing character: There is no 突 ("7A81) in font nullfont!
Missing character: There is no 发 ("53D1) in font nullfont!
Missing character: There is no 到 ("5230) in font nullfont!
Missing character: There is no 达 ("8FBE) in font nullfont!
Missing character: There is no （ ("FF08) in font nullfont!
Missing character: There is no B ("42) in font nullfont!
Missing character: There is no ） ("FF09) in font nullfont!
Missing character: There is no ， ("FF0C) in font nullfont!
Missing character: There is no ； ("FF1B) in font nullfont!

! LaTeX Error: Something's wrong--perhaps a missing \item.

See the LaTeX manual or LaTeX Companion for explanation.
Type  H <return>  for immediate help.
 ...                                              
                                                  
l.767 ^^I\item 窗
                口6（$t\in[15\times10^5,18\times10^5)$）：周期到达（P），$\hat{\lambda}...

Try typing  <return>  to proceed.
If that doesn't work, type  X <return>  to quit.


! LaTeX Error: Something's wrong--perhaps a missing \item.

See the LaTeX manual or LaTeX Companion for explanation.
Type  H <return>  for immediate help.
 ...                                              
                                                  
l.767 ^^I\item 窗
                口6（$t\in[15\times10^5,18\times10^5)$）：周期到达（P），$\hat{\lambda}...

Try typing  <return>  to proceed.
If that doesn't work, type  X <return>  to quit.


! LaTeX Error: Something's wrong--perhaps a missing \item.

See the LaTeX manual or LaTeX Companion for explanation.
Type  H <return>  for immediate help.
 ...                                              
                                                  
l.767 ^^I\item 窗
                口6（$t\in[15\times10^5,18\times10^5)$）：周期到达（P），$\hat{\lambda}...

Try typing  <return>  to proceed.
If that doesn't work, type  X <return>  to quit.

Missing character: There is no 窗 ("7A97) in font nullfont!
Missing character: There is no 口 ("53E3) in font nullfont!
Missing character: There is no 6 ("36) in font nullfont!
Missing character: There is no （ ("FF08) in font nullfont!
Missing character: There is no ） ("FF09) in font nullfont!
Missing character: There is no ： ("FF1A) in font nullfont!
Missing character: There is no 周 ("5468) in font nullfont!
Missing character: There is no 期 ("671F) in font nullfont!
Missing character: There is no 到 ("5230) in font nullfont!
Missing character: There is no 达 ("8FBE) in font nullfont!
Missing character: There is no （ ("FF08) in font nullfont!
Missing character: There is no P ("50) in font nullfont!
Missing character: There is no ） ("FF09) in font nullfont!
Missing character: There is no ， ("FF0C) in font nullfont!
Missing character: There is no ； ("FF1B) in font nullfont!

! LaTeX Error: Something's wrong--perhaps a missing \item.

See the LaTeX manual or LaTeX Companion for explanation.
Type  H <return>  for immediate help.
 ...                                              
                                                  
l.768 ^^I\item 窗
                口7（$t\in[18\times10^5,21\times10^5)$）：均匀到达（U），$\hat{\lambda}...

Try typing  <return>  to proceed.
If that doesn't work, type  X <return>  to quit.


! LaTeX Error: Something's wrong--perhaps a missing \item.

See the LaTeX manual or LaTeX Companion for explanation.
Type  H <return>  for immediate help.
 ...                                              
                                                  
l.768 ^^I\item 窗
                口7（$t\in[18\times10^5,21\times10^5)$）：均匀到达（U），$\hat{\lambda}...

Try typing  <return>  to proceed.
If that doesn't work, type  X <return>  to quit.


! LaTeX Error: Something's wrong--perhaps a missing \item.

See the LaTeX manual or LaTeX Companion for explanation.
Type  H <return>  for immediate help.
 ...                                              
                                                  
l.768 ^^I\item 窗
                口7（$t\in[18\times10^5,21\times10^5)$）：均匀到达（U），$\hat{\lambda}...

Try typing  <return>  to proceed.
If that doesn't work, type  X <return>  to quit.

Missing character: There is no 窗 ("7A97) in font nullfont!
Missing character: There is no 口 ("53E3) in font nullfont!
Missing character: There is no 7 ("37) in font nullfont!
Missing character: There is no （ ("FF08) in font nullfont!
Missing character: There is no ） ("FF09) in font nullfont!
Missing character: There is no ： ("FF1A) in font nullfont!
Missing character: There is no 均 ("5747) in font nullfont!
Missing character: There is no 匀 ("5300) in font nullfont!
Missing character: There is no 到 ("5230) in font nullfont!
Missing character: There is no 达 ("8FBE) in font nullfont!
Missing character: There is no （ ("FF08) in font nullfont!
Missing character: There is no U ("55) in font nullfont!
Missing character: There is no ） ("FF09) in font nullfont!
Missing character: There is no ， ("FF0C) in font nullfont!
Missing character: There is no ； ("FF1B) in font nullfont!

! LaTeX Error: Something's wrong--perhaps a missing \item.

See the LaTeX manual or LaTeX Companion for explanation.
Type  H <return>  for immediate help.
 ...                                              
                                                  
l.769 ^^I\item 窗
                口8（$t\in[21\times10^5,24\times10^5)$）：突发到达（B），$\hat{\lambda}...

Try typing  <return>  to proceed.
If that doesn't work, type  X <return>  to quit.


! LaTeX Error: Something's wrong--perhaps a missing \item.

See the LaTeX manual or LaTeX Companion for explanation.
Type  H <return>  for immediate help.
 ...                                              
                                                  
l.769 ^^I\item 窗
                口8（$t\in[21\times10^5,24\times10^5)$）：突发到达（B），$\hat{\lambda}...

Try typing  <return>  to proceed.
If that doesn't work, type  X <return>  to quit.


! LaTeX Error: Something's wrong--perhaps a missing \item.

See the LaTeX manual or LaTeX Companion for explanation.
Type  H <return>  for immediate help.
 ...                                              
                                                  
l.769 ^^I\item 窗
                口8（$t\in[21\times10^5,24\times10^5)$）：突发到达（B），$\hat{\lambda}...

Try typing  <return>  to proceed.
If that doesn't work, type  X <return>  to quit.

Missing character: There is no 窗 ("7A97) in font nullfont!
Missing character: There is no 口 ("53E3) in font nullfont!
Missing character: There is no 8 ("38) in font nullfont!
Missing character: There is no （ ("FF08) in font nullfont!
Missing character: There is no ） ("FF09) in font nullfont!
Missing character: There is no ： ("FF1A) in font nullfont!
Missing character: There is no 突 ("7A81) in font nullfont!
Missing character: There is no 发 ("53D1) in font nullfont!
Missing character: There is no 到 ("5230) in font nullfont!
Missing character: There is no 达 ("8FBE) in font nullfont!
Missing character: There is no （ ("FF08) in font nullfont!
Missing character: There is no B ("42) in font nullfont!
Missing character: There is no ） ("FF09) in font nullfont!
Missing character: There is no ， ("FF0C) in font nullfont!
Missing character: There is no ； ("FF1B) in font nullfont!

! LaTeX Error: Something's wrong--perhaps a missing \item.

See the LaTeX manual or LaTeX Companion for explanation.
Type  H <return>  for immediate help.
 ...                                              
                                                  
l.770 ^^I\item 窗
                口9（$t\in[24\times10^5,27\times10^5)$）：周期到达（P），$\hat{\lambda}...

Try typing  <return>  to proceed.
If that doesn't work, type  X <return>  to quit.


! LaTeX Error: Something's wrong--perhaps a missing \item.

See the LaTeX manual or LaTeX Companion for explanation.
Type  H <return>  for immediate help.
 ...                                              
                                                  
l.770 ^^I\item 窗
                口9（$t\in[24\times10^5,27\times10^5)$）：周期到达（P），$\hat{\lambda}...

Try typing  <return>  to proceed.
If that doesn't work, type  X <return>  to quit.


! LaTeX Error: Something's wrong--perhaps a missing \item.

See the LaTeX manual or LaTeX Companion for explanation.
Type  H <return>  for immediate help.
 ...                                              
                                                  
l.770 ^^I\item 窗
                口9（$t\in[24\times10^5,27\times10^5)$）：周期到达（P），$\hat{\lambda}...

Try typing  <return>  to proceed.
If that doesn't work, type  X <return>  to quit.

Missing character: There is no 窗 ("7A97) in font nullfont!
Missing character: There is no 口 ("53E3) in font nullfont!
Missing character: There is no 9 ("39) in font nullfont!
Missing character: There is no （ ("FF08) in font nullfont!
Missing character: There is no ） ("FF09) in font nullfont!
Missing character: There is no ： ("FF1A) in font nullfont!
Missing character: There is no 周 ("5468) in font nullfont!
Missing character: There is no 期 ("671F) in font nullfont!
Missing character: There is no 到 ("5230) in font nullfont!
Missing character: There is no 达 ("8FBE) in font nullfont!
Missing character: There is no （ ("FF08) in font nullfont!
Missing character: There is no P ("50) in font nullfont!
Missing character: There is no ） ("FF09) in font nullfont!
Missing character: There is no ， ("FF0C) in font nullfont!
Missing character: There is no ； ("FF1B) in font nullfont!

! LaTeX Error: Something's wrong--perhaps a missing \item.

See the LaTeX manual or LaTeX Companion for explanation.
Type  H <return>  for immediate help.
 ...                                              
                                                  
l.771 ^^I\item 窗
                口10（$t\in[27\times10^5,30\times10^5)$）：均匀到达（U），$\hat{\lambda...

Try typing  <return>  to proceed.
If that doesn't work, type  X <return>  to quit.


! LaTeX Error: Something's wrong--perhaps a missing \item.

See the LaTeX manual or LaTeX Companion for explanation.
Type  H <return>  for immediate help.
 ...                                              
                                                  
l.771 ^^I\item 窗
                口10（$t\in[27\times10^5,30\times10^5)$）：均匀到达（U），$\hat{\lambda...

Try typing  <return>  to proceed.
If that doesn't work, type  X <return>  to quit.


! LaTeX Error: Something's wrong--perhaps a missing \item.

See the LaTeX manual or LaTeX Companion for explanation.
Type  H <return>  for immediate help.
 ...                                              
                                                  
l.771 ^^I\item 窗
                口10（$t\in[27\times10^5,30\times10^5)$）：均匀到达（U），$\hat{\lambda...

Try typing  <return>  to proceed.
If that doesn't work, type  X <return>  to quit.

Missing character: There is no 窗 ("7A97) in font nullfont!
Missing character: There is no 口 ("53E3) in font nullfont!
Missing character: There is no 1 ("31) in font nullfont!
Missing character: There is no 0 ("30) in font nullfont!
Missing character: There is no （ ("FF08) in font nullfont!
Missing character: There is no ） ("FF09) in font nullfont!
Missing character: There is no ： ("FF1A) in font nullfont!
Missing character: There is no 均 ("5747) in font nullfont!
Missing character: There is no 匀 ("5300) in font nullfont!
Missing character: There is no 到 ("5230) in font nullfont!
Missing character: There is no 达 ("8FBE) in font nullfont!
Missing character: There is no （ ("FF08) in font nullfont!
Missing character: There is no U ("55) in font nullfont!
Missing character: There is no ） ("FF09) in font nullfont!
Missing character: There is no ， ("FF0C) in font nullfont!
Missing character: There is no 。 ("3002) in font nullfont!

! LaTeX Error: Something's wrong--perhaps a missing \item.

See the LaTeX manual or LaTeX Companion for explanation.
Type  H <return>  for immediate help.
 ...                                              
                                                  
l.772 \end{enumerate}
                     
Try typing  <return>  to proceed.
If that doesn't work, type  X <return>  to quit.


Overfull \hbox (13.05551pt too wide) in paragraph at lines 761--772
[]$\OML/cmm/m/it/10 t \OMS/cmsy/m/n/10 2
 []


Overfull \hbox (25.00003pt too wide) in paragraph at lines 761--772
\OT1/cmr/m/n/10 [0\OML/cmm/m/it/10 ; \OT1/cmr/m/n/10 3 \OMS/cmsy/m/n/10 ^^B
 []


Overfull \hbox (34.76393pt too wide) in paragraph at lines 761--772
\OT1/cmr/m/n/10 10[])$$[] =
 []


Overfull \hbox (17.77783pt too wide) in paragraph at lines 761--772
\OT1/cmr/m/n/10 0\OML/cmm/m/it/10 :\OT1/cmr/m/n/10 10$
 []


Overfull \hbox (13.05551pt too wide) in paragraph at lines 761--772
[]$\OML/cmm/m/it/10 t \OMS/cmsy/m/n/10 2
 []


Overfull \hbox (15.5556pt too wide) in paragraph at lines 761--772
\OT1/cmr/m/n/10 [3 \OMS/cmsy/m/n/10 ^^B
 []


Overfull \hbox (31.70839pt too wide) in paragraph at lines 761--772
\OT1/cmr/m/n/10 10[]\OML/cmm/m/it/10 ; \OT1/cmr/m/n/10 6 \OMS/cmsy/m/n/10 ^^B
 []


Overfull \hbox (34.76393pt too wide) in paragraph at lines 761--772
\OT1/cmr/m/n/10 10[])$$[] =
 []


Overfull \hbox (17.77783pt too wide) in paragraph at lines 761--772
\OT1/cmr/m/n/10 0\OML/cmm/m/it/10 :\OT1/cmr/m/n/10 30$
 []


Overfull \hbox (13.05551pt too wide) in paragraph at lines 761--772
[]$\OML/cmm/m/it/10 t \OMS/cmsy/m/n/10 2
 []


Overfull \hbox (15.5556pt too wide) in paragraph at lines 761--772
\OT1/cmr/m/n/10 [6 \OMS/cmsy/m/n/10 ^^B
 []


Overfull \hbox (31.70839pt too wide) in paragraph at lines 761--772
\OT1/cmr/m/n/10 10[]\OML/cmm/m/it/10 ; \OT1/cmr/m/n/10 9 \OMS/cmsy/m/n/10 ^^B
 []


Overfull \hbox (34.76393pt too wide) in paragraph at lines 761--772
\OT1/cmr/m/n/10 10[])$$[] =
 []


Overfull \hbox (17.77783pt too wide) in paragraph at lines 761--772
\OT1/cmr/m/n/10 0\OML/cmm/m/it/10 :\OT1/cmr/m/n/10 50$
 []


Overfull \hbox (13.05551pt too wide) in paragraph at lines 761--772
[]$\OML/cmm/m/it/10 t \OMS/cmsy/m/n/10 2
 []


Overfull \hbox (15.5556pt too wide) in paragraph at lines 761--772
\OT1/cmr/m/n/10 [9 \OMS/cmsy/m/n/10 ^^B
 []


Overfull \hbox (36.7084pt too wide) in paragraph at lines 761--772
\OT1/cmr/m/n/10 10[]\OML/cmm/m/it/10 ; \OT1/cmr/m/n/10 12 \OMS/cmsy/m/n/10 ^^B
 []


Overfull \hbox (34.76393pt too wide) in paragraph at lines 761--772
\OT1/cmr/m/n/10 10[])$$[] =
 []


Overfull \hbox (17.77783pt too wide) in paragraph at lines 761--772
\OT1/cmr/m/n/10 0\OML/cmm/m/it/10 :\OT1/cmr/m/n/10 70$
 []


Overfull \hbox (13.05551pt too wide) in paragraph at lines 761--772
[]$\OML/cmm/m/it/10 t \OMS/cmsy/m/n/10 2
 []


Overfull \hbox (20.55562pt too wide) in paragraph at lines 761--772
\OT1/cmr/m/n/10 [12 \OMS/cmsy/m/n/10 ^^B
 []


Overfull \hbox (36.7084pt too wide) in paragraph at lines 761--772
\OT1/cmr/m/n/10 10[]\OML/cmm/m/it/10 ; \OT1/cmr/m/n/10 15 \OMS/cmsy/m/n/10 ^^B
 []


Overfull \hbox (34.76393pt too wide) in paragraph at lines 761--772
\OT1/cmr/m/n/10 10[])$$[] =
 []


Overfull \hbox (17.77783pt too wide) in paragraph at lines 761--772
\OT1/cmr/m/n/10 0\OML/cmm/m/it/10 :\OT1/cmr/m/n/10 50$
 []


Overfull \hbox (13.05551pt too wide) in paragraph at lines 761--772
[]$\OML/cmm/m/it/10 t \OMS/cmsy/m/n/10 2
 []


Overfull \hbox (20.55562pt too wide) in paragraph at lines 761--772
\OT1/cmr/m/n/10 [15 \OMS/cmsy/m/n/10 ^^B
 []


Overfull \hbox (36.7084pt too wide) in paragraph at lines 761--772
\OT1/cmr/m/n/10 10[]\OML/cmm/m/it/10 ; \OT1/cmr/m/n/10 18 \OMS/cmsy/m/n/10 ^^B
 []


Overfull \hbox (34.76393pt too wide) in paragraph at lines 761--772
\OT1/cmr/m/n/10 10[])$$[] =
 []


Overfull \hbox (17.77783pt too wide) in paragraph at lines 761--772
\OT1/cmr/m/n/10 0\OML/cmm/m/it/10 :\OT1/cmr/m/n/10 30$
 []


Overfull \hbox (13.05551pt too wide) in paragraph at lines 761--772
[]$\OML/cmm/m/it/10 t \OMS/cmsy/m/n/10 2
 []


Overfull \hbox (20.55562pt too wide) in paragraph at lines 761--772
\OT1/cmr/m/n/10 [18 \OMS/cmsy/m/n/10 ^^B
 []


Overfull \hbox (36.7084pt too wide) in paragraph at lines 761--772
\OT1/cmr/m/n/10 10[]\OML/cmm/m/it/10 ; \OT1/cmr/m/n/10 21 \OMS/cmsy/m/n/10 ^^B
 []


Overfull \hbox (34.76393pt too wide) in paragraph at lines 761--772
\OT1/cmr/m/n/10 10[])$$[] =
 []


Overfull \hbox (17.77783pt too wide) in paragraph at lines 761--772
\OT1/cmr/m/n/10 0\OML/cmm/m/it/10 :\OT1/cmr/m/n/10 20$
 []


Overfull \hbox (13.05551pt too wide) in paragraph at lines 761--772
[]$\OML/cmm/m/it/10 t \OMS/cmsy/m/n/10 2
 []


Overfull \hbox (20.55562pt too wide) in paragraph at lines 761--772
\OT1/cmr/m/n/10 [21 \OMS/cmsy/m/n/10 ^^B
 []


Overfull \hbox (36.7084pt too wide) in paragraph at lines 761--772
\OT1/cmr/m/n/10 10[]\OML/cmm/m/it/10 ; \OT1/cmr/m/n/10 24 \OMS/cmsy/m/n/10 ^^B
 []


Overfull \hbox (34.76393pt too wide) in paragraph at lines 761--772
\OT1/cmr/m/n/10 10[])$$[] =
 []


Overfull \hbox (17.77783pt too wide) in paragraph at lines 761--772
\OT1/cmr/m/n/10 0\OML/cmm/m/it/10 :\OT1/cmr/m/n/10 60$
 []


Overfull \hbox (13.05551pt too wide) in paragraph at lines 761--772
[]$\OML/cmm/m/it/10 t \OMS/cmsy/m/n/10 2
 []


Overfull \hbox (20.55562pt too wide) in paragraph at lines 761--772
\OT1/cmr/m/n/10 [24 \OMS/cmsy/m/n/10 ^^B
 []


Overfull \hbox (36.7084pt too wide) in paragraph at lines 761--772
\OT1/cmr/m/n/10 10[]\OML/cmm/m/it/10 ; \OT1/cmr/m/n/10 27 \OMS/cmsy/m/n/10 ^^B
 []


Overfull \hbox (34.76393pt too wide) in paragraph at lines 761--772
\OT1/cmr/m/n/10 10[])$$[] =
 []


Overfull \hbox (17.77783pt too wide) in paragraph at lines 761--772
\OT1/cmr/m/n/10 0\OML/cmm/m/it/10 :\OT1/cmr/m/n/10 40$
 []


Overfull \hbox (13.05551pt too wide) in paragraph at lines 761--772
[]$\OML/cmm/m/it/10 t \OMS/cmsy/m/n/10 2
 []


Overfull \hbox (20.55562pt too wide) in paragraph at lines 761--772
\OT1/cmr/m/n/10 [27 \OMS/cmsy/m/n/10 ^^B
 []


Overfull \hbox (36.7084pt too wide) in paragraph at lines 761--772
\OT1/cmr/m/n/10 10[]\OML/cmm/m/it/10 ; \OT1/cmr/m/n/10 30 \OMS/cmsy/m/n/10 ^^B
 []


Overfull \hbox (34.76393pt too wide) in paragraph at lines 761--772
\OT1/cmr/m/n/10 10[])$$[] =
 []


Overfull \hbox (17.77783pt too wide) in paragraph at lines 761--772
\OT1/cmr/m/n/10 0\OML/cmm/m/it/10 :\OT1/cmr/m/n/10 15$ 
 []

Missing character: There is no 该 ("8BE5) in font nullfont!
Missing character: There is no 序 ("5E8F) in font nullfont!
Missing character: There is no 列 ("5217) in font nullfont!
Missing character: There is no 在 ("5728) in font nullfont!
Missing character: There is no 形 ("5F62) in font nullfont!
Missing character: There is no 态 ("6001) in font nullfont!
Missing character: There is no 与 ("4E0E) in font nullfont!
Missing character: There is no 强 ("5F3A) in font nullfont!
Missing character: There is no 度 ("5EA6) in font nullfont!
Missing character: There is no 上 ("4E0A) in font nullfont!
Missing character: There is no 交 ("4EA4) in font nullfont!
Missing character: There is no 替 ("66FF) in font nullfont!
Missing character: There is no 变 ("53D8) in font nullfont!
Missing character: There is no 化 ("5316) in font nullfont!
Missing character: There is no ， ("FF0C) in font nullfont!
Missing character: There is no 包 ("5305) in font nullfont!
Missing character: There is no 含 ("542B) in font nullfont!
Missing character: There is no 升 ("5347) in font nullfont!
Missing character: There is no 载 ("8F7D) in font nullfont!
Missing character: There is no 与 ("4E0E) in font nullfont!
Missing character: There is no 降 ("964D) in font nullfont!
Missing character: There is no 载 ("8F7D) in font nullfont!
Missing character: There is no 过 ("8FC7) in font nullfont!
Missing character: There is no 程 ("7A0B) in font nullfont!
Missing character: There is no ， ("FF0C) in font nullfont!
Missing character: There is no 并 ("5E76) in font nullfont!
Missing character: There is no 引 ("5F15) in font nullfont!
Missing character: There is no 入 ("5165) in font nullfont!
Missing character: There is no 形 ("5F62) in font nullfont!
Missing character: There is no 态 ("6001) in font nullfont!
Missing character: There is no 切 ("5207) in font nullfont!
Missing character: There is no 换 ("6362) in font nullfont!
Missing character: There is no 带 ("5E26) in font nullfont!
Missing character: There is no 来 ("6765) in font nullfont!
Missing character: There is no 的 ("7684) in font nullfont!
Missing character: There is no 统 ("7EDF) in font nullfont!
Missing character: There is no 计 ("8BA1) in font nullfont!
Missing character: There is no 差 ("5DEE) in font nullfont!
Missing character: There is no 异 ("5F02) in font nullfont!
Missing character: There is no ， ("FF0C) in font nullfont!
Missing character: There is no 用 ("7528) in font nullfont!
Missing character: There is no 于 ("4E8E) in font nullfont!
Missing character: There is no 考 ("8003) in font nullfont!
Missing character: There is no 察 ("5BDF) in font nullfont!
Missing character: There is no 单 ("5355) in font nullfont!
Missing character: There is no 一 ("4E00) in font nullfont!
Missing character: There is no 协 ("534F) in font nullfont!
Missing character: There is no 议 ("8BAE) in font nullfont!
Missing character: There is no 在 ("5728) in font nullfont!
Missing character: There is no 动 ("52A8) in font nullfont!
Missing character: There is no 态 ("6001) in font nullfont!
Missing character: There is no 流 ("6D41) in font nullfont!
Missing character: There is no 量 ("91CF) in font nullfont!
Missing character: There is no 下 ("4E0B) in font nullfont!
Missing character: There is no 的 ("7684) in font nullfont!
Missing character: There is no 适 ("9002) in font nullfont!
Missing character: There is no 配 ("914D) in font nullfont!
Missing character: There is no 性 ("6027) in font nullfont!
Missing character: There is no ， ("FF0C) in font nullfont!
Missing character: There is no 并 ("5E76) in font nullfont!
Missing character: There is no 与 ("4E0E) in font nullfont!
Missing character: There is no 动 ("52A8) in font nullfont!
Missing character: There is no 态 ("6001) in font nullfont!
Missing character: There is no 切 ("5207) in font nullfont!
Missing character: There is no 换 ("6362) in font nullfont!
Missing character: There is no + ("2B) in font nullfont!
Missing character: There is no 调 ("8C03) in font nullfont!
Missing character: There is no 参 ("53C2) in font nullfont!
Missing character: There is no 策 ("7B56) in font nullfont!
Missing character: There is no 略 ("7565) in font nullfont!
Missing character: There is no 对 ("5BF9) in font nullfont!
Missing character: There is no 比 ("6BD4) in font nullfont!
Missing character: There is no 。 ("3002) in font nullfont!
Missing character: There is no 为 ("4E3A) in font nullfont!
Missing character: There is no 明 ("660E) in font nullfont!
Missing character: There is no 确 ("786E) in font nullfont!
Missing character: There is no 改 ("6539) in font nullfont!
Missing character: There is no 进 ("8FDB) in font nullfont!
Missing character: There is no 来 ("6765) in font nullfont!
Missing character: There is no 源 ("6E90) in font nullfont!
Missing character: There is no ， ("FF0C) in font nullfont!
Missing character: There is no 本 ("672C) in font nullfont!
Missing character: There is no 文 ("6587) in font nullfont!
Missing character: There is no 设 ("8BBE) in font nullfont!
Missing character: There is no 置 ("7F6E) in font nullfont!
Missing character: There is no 两 ("4E24) in font nullfont!
Missing character: There is no 类 ("7C7B) in font nullfont!
Missing character: There is no 基 ("57FA) in font nullfont!
Missing character: There is no 线 ("7EBF) in font nullfont!
Missing character: There is no 策 ("7B56) in font nullfont!
Missing character: There is no 略 ("7565) in font nullfont!
Missing character: There is no ： ("FF1A) in font nullfont!

Overfull \hbox (20.0pt too wide) in paragraph at lines 775--776
[] 
 []

Missing character: There is no [ ("5B) in font nullfont!
Missing character: There is no l ("6C) in font nullfont!
Missing character: There is no e ("65) in font nullfont!
Missing character: There is no f ("66) in font nullfont!
Missing character: There is no t ("74) in font nullfont!
Missing character: There is no m ("6D) in font nullfont!
Missing character: There is no a ("61) in font nullfont!
Missing character: There is no r ("72) in font nullfont!
Missing character: There is no g ("67) in font nullfont!
Missing character: There is no i ("69) in font nullfont!
Missing character: There is no n ("6E) in font nullfont!
Missing character: There is no = ("3D) in font nullfont!
Missing character: There is no * ("2A) in font nullfont!
Missing character: There is no ] ("5D) in font nullfont!

! LaTeX Error: Something's wrong--perhaps a missing \item.

See the LaTeX manual or LaTeX Companion for explanation.
Type  H <return>  for immediate help.
 ...                                              
                                                  
l.777 ^^I\item \textbf
                      {基线1：单一协议固定参数。} 采用 SA 协议，传输概率 $q=0.01$ 恒定不变，用作静态配置参考。
Try typing  <return>  to proceed.
If that doesn't work, type  X <return>  to quit.


! LaTeX Error: Something's wrong--perhaps a missing \item.

See the LaTeX manual or LaTeX Companion for explanation.
Type  H <return>  for immediate help.
 ...                                              
                                                  
l.777 ^^I\item \textbf
                      {基线1：单一协议固定参数。} 采用 SA 协议，传输概率 $q=0.01$ 恒定不变，用作静态配置参考。
Try typing  <return>  to proceed.
If that doesn't work, type  X <return>  to quit.


! LaTeX Error: Something's wrong--perhaps a missing \item.

See the LaTeX manual or LaTeX Companion for explanation.
Type  H <return>  for immediate help.
 ...                                              
                                                  
l.777 ^^I\item \textbf
                      {基线1：单一协议固定参数。} 采用 SA 协议，传输概率 $q=0.01$ 恒定不变，用作静态配置参考。
Try typing  <return>  to proceed.
If that doesn't work, type  X <return>  to quit.

Missing character: There is no 基 (U+57FA) in font [lmroman10-bold]:mapping=tex-
text;!
Missing character: There is no 线 (U+7EBF) in font [lmroman10-bold]:mapping=tex-
text;!
Missing character: There is no ： (U+FF1A) in font [lmroman10-bold]:mapping=tex-
text;!
Missing character: There is no 单 (U+5355) in font [lmroman10-bold]:mapping=tex-
text;!
Missing character: There is no 一 (U+4E00) in font [lmroman10-bold]:mapping=tex-
text;!
Missing character: There is no 协 (U+534F) in font [lmroman10-bold]:mapping=tex-
text;!
Missing character: There is no 议 (U+8BAE) in font [lmroman10-bold]:mapping=tex-
text;!
Missing character: There is no 固 (U+56FA) in font [lmroman10-bold]:mapping=tex-
text;!
Missing character: There is no 定 (U+5B9A) in font [lmroman10-bold]:mapping=tex-
text;!
Missing character: There is no 参 (U+53C2) in font [lmroman10-bold]:mapping=tex-
text;!
Missing character: There is no 数 (U+6570) in font [lmroman10-bold]:mapping=tex-
text;!
Missing character: There is no 。 (U+3002) in font [lmroman10-bold]:mapping=tex-
text;!
Missing character: There is no 采 ("91C7) in font nullfont!
Missing character: There is no 用 ("7528) in font nullfont!
Missing character: There is no S ("53) in font nullfont!
Missing character: There is no A ("41) in font nullfont!
Missing character: There is no 协 ("534F) in font nullfont!
Missing character: There is no 议 ("8BAE) in font nullfont!
Missing character: There is no ， ("FF0C) in font nullfont!
Missing character: There is no 传 ("4F20) in font nullfont!
Missing character: There is no 输 ("8F93) in font nullfont!
Missing character: There is no 概 ("6982) in font nullfont!
Missing character: There is no 率 ("7387) in font nullfont!
Missing character: There is no 恒 ("6052) in font nullfont!
Missing character: There is no 定 ("5B9A) in font nullfont!
Missing character: There is no 不 ("4E0D) in font nullfont!
Missing character: There is no 变 ("53D8) in font nullfont!
Missing character: There is no ， ("FF0C) in font nullfont!
Missing character: There is no 用 ("7528) in font nullfont!
Missing character: There is no 作 ("4F5C) in font nullfont!
Missing character: There is no 静 ("9759) in font nullfont!
Missing character: There is no 态 ("6001) in font nullfont!
Missing character: There is no 配 ("914D) in font nullfont!
Missing character: There is no 置 ("7F6E) in font nullfont!
Missing character: There is no 参 ("53C2) in font nullfont!
Missing character: There is no 考 ("8003) in font nullfont!
Missing character: There is no 。 ("3002) in font nullfont!

! LaTeX Error: Something's wrong--perhaps a missing \item.

See the LaTeX manual or LaTeX Companion for explanation.
Type  H <return>  for immediate help.
 ...                                              
                                                  
l.778 ^^I\item \textbf
                      {基线2：协议固定、参数可调。} 固定协议为 CBA，仅在协议内调参。对 $q$ 进行网格穷举（有效区间内均...

Try typing  <return>  to proceed.
If that doesn't work, type  X <return>  to quit.


! LaTeX Error: Something's wrong--perhaps a missing \item.

See the LaTeX manual or LaTeX Companion for explanation.
Type  H <return>  for immediate help.
 ...                                              
                                                  
l.778 ^^I\item \textbf
                      {基线2：协议固定、参数可调。} 固定协议为 CBA，仅在协议内调参。对 $q$ 进行网格穷举（有效区间内均...

Try typing  <return>  to proceed.
If that doesn't work, type  X <return>  to quit.


! LaTeX Error: Something's wrong--perhaps a missing \item.

See the LaTeX manual or LaTeX Companion for explanation.
Type  H <return>  for immediate help.
 ...                                              
                                                  
l.778 ^^I\item \textbf
                      {基线2：协议固定、参数可调。} 固定协议为 CBA，仅在协议内调参。对 $q$ 进行网格穷举（有效区间内均...

Try typing  <return>  to proceed.
If that doesn't work, type  X <return>  to quit.

Missing character: There is no 基 (U+57FA) in font [lmroman10-bold]:mapping=tex-
text;!
Missing character: There is no 线 (U+7EBF) in font [lmroman10-bold]:mapping=tex-
text;!
Missing character: There is no ： (U+FF1A) in font [lmroman10-bold]:mapping=tex-
text;!
Missing character: There is no 协 (U+534F) in font [lmroman10-bold]:mapping=tex-
text;!
Missing character: There is no 议 (U+8BAE) in font [lmroman10-bold]:mapping=tex-
text;!
Missing character: There is no 固 (U+56FA) in font [lmroman10-bold]:mapping=tex-
text;!
Missing character: There is no 定 (U+5B9A) in font [lmroman10-bold]:mapping=tex-
text;!
Missing character: There is no 、 (U+3001) in font [lmroman10-bold]:mapping=tex-
text;!
Missing character: There is no 参 (U+53C2) in font [lmroman10-bold]:mapping=tex-
text;!
Missing character: There is no 数 (U+6570) in font [lmroman10-bold]:mapping=tex-
text;!
Missing character: There is no 可 (U+53EF) in font [lmroman10-bold]:mapping=tex-
text;!
Missing character: There is no 调 (U+8C03) in font [lmroman10-bold]:mapping=tex-
text;!
Missing character: There is no 。 (U+3002) in font [lmroman10-bold]:mapping=tex-
text;!
Missing character: There is no 固 ("56FA) in font nullfont!
Missing character: There is no 定 ("5B9A) in font nullfont!
Missing character: There is no 协 ("534F) in font nullfont!
Missing character: There is no 议 ("8BAE) in font nullfont!
Missing character: There is no 为 ("4E3A) in font nullfont!
Missing character: There is no C ("43) in font nullfont!
Missing character: There is no B ("42) in font nullfont!
Missing character: There is no A ("41) in font nullfont!
Missing character: There is no ， ("FF0C) in font nullfont!
Missing character: There is no 仅 ("4EC5) in font nullfont!
Missing character: There is no 在 ("5728) in font nullfont!
Missing character: There is no 协 ("534F) in font nullfont!
Missing character: There is no 议 ("8BAE) in font nullfont!
Missing character: There is no 内 ("5185) in font nullfont!
Missing character: There is no 调 ("8C03) in font nullfont!
Missing character: There is no 参 ("53C2) in font nullfont!
Missing character: There is no 。 ("3002) in font nullfont!
Missing character: There is no 对 ("5BF9) in font nullfont!
Missing character: There is no 进 ("8FDB) in font nullfont!
Missing character: There is no 行 ("884C) in font nullfont!
Missing character: There is no 网 ("7F51) in font nullfont!
Missing character: There is no 格 ("683C) in font nullfont!
Missing character: There is no 穷 ("7A77) in font nullfont!
Missing character: There is no 举 ("4E3E) in font nullfont!
Missing character: There is no （ ("FF08) in font nullfont!
Missing character: There is no 有 ("6709) in font nullfont!
Missing character: There is no 效 ("6548) in font nullfont!
Missing character: There is no 区 ("533A) in font nullfont!
Missing character: There is no 间 ("95F4) in font nullfont!
Missing character: There is no 内 ("5185) in font nullfont!
Missing character: There is no 均 ("5747) in font nullfont!
Missing character: There is no 匀 ("5300) in font nullfont!
Missing character: There is no 取 ("53D6) in font nullfont!
Missing character: There is no 1 ("31) in font nullfont!
Missing character: There is no 0 ("30) in font nullfont!
Missing character: There is no 0 ("30) in font nullfont!
Missing character: There is no 个 ("4E2A) in font nullfont!
Missing character: There is no 采 ("91C7) in font nullfont!
Missing character: There is no 样 ("6837) in font nullfont!
Missing character: There is no 点 ("70B9) in font nullfont!
Missing character: There is no ， ("FF0C) in font nullfont!
Missing character: There is no 并 ("5E76) in font nullfont!
Missing character: There is no 在 ("5728) in font nullfont!
Missing character: There is no 峰 ("5CF0) in font nullfont!
Missing character: There is no 值 ("503C) in font nullfont!
Missing character: There is no 邻 ("90BB) in font nullfont!
Missing character: There is no 域 ("57DF) in font nullfont!
Missing character: There is no 额 ("989D) in font nullfont!
Missing character: There is no 外 ("5916) in font nullfont!
Missing character: There is no 加 ("52A0) in font nullfont!
Missing character: There is no 密 ("5BC6) in font nullfont!
Missing character: There is no 5 ("35) in font nullfont!
Missing character: There is no 0 ("30) in font nullfont!
Missing character: There is no 点 ("70B9) in font nullfont!
Missing character: There is no ） ("FF09) in font nullfont!
Missing character: There is no ， ("FF0C) in font nullfont!
Missing character: There is no 逐 ("9010) in font nullfont!
Missing character: There is no 一 ("4E00) in font nullfont!
Missing character: There is no 遍 ("904D) in font nullfont!
Missing character: There is no 历 ("5386) in font nullfont!
Missing character: There is no ， ("FF0C) in font nullfont!
Missing character: There is no 取 ("53D6) in font nullfont!
Missing character: There is no 效 ("6548) in font nullfont!
Missing character: There is no 用 ("7528) in font nullfont!
Missing character: There is no 最 ("6700) in font nullfont!
Missing character: There is no 大 ("5927) in font nullfont!
Missing character: There is no 者 ("8005) in font nullfont!
Missing character: There is no 作 ("4F5C) in font nullfont!
Missing character: There is no 为 ("4E3A) in font nullfont!
Missing character: There is no 该 ("8BE5) in font nullfont!
Missing character: There is no 窗 ("7A97) in font nullfont!
Missing character: There is no 口 ("53E3) in font nullfont!
Missing character: There is no 的 ("7684) in font nullfont!
Missing character: There is no 最 ("6700) in font nullfont!
Missing character: There is no 优 ("4F18) in font nullfont!
Missing character: There is no 配 ("914D) in font nullfont!
Missing character: There is no 置 ("7F6E) in font nullfont!
Missing character: There is no 。 ("3002) in font nullfont!

! LaTeX Error: Something's wrong--perhaps a missing \item.

See the LaTeX manual or LaTeX Companion for explanation.
Type  H <return>  for immediate help.
 ...                                              
                                                  
l.779 \end{itemize}
                   
Try typing  <return>  to proceed.
If that doesn't work, type  X <return>  to quit.


Overfull \hbox (39.35pt too wide) in paragraph at lines 776--779
[]\TU/lmr/bx/n/10 基线1：单一协议固定参数。
 []


Overfull \hbox (15.37842pt too wide) in paragraph at lines 776--779
\OML/cmm/m/it/10 q \OT1/cmr/m/n/10 =
 []


Overfull \hbox (17.77783pt too wide) in paragraph at lines 776--779
\OT1/cmr/m/n/10 0\OML/cmm/m/it/10 :\OT1/cmr/m/n/10 01$
 []


Overfull \hbox (42.15001pt too wide) in paragraph at lines 776--779
[]\TU/lmr/bx/n/10 基线2：协议固定、参数可调。
 []


Overfull \hbox (4.8229pt too wide) in paragraph at lines 776--779
\OML/cmm/m/it/10 q$
 []


Overfull \hbox (20.23605pt too wide) in paragraph at lines 776--779
\OML/cmm/m/it/10 M \OMS/cmsy/m/n/10 2
 []


Overfull \hbox (33.8889pt too wide) in paragraph at lines 776--779
\OMS/cmsy/m/n/10 f\OT1/cmr/m/n/10 1\OML/cmm/m/it/10 ; \OT1/cmr/m/n/10 2\OML/cmm
/m/it/10 ; \OT1/cmr/m/n/10 4\OMS/cmsy/m/n/10 g$ 
 []

Missing character: There is no 实 ("5B9E) in font nullfont!
Missing character: There is no 验 ("9A8C) in font nullfont!
Missing character: There is no 流 ("6D41) in font nullfont!
Missing character: There is no 程 ("7A0B) in font nullfont!
Missing character: There is no 包 ("5305) in font nullfont!
Missing character: There is no 括 ("62EC) in font nullfont!
Missing character: There is no 生 ("751F) in font nullfont!
Missing character: There is no 成 ("6210) in font nullfont!
Missing character: There is no 流 ("6D41) in font nullfont!
Missing character: There is no 量 ("91CF) in font nullfont!
Missing character: There is no 变 ("53D8) in font nullfont!
Missing character: There is no 化 ("5316) in font nullfont!
Missing character: There is no 序 ("5E8F) in font nullfont!
Missing character: There is no 列 ("5217) in font nullfont!
Missing character: There is no 、 ("3001) in font nullfont!
Missing character: There is no 提 ("63D0) in font nullfont!
Missing character: There is no 取 ("53D6) in font nullfont!
Missing character: There is no 窗 ("7A97) in font nullfont!
Missing character: There is no 口 ("53E3) in font nullfont!
Missing character: There is no 特 ("7279) in font nullfont!
Missing character: There is no 征 ("5F81) in font nullfont!
Missing character: There is no 、 ("3001) in font nullfont!
Missing character: There is no 在 ("5728) in font nullfont!
Missing character: There is no 线 ("7EBF) in font nullfont!
Missing character: There is no 搜 ("641C) in font nullfont!
Missing character: There is no 索 ("7D22) in font nullfont!
Missing character: There is no 与 ("4E0E) in font nullfont!
Missing character: There is no 协 ("534F) in font nullfont!
Missing character: There is no 议 ("8BAE) in font nullfont!
Missing character: There is no 切 ("5207) in font nullfont!
Missing character: There is no 换 ("6362) in font nullfont!
Missing character: There is no ， ("FF0C) in font nullfont!
Missing character: There is no 以 ("4EE5) in font nullfont!
Missing character: There is no 及 ("53CA) in font nullfont!
Missing character: There is no 对 ("5BF9) in font nullfont!
Missing character: There is no 比 ("6BD4) in font nullfont!
Missing character: There is no 最 ("6700) in font nullfont!
Missing character: There is no 优 ("4F18) in font nullfont!
Missing character: There is no 效 ("6548) in font nullfont!
Missing character: There is no 用 ("7528) in font nullfont!
Missing character: There is no 曲 ("66F2) in font nullfont!
Missing character: There is no 线 ("7EBF) in font nullfont!
Missing character: There is no 与 ("4E0E) in font nullfont!
Missing character: There is no 上 ("4E0A) in font nullfont!
Missing character: There is no 述 ("8FF0) in font nullfont!
Missing character: There is no 指 ("6307) in font nullfont!
Missing character: There is no 标 ("6807) in font nullfont!
Missing character: There is no 的 ("7684) in font nullfont!
Missing character: There is no 变 ("53D8) in font nullfont!
Missing character: There is no 化 ("5316) in font nullfont!
Missing character: There is no 趋 ("8D8B) in font nullfont!
Missing character: There is no 势 ("52BF) in font nullfont!
Missing character: There is no 。 ("3002) in font nullfont!
Missing character: There is no 实 ("5B9E) in font nullfont!
Missing character: There is no 验 ("9A8C) in font nullfont!
Missing character: There is no 结 ("7ED3) in font nullfont!
Missing character: There is no 果 ("679C) in font nullfont!
Missing character: There is no 如 ("5982) in font nullfont!
Missing character: There is no 图 ("56FE) in font nullfont!
! Undefined control sequence.
<write> ...g:utility_vs_traffic' on page \thepage 
                                                  \space undefined\on@line .^^J
l.781 ...的变化趋势。实验结果如图~\ref{fig:utility_vs_traffic}
                                                   所示，展示了连续切换窗口下推荐策略与单一协议策略的...
The control sequence at the end of the top line
of your error message was never \def'ed. If you have
misspelled it (e.g., `\hobx'), type `I' and the correct
spelling (e.g., `I\hbox'). Otherwise just continue,
and I'll forget about whatever was undefined.


LaTeX Warning: Reference `fig:utility_vs_traffic' on page  undefined on input l
ine 781.

Missing character: There is no 所 ("6240) in font nullfont!
Missing character: There is no 示 ("793A) in font nullfont!
Missing character: There is no ， ("FF0C) in font nullfont!
Missing character: There is no 展 ("5C55) in font nullfont!
Missing character: There is no 示 ("793A) in font nullfont!
Missing character: There is no 了 ("4E86) in font nullfont!
Missing character: There is no 连 ("8FDE) in font nullfont!
Missing character: There is no 续 ("7EED) in font nullfont!
Missing character: There is no 切 ("5207) in font nullfont!
Missing character: There is no 换 ("6362) in font nullfont!
Missing character: There is no 窗 ("7A97) in font nullfont!
Missing character: There is no 口 ("53E3) in font nullfont!
Missing character: There is no 下 ("4E0B) in font nullfont!
Missing character: There is no 推 ("63A8) in font nullfont!
Missing character: There is no 荐 ("8350) in font nullfont!
Missing character: There is no 策 ("7B56) in font nullfont!
Missing character: There is no 略 ("7565) in font nullfont!
Missing character: There is no 与 ("4E0E) in font nullfont!
Missing character: There is no 单 ("5355) in font nullfont!
Missing character: There is no 一 ("4E00) in font nullfont!
Missing character: There is no 协 ("534F) in font nullfont!
Missing character: There is no 议 ("8BAE) in font nullfont!
Missing character: There is no 策 ("7B56) in font nullfont!
Missing character: There is no 略 ("7565) in font nullfont!
Missing character: There is no 的 ("7684) in font nullfont!
Missing character: There is no 性 ("6027) in font nullfont!
Missing character: There is no 能 ("80FD) in font nullfont!
Missing character: There is no 对 ("5BF9) in font nullfont!
Missing character: There is no 比 ("6BD4) in font nullfont!
Missing character: There is no 。 ("3002) in font nullfont!

Overfull \hbox (30.86pt too wide) in paragraph at lines 781--782
[] []
 []


! LaTeX Error: Environment figure undefined.

See the LaTeX manual or LaTeX Companion for explanation.
Type  H <return>  for immediate help.
 ...                                              
                                                  
l.783 \begin{figure}
                    [htbp]
Your command was ignored.
Type  I <command> <return>  to replace it with another command,
or  <return>  to continue without it.

Missing character: There is no [ ("5B) in font nullfont!
Missing character: There is no h ("68) in font nullfont!
Missing character: There is no t ("74) in font nullfont!
Missing character: There is no b ("62) in font nullfont!
Missing character: There is no p ("70) in font nullfont!
Missing character: There is no ] ("5D) in font nullfont!
! Undefined control sequence.
l.785 ^^I\includegraphics
                         [width=0.99\textwidth]{figure/chap5/utility_dynamic...
The control sequence at the end of the top line
of your error message was never \def'ed. If you have
misspelled it (e.g., `\hobx'), type `I' and the correct
spelling (e.g., `I\hbox'). Otherwise just continue,
and I'll forget about whatever was undefined.

Missing character: There is no [ ("5B) in font nullfont!
Missing character: There is no w ("77) in font nullfont!
Missing character: There is no i ("69) in font nullfont!
Missing character: There is no d ("64) in font nullfont!
Missing character: There is no t ("74) in font nullfont!
Missing character: There is no h ("68) in font nullfont!
Missing character: There is no = ("3D) in font nullfont!
Missing character: There is no 0 ("30) in font nullfont!
Missing character: There is no . ("2E) in font nullfont!
Missing character: There is no 9 ("39) in font nullfont!
Missing character: There is no 9 ("39) in font nullfont!
! Missing number, treated as zero.
<to be read again> 
                   ]
l.785 ^^I\includegraphics[width=0.99\textwidth]
                                               {figure/chap5/utility_dynamic...
A number should have been here; I inserted `0'.
(If you can't figure out why I needed to see a number,
look up `weird error' in the index to The TeXbook.)

! Illegal unit of measure (pt inserted).
<to be read again> 
                   ]
l.785 ^^I\includegraphics[width=0.99\textwidth]
                                               {figure/chap5/utility_dynamic...
Dimensions can be in units of em, ex, in, pt, pc,
cm, mm, dd, cc, bp, or sp; but yours is a new one!
I'll assume that you meant to say pt, for printer's points.
To recover gracefully from this error, it's best to
delete the erroneous units; e.g., type `2' to delete
two letters. (See Chapter 27 of The TeXbook.)

Missing character: There is no ] ("5D) in font nullfont!
Missing character: There is no f ("66) in font nullfont!
Missing character: There is no i ("69) in font nullfont!
Missing character: There is no g ("67) in font nullfont!
Missing character: There is no u ("75) in font nullfont!
Missing character: There is no r ("72) in font nullfont!
Missing character: There is no e ("65) in font nullfont!
Missing character: There is no / ("2F) in font nullfont!
Missing character: There is no c ("63) in font nullfont!
Missing character: There is no h ("68) in font nullfont!
Missing character: There is no a ("61) in font nullfont!
Missing character: There is no p ("70) in font nullfont!
Missing character: There is no 5 ("35) in font nullfont!
Missing character: There is no / ("2F) in font nullfont!
Missing character: There is no u ("75) in font nullfont!
Missing character: There is no t ("74) in font nullfont!
Missing character: There is no i ("69) in font nullfont!
Missing character: There is no l ("6C) in font nullfont!
Missing character: There is no i ("69) in font nullfont!
Missing character: There is no t ("74) in font nullfont!
Missing character: There is no y ("79) in font nullfont!
! Missing $ inserted.
<inserted text> 
                $
l.785 ...dth=0.99\textwidth]{figure/chap5/utility_
                                                  dynamic_combined.pdf}
I've inserted a begin-math/end-math symbol since I think
you left one out. Proceed, with fingers crossed.

! Extra }, or forgotten $.
l.785 ...igure/chap5/utility_dynamic_combined.pdf}
                                                  
I've deleted a group-closing symbol because it seems to be
spurious, as in `$x}$'. But perhaps the } is legitimate and
you forgot something else, as in `\hbox{$x}'. In such cases
the way to recover is to insert both the forgotten and the
deleted material, e.g., by typing `I$}'.


! LaTeX Error: \caption outside float.

See the LaTeX manual or LaTeX Companion for explanation.
Type  H <return>  for immediate help.
 ...                                              
                                                  
l.786 ^^I\caption
                 {动态业务场景下代理模型推荐策略与基线策略的效用对比。横坐标表示按时序排列的协议切换窗口编号，纵坐标表示对应的综合效用...

You're in trouble here.  Try typing  <return>  to proceed.
If that doesn't work, type  X <return>  to quit.

! Missing } inserted.
<inserted text> 
                }
l.786 ...略的效用对比。横坐标表示按时序排列的协议切换窗口编号，纵坐标表示对应的综合效用 $
                                                  U(\tilde{\mathbf{y}})$。}
I've inserted something that you may have forgotten.
(See the <inserted text> above.)
With luck, this will get me unwedged. But if you
really didn't forget anything, try typing `2' now; then
my insertion and my current dilemma will both disappear.

Missing character: There is no 动 ("52A8) in font cmr10!
Missing character: There is no 态 ("6001) in font cmr10!
Missing character: There is no 业 ("4E1A) in font cmr10!
Missing character: There is no 务 ("52A1) in font cmr10!
Missing character: There is no 场 ("573A) in font cmr10!
Missing character: There is no 景 ("666F) in font cmr10!
Missing character: There is no 下 ("4E0B) in font cmr10!
Missing character: There is no 代 ("4EE3) in font cmr10!
Missing character: There is no 理 ("7406) in font cmr10!
Missing character: There is no 模 ("6A21) in font cmr10!
Missing character: There is no 型 ("578B) in font cmr10!
Missing character: There is no 推 ("63A8) in font cmr10!
Missing character: There is no 荐 ("8350) in font cmr10!
Missing character: There is no 策 ("7B56) in font cmr10!
Missing character: There is no 略 ("7565) in font cmr10!
Missing character: There is no 与 ("4E0E) in font cmr10!
Missing character: There is no 基 ("57FA) in font cmr10!
Missing character: There is no 线 ("7EBF) in font cmr10!
Missing character: There is no 策 ("7B56) in font cmr10!
Missing character: There is no 略 ("7565) in font cmr10!
Missing character: There is no 的 ("7684) in font cmr10!
Missing character: There is no 效 ("6548) in font cmr10!
Missing character: There is no 用 ("7528) in font cmr10!
Missing character: There is no 对 ("5BF9) in font cmr10!
Missing character: There is no 比 ("6BD4) in font cmr10!
Missing character: There is no 。 ("3002) in font cmr10!
Missing character: There is no 横 ("6A2A) in font cmr10!
Missing character: There is no 坐 ("5750) in font cmr10!
Missing character: There is no 标 ("6807) in font cmr10!
Missing character: There is no 表 ("8868) in font cmr10!
Missing character: There is no 示 ("793A) in font cmr10!
Missing character: There is no 按 ("6309) in font cmr10!
Missing character: There is no 时 ("65F6) in font cmr10!
Missing character: There is no 序 ("5E8F) in font cmr10!
Missing character: There is no 排 ("6392) in font cmr10!
Missing character: There is no 列 ("5217) in font cmr10!
Missing character: There is no 的 ("7684) in font cmr10!
Missing character: There is no 协 ("534F) in font cmr10!
Missing character: There is no 议 ("8BAE) in font cmr10!
Missing character: There is no 切 ("5207) in font cmr10!
Missing character: There is no 换 ("6362) in font cmr10!
Missing character: There is no 窗 ("7A97) in font cmr10!
Missing character: There is no 口 ("53E3) in font cmr10!
Missing character: There is no 编 ("7F16) in font cmr10!
Missing character: There is no 号 ("53F7) in font cmr10!
Missing character: There is no ， ("FF0C) in font cmr10!
Missing character: There is no 纵 ("7EB5) in font cmr10!
Missing character: There is no 坐 ("5750) in font cmr10!
Missing character: There is no 标 ("6807) in font cmr10!
Missing character: There is no 表 ("8868) in font cmr10!
Missing character: There is no 示 ("793A) in font cmr10!
Missing character: There is no 对 ("5BF9) in font cmr10!
Missing character: There is no 应 ("5E94) in font cmr10!
Missing character: There is no 的 ("7684) in font cmr10!
Missing character: There is no 综 ("7EFC) in font cmr10!
Missing character: There is no 合 ("5408) in font cmr10!
Missing character: There is no 效 ("6548) in font cmr10!
Missing character: There is no 用 ("7528) in font cmr10!
Missing character: There is no U ("55) in font nullfont!
Missing character: There is no ( ("28) in font nullfont!
! Missing $ inserted.
<inserted text> 
                $
l.786 ...坐标表示按时序排列的协议切换窗口编号，纵坐标表示对应的综合效用 $U(\tilde
                                                  {\mathbf{y}})$。}
I've inserted a begin-math/end-math symbol since I think
you left one out. Proceed, with fingers crossed.

Missing character: There is no 。 ("3002) in font nullfont!

! LaTeX Error: \begin{document} ended by \end{figure}.

See the LaTeX manual or LaTeX Companion for explanation.
Type  H <return>  for immediate help.
 ...                                              
                                                  
l.788 \end{figure}
                  
Your command was ignored.
Type  I <command> <return>  to replace it with another command,
or  <return>  to continue without it.


Overfull \hbox (20.0pt too wide) in paragraph at lines 783--789
[]
 []


Overfull \hbox (106.50444pt too wide) in paragraph at lines 783--789
[]\OML/cmm/m/it/10 ynamic[]ombined:pdf[]$$[]\OT1/cmr/m/n/10 )$
 []

! Undefined control sequence.
l.793 \section
              {本章小结}
The control sequence at the end of the top line
of your error message was never \def'ed. If you have
misspelled it (e.g., `\hobx'), type `I' and the correct
spelling (e.g., `I\hbox'). Otherwise just continue,
and I'll forget about whatever was undefined.

Missing character: There is no 本 ("672C) in font nullfont!
Missing character: There is no 章 ("7AE0) in font nullfont!
Missing character: There is no 小 ("5C0F) in font nullfont!
Missing character: There is no 结 ("7ED3) in font nullfont!

Overfull \hbox (20.0pt too wide) in paragraph at lines 793--794
[] 
 []

Missing character: There is no 本 ("672C) in font nullfont!
Missing character: There is no 章 ("7AE0) in font nullfont!
Missing character: There is no 提 ("63D0) in font nullfont!
Missing character: There is no 出 ("51FA) in font nullfont!
Missing character: There is no 了 ("4E86) in font nullfont!
Missing character: There is no 一 ("4E00) in font nullfont!
Missing character: There is no 种 ("79CD) in font nullfont!
Missing character: There is no 基 ("57FA) in font nullfont!
Missing character: There is no 于 ("4E8E) in font nullfont!
Missing character: There is no 监 ("76D1) in font nullfont!
Missing character: There is no 督 ("7763) in font nullfont!
Missing character: There is no 学 ("5B66) in font nullfont!
Missing character: There is no 习 ("4E60) in font nullfont!
Missing character: There is no 的 ("7684) in font nullfont!
Missing character: There is no 智 ("667A) in font nullfont!
Missing character: There is no 能 ("80FD) in font nullfont!
Missing character: There is no 协 ("534F) in font nullfont!
Missing character: There is no 议 ("8BAE) in font nullfont!
Missing character: There is no 与 ("4E0E) in font nullfont!
Missing character: There is no 参 ("53C2) in font nullfont!
Missing character: There is no 数 ("6570) in font nullfont!
Missing character: There is no 联 ("8054) in font nullfont!
Missing character: There is no 合 ("5408) in font nullfont!
Missing character: There is no 选 ("9009) in font nullfont!
Missing character: There is no 择 ("62E9) in font nullfont!
Missing character: There is no 方 ("65B9) in font nullfont!
Missing character: There is no 法 ("6CD5) in font nullfont!
Missing character: There is no ， ("FF0C) in font nullfont!
Missing character: There is no 旨 ("65E8) in font nullfont!
Missing character: There is no 在 ("5728) in font nullfont!
Missing character: There is no 解 ("89E3) in font nullfont!
Missing character: There is no 决 ("51B3) in font nullfont!
Missing character: There is no 传 ("4F20) in font nullfont!
Missing character: There is no 统 ("7EDF) in font nullfont!
Missing character: There is no 单 ("5355) in font nullfont!
Missing character: There is no 一 ("4E00) in font nullfont!
Missing character: There is no 接 ("63A5) in font nullfont!
Missing character: There is no 入 ("5165) in font nullfont!
Missing character: There is no 协 ("534F) in font nullfont!
Missing character: There is no 议 ("8BAE) in font nullfont!
Missing character: There is no 在 ("5728) in font nullfont!
Missing character: There is no 复 ("590D) in font nullfont!
Missing character: There is no 杂 ("6742) in font nullfont!
Missing character: There is no 多 ("591A) in font nullfont!
Missing character: There is no 变 ("53D8) in font nullfont!
Missing character: There is no 业 ("4E1A) in font nullfont!
Missing character: There is no 务 ("52A1) in font nullfont!
Missing character: There is no 场 ("573A) in font nullfont!
Missing character: There is no 景 ("666F) in font nullfont!
Missing character: There is no 下 ("4E0B) in font nullfont!
Missing character: There is no 的 ("7684) in font nullfont!
Missing character: There is no 性 ("6027) in font nullfont!
Missing character: There is no 能 ("80FD) in font nullfont!
Missing character: There is no 局 ("5C40) in font nullfont!
Missing character: There is no 限 ("9650) in font nullfont!
Missing character: There is no 性 ("6027) in font nullfont!
Missing character: There is no 。 ("3002) in font nullfont!
Missing character: There is no 首 ("9996) in font nullfont!
Missing character: There is no 先 ("5148) in font nullfont!
Missing character: There is no ， ("FF0C) in font nullfont!
Missing character: There is no 我 ("6211) in font nullfont!
Missing character: There is no 们 ("4EEC) in font nullfont!
Missing character: There is no 设 ("8BBE) in font nullfont!
Missing character: There is no 计 ("8BA1) in font nullfont!
Missing character: There is no 了 ("4E86) in font nullfont!
Missing character: There is no 一 ("4E00) in font nullfont!
Missing character: There is no 个 ("4E2A) in font nullfont!
Missing character: There is no 统 ("7EDF) in font nullfont!
Missing character: There is no 一 ("4E00) in font nullfont!
Missing character: There is no 的 ("7684) in font nullfont!
Missing character: There is no 接 ("63A5) in font nullfont!
Missing character: There is no 入 ("5165) in font nullfont!
Missing character: There is no 框 ("6846) in font nullfont!
Missing character: There is no 架 ("67B6) in font nullfont!
Missing character: There is no ， ("FF0C) in font nullfont!
Missing character: There is no 通 ("901A) in font nullfont!
Missing character: There is no 过 ("8FC7) in font nullfont!
Missing character: There is no 标 ("6807) in font nullfont!
Missing character: There is no 准 ("51C6) in font nullfont!
Missing character: There is no 化 ("5316) in font nullfont!
Missing character: There is no 的 ("7684) in font nullfont!
Missing character: There is no 输 ("8F93) in font nullfont!
Missing character: There is no 入 ("5165) in font nullfont!
Missing character: There is no 特 ("7279) in font nullfont!
Missing character: There is no 征 ("5F81) in font nullfont!
Missing character: There is no 向 ("5411) in font nullfont!
Missing character: There is no 量 ("91CF) in font nullfont!
Missing character: There is no ， ("FF0C) in font nullfont!
Missing character: There is no 对 ("5BF9) in font nullfont!
Missing character: There is no 不 ("4E0D) in font nullfont!
Missing character: There is no 同 ("540C) in font nullfont!
Missing character: There is no 的 ("7684) in font nullfont!
Missing character: There is no 业 ("4E1A) in font nullfont!
Missing character: There is no 务 ("52A1) in font nullfont!
Missing character: There is no 流 ("6D41) in font nullfont!
Missing character: There is no 量 ("91CF) in font nullfont!
Missing character: There is no 、 ("3001) in font nullfont!
Missing character: There is no 网 ("7F51) in font nullfont!
Missing character: There is no 络 ("7EDC) in font nullfont!
Missing character: There is no 规 ("89C4) in font nullfont!
Missing character: There is no 模 ("6A21) in font nullfont!
Missing character: There is no 和 ("548C) in font nullfont!
Missing character: There is no 协 ("534F) in font nullfont!
Missing character: There is no 议 ("8BAE) in font nullfont!
Missing character: There is no 参 ("53C2) in font nullfont!
Missing character: There is no 数 ("6570) in font nullfont!
Missing character: There is no 进 ("8FDB) in font nullfont!
Missing character: There is no 行 ("884C) in font nullfont!
Missing character: There is no 统 ("7EDF) in font nullfont!
Missing character: There is no 一 ("4E00) in font nullfont!
Missing character: There is no 建 ("5EFA) in font nullfont!
Missing character: There is no 模 ("6A21) in font nullfont!
Missing character: There is no 。 ("3002) in font nullfont!
Missing character: There is no 随 ("968F) in font nullfont!
Missing character: There is no 后 ("540E) in font nullfont!
Missing character: There is no ， ("FF0C) in font nullfont!
Missing character: There is no 为 ("4E3A) in font nullfont!
Missing character: There is no 克 ("514B) in font nullfont!
Missing character: There is no 服 ("670D) in font nullfont!
Missing character: There is no 传 ("4F20) in font nullfont!
Missing character: There is no 统 ("7EDF) in font nullfont!
Missing character: There is no 网 ("7F51) in font nullfont!
Missing character: There is no 络 ("7EDC) in font nullfont!
Missing character: There is no 仿 ("4EFF) in font nullfont!
Missing character: There is no 真 ("771F) in font nullfont!
Missing character: There is no 的 ("7684) in font nullfont!
Missing character: There is no 高 ("9AD8) in font nullfont!
Missing character: There is no 时 ("65F6) in font nullfont!
Missing character: There is no 间 ("95F4) in font nullfont!
Missing character: There is no 成 ("6210) in font nullfont!
Missing character: There is no 本 ("672C) in font nullfont!
Missing character: There is no ， ("FF0C) in font nullfont!
Missing character: There is no 我 ("6211) in font nullfont!
Missing character: There is no 们 ("4EEC) in font nullfont!
Missing character: There is no 构 ("6784) in font nullfont!
Missing character: There is no 建 ("5EFA) in font nullfont!
Missing character: There is no 了 ("4E86) in font nullfont!
Missing character: There is no 代 ("4EE3) in font nullfont!
Missing character: There is no 理 ("7406) in font nullfont!
Missing character: There is no 模 ("6A21) in font nullfont!
Missing character: There is no 型 ("578B) in font nullfont!
Missing character: There is no ， ("FF0C) in font nullfont!
Missing character: There is no 并 ("5E76) in font nullfont!
Missing character: There is no 利 ("5229) in font nullfont!
Missing character: There is no 用 ("7528) in font nullfont!
Missing character: There is no 多 ("591A) in font nullfont!
Missing character: There is no 任 ("4EFB) in font nullfont!
Missing character: There is no 务 ("52A1) in font nullfont!
Missing character: There is no 深 ("6DF1) in font nullfont!
Missing character: There is no 度 ("5EA6) in font nullfont!
Missing character: There is no 神 ("795E) in font nullfont!
Missing character: There is no 经 ("7ECF) in font nullfont!
Missing character: There is no 网 ("7F51) in font nullfont!
Missing character: There is no 络 ("7EDC) in font nullfont!
Missing character: There is no 学 ("5B66) in font nullfont!
Missing character: There is no 习 ("4E60) in font nullfont!
Missing character: There is no 并 ("5E76) in font nullfont!
Missing character: There is no 复 ("590D) in font nullfont!
Missing character: There is no 现 ("73B0) in font nullfont!
Missing character: There is no 从 ("4ECE) in font nullfont!
Missing character: There is no 输 ("8F93) in font nullfont!
Missing character: There is no 入 ("5165) in font nullfont!
Missing character: There is no 特 ("7279) in font nullfont!
Missing character: There is no 征 ("5F81) in font nullfont!
Missing character: There is no 到 ("5230) in font nullfont!
Missing character: There is no 多 ("591A) in font nullfont!
Missing character: There is no 维 ("7EF4) in font nullfont!
Missing character: There is no 性 ("6027) in font nullfont!
Missing character: There is no 能 ("80FD) in font nullfont!
Missing character: There is no 指 ("6307) in font nullfont!
Missing character: There is no 标 ("6807) in font nullfont!
Missing character: There is no 的 ("7684) in font nullfont!
Missing character: There is no 复 ("590D) in font nullfont!
Missing character: There is no 杂 ("6742) in font nullfont!
Missing character: There is no 映 ("6620) in font nullfont!
Missing character: There is no 射 ("5C04) in font nullfont!
Missing character: There is no 关 ("5173) in font nullfont!
Missing character: There is no 系 ("7CFB) in font nullfont!
Missing character: There is no 。 ("3002) in font nullfont!
Missing character: There is no 最 ("6700) in font nullfont!
Missing character: There is no 后 ("540E) in font nullfont!
Missing character: There is no ， ("FF0C) in font nullfont!
Missing character: There is no 基 ("57FA) in font nullfont!
Missing character: There is no 于 ("4E8E) in font nullfont!
Missing character: There is no 训 ("8BAD) in font nullfont!
Missing character: There is no 练 ("7EC3) in font nullfont!
Missing character: There is no 好 ("597D) in font nullfont!
Missing character: There is no 的 ("7684) in font nullfont!
Missing character: There is no 、 ("3001) in font nullfont!
Missing character: There is no 能 ("80FD) in font nullfont!
Missing character: There is no 够 ("591F) in font nullfont!
Missing character: There is no 进 ("8FDB) in font nullfont!
Missing character: There is no 行 ("884C) in font nullfont!
Missing character: There is no 毫 ("6BEB) in font nullfont!
Missing character: There is no 秒 ("79D2) in font nullfont!
Missing character: There is no 级 ("7EA7) in font nullfont!
Missing character: There is no 预 ("9884) in font nullfont!
Missing character: There is no 测 ("6D4B) in font nullfont!
Missing character: There is no 的 ("7684) in font nullfont!
Missing character: There is no 代 ("4EE3) in font nullfont!
Missing character: There is no 理 ("7406) in font nullfont!
Missing character: There is no 模 ("6A21) in font nullfont!
Missing character: There is no 型 ("578B) in font nullfont!
Missing character: There is no ， ("FF0C) in font nullfont!
Missing character: There is no 将 ("5C06) in font nullfont!
Missing character: There is no 原 ("539F) in font nullfont!
Missing character: There is no 先 ("5148) in font nullfont!
Missing character: There is no 难 ("96BE) in font nullfont!
Missing character: There is no 以 ("4EE5) in font nullfont!
Missing character: There is no 处 ("5904) in font nullfont!
Missing character: There is no 理 ("7406) in font nullfont!
Missing character: There is no 的 ("7684) in font nullfont!
Missing character: There is no 协 ("534F) in font nullfont!
Missing character: There is no 议 ("8BAE) in font nullfont!
Missing character: There is no 优 ("4F18) in font nullfont!
Missing character: There is no 化 ("5316) in font nullfont!
Missing character: There is no 问 ("95EE) in font nullfont!
Missing character: There is no 题 ("9898) in font nullfont!
Missing character: There is no 转 ("8F6C) in font nullfont!
Missing character: There is no 化 ("5316) in font nullfont!
Missing character: There is no 为 ("4E3A) in font nullfont!
Missing character: There is no 一 ("4E00) in font nullfont!
Missing character: There is no 个 ("4E2A) in font nullfont!
Missing character: There is no 可 ("53EF) in font nullfont!
Missing character: There is no 由 ("7531) in font nullfont!
Missing character: There is no 高 ("9AD8) in font nullfont!
Missing character: There is no 效 ("6548) in font nullfont!
Missing character: There is no 搜 ("641C) in font nullfont!
Missing character: There is no 索 ("7D22) in font nullfont!
Missing character: There is no 算 ("7B97) in font nullfont!
Missing character: There is no 法 ("6CD5) in font nullfont!
Missing character: There is no 求 ("6C42) in font nullfont!
Missing character: There is no 解 ("89E3) in font nullfont!
Missing character: There is no 的 ("7684) in font nullfont!
Missing character: There is no 数 ("6570) in font nullfont!
Missing character: There is no 学 ("5B66) in font nullfont!
Missing character: There is no 问 ("95EE) in font nullfont!
Missing character: There is no 题 ("9898) in font nullfont!
Missing character: There is no 。 ("3002) in font nullfont!

Overfull \hbox (20.0pt too wide) in paragraph at lines 795--796
[] 
 []

Missing character: There is no 综 ("7EFC) in font nullfont!
Missing character: There is no 上 ("4E0A) in font nullfont!
Missing character: There is no 所 ("6240) in font nullfont!
Missing character: There is no 述 ("8FF0) in font nullfont!
Missing character: There is no ， ("FF0C) in font nullfont!
Missing character: There is no 本 ("672C) in font nullfont!
Missing character: There is no 章 ("7AE0) in font nullfont!
Missing character: There is no 通 ("901A) in font nullfont!
Missing character: There is no 过 ("8FC7) in font nullfont!
Missing character: There is no 统 ("7EDF) in font nullfont!
Missing character: There is no 一 ("4E00) in font nullfont!
Missing character: There is no 框 ("6846) in font nullfont!
Missing character: There is no 架 ("67B6) in font nullfont!
Missing character: There is no 设 ("8BBE) in font nullfont!
Missing character: There is no 计 ("8BA1) in font nullfont!
Missing character: There is no 、 ("3001) in font nullfont!
Missing character: There is no 代 ("4EE3) in font nullfont!
Missing character: There is no 理 ("7406) in font nullfont!
Missing character: There is no 模 ("6A21) in font nullfont!
Missing character: There is no 型 ("578B) in font nullfont!
Missing character: There is no 构 ("6784) in font nullfont!
Missing character: There is no 建 ("5EFA) in font nullfont!
Missing character: There is no 与 ("4E0E) in font nullfont!
Missing character: There is no 快 ("5FEB) in font nullfont!
Missing character: There is no 速 ("901F) in font nullfont!
Missing character: There is no 优 ("4F18) in font nullfont!
Missing character: There is no 化 ("5316) in font nullfont!
Missing character: There is no 求 ("6C42) in font nullfont!
Missing character: There is no 解 ("89E3) in font nullfont!
Missing character: There is no ， ("FF0C) in font nullfont!
Missing character: There is no 为 ("4E3A) in font nullfont!
Missing character: There is no 实 ("5B9E) in font nullfont!
Missing character: There is no 现 ("73B0) in font nullfont!
Missing character: There is no 随 ("968F) in font nullfont!
Missing character: There is no 机 ("673A) in font nullfont!
Missing character: There is no 接 ("63A5) in font nullfont!
Missing character: There is no 入 ("5165) in font nullfont!
Missing character: There is no 机 ("673A) in font nullfont!
Missing character: There is no 制 ("5236) in font nullfont!
Missing character: There is no 的 ("7684) in font nullfont!
Missing character: There is no 智 ("667A) in font nullfont!
Missing character: There is no 能 ("80FD) in font nullfont!
Missing character: There is no 化 ("5316) in font nullfont!
Missing character: There is no 和 ("548C) in font nullfont!
Missing character: There is no 自 ("81EA) in font nullfont!
Missing character: There is no 适 ("9002) in font nullfont!
Missing character: There is no 应 ("5E94) in font nullfont!
Missing character: There is no 化 ("5316) in font nullfont!
Missing character: There is no 提 ("63D0) in font nullfont!
Missing character: There is no 供 ("4F9B) in font nullfont!
Missing character: There is no 了 ("4E86) in font nullfont!
Missing character: There is no 完 ("5B8C) in font nullfont!
Missing character: There is no 整 ("6574) in font nullfont!
Missing character: There is no 的 ("7684) in font nullfont!
Missing character: There is no 理 ("7406) in font nullfont!
Missing character: There is no 论 ("8BBA) in font nullfont!
Missing character: There is no 与 ("4E0E) in font nullfont!
Missing character: There is no 实 ("5B9E) in font nullfont!
Missing character: There is no 践 ("8DF5) in font nullfont!
Missing character: There is no 基 ("57FA) in font nullfont!
Missing character: There is no 础 ("7840) in font nullfont!
Missing character: There is no 。 ("3002) in font nullfont!
)
! Emergency stop.
<*> Chapter_05.tex
                  
*** (job aborted, no legal \end found)

 
Here is how much of TeX's memory you used:
 97 strings out of 476179
 1749 string characters out of 5813072
 323507 words of memory out of 5000000
 20936 multiletter control sequences out of 15000+600000
 470505 words of font info for 34 fonts, out of 8000000 for 9000
 1348 hyphenation exceptions out of 8191
 26i,12n,28p,460b,262s stack positions out of 10000i,1000n,20000p,200000b,200000s
Output written on Chapter_05.pdf (1 page).
